"","date","SMB"
"1",2010-01-04,-0.00555475056171417
"2",2010-01-05,-0.0043679615482688
"3",2010-01-06,0.0138460928574204
"4",2010-01-07,0.00947923492640257
"5",2010-01-08,0.00874205026775599
"6",2010-01-11,0.00941072963178158
"7",2010-01-12,0.00410860497504473
"8",2010-01-13,0.00576819432899356
"9",2010-01-14,-0.000702161574736238
"10",2010-01-15,0.00973328202962875
"11",2010-01-18,0.00311387935653329
"12",2010-01-19,0.00101684872061014
"13",2010-01-20,0.00310699455440044
"14",2010-01-21,-0.00499232485890388
"15",2010-01-22,0.0010017161257565
"16",2010-01-26,-0.00280928984284401
"17",2010-01-27,-0.00410623336210847
"18",2010-01-28,-0.00303749786689878
"19",2010-01-29,0.00388486031442881
"20",2010-02-01,-0.00163315143436193
"21",2010-02-02,0.00494923954829574
"22",2010-02-03,-0.00131091545335948
"23",2010-02-04,-0.00410598516464233
"24",2010-02-05,-0.00681876204907894
"25",2010-02-08,0.00476455735042691
"26",2010-02-09,-0.00145328603684902
"27",2010-02-10,0.00877464842051268
"28",2010-02-11,-0.00552783627063036
"29",2010-02-12,0.0103737777099013
"30",2010-02-18,0.00215118052437901
"31",2010-02-19,0.00332486932165921
"32",2010-02-22,0.00570662226527929
"33",2010-02-23,0.00342242792248726
"34",2010-02-25,-0.00360929616726935
"35",2010-02-26,0.00531730614602566
"36",2010-03-01,-0.00699656596407294
"37",2010-03-02,-0.000836004037410021
"38",2010-03-03,-0.0103420959785581
"39",2010-03-04,-0.0061877928674221
"40",2010-03-05,-0.0102427639067173
"41",2010-03-08,0.000574765726923943
"42",2010-03-09,-0.00917725078761578
"43",2010-03-10,-0.00288877263665199
"44",2010-03-11,-0.000306521513266489
"45",2010-03-12,0.000779874157160521
"46",2010-03-15,-0.00368609745055437
"47",2010-03-16,0.00427049025893211
"48",2010-03-17,-0.00433077663183212
"49",2010-03-18,0.0010192011250183
"50",2010-03-19,0.0148482266813517
"51",2010-03-22,-0.00745088141411543
"52",2010-03-23,-5.15123829245567e-05
"53",2010-03-24,-0.00061899283900857
"54",2010-03-25,0.00851920899003744
"55",2010-03-26,-0.0104768685996532
"56",2010-03-29,-0.0176421198993921
"57",2010-03-30,-0.00477882754057646
"58",2010-03-31,-0.00423044478520751
"59",2010-04-01,-0.00620834529399872
"60",2010-04-05,-0.00396416801959276
"61",2010-04-06,0.00291610392741859
"62",2010-04-07,0.000387671170756221
"63",2010-04-08,2.29105353355408e-07
"64",2010-04-09,0.00130259874276817
"65",2010-04-12,0.00844783615320921
"66",2010-04-13,0.000453981454484165
"67",2010-04-14,0.00739600881934166
"68",2010-04-15,9.09981317818165e-05
"69",2010-04-16,0.0027352012693882
"70",2010-04-19,-0.00446319160982966
"71",2010-04-20,-0.000916333636268973
"72",2010-04-22,0.00465694349259138
"73",2010-04-23,-0.00124061293900013
"74",2010-04-26,0.006865203846246
"75",2010-04-27,0.011845089495182
"76",2010-04-28,-0.00427053822204471
"77",2010-04-29,-0.00209574121981859
"78",2010-04-30,-0.00145340245217085
"79",2010-05-03,0.00664960127323866
"80",2010-05-04,0.0086798220872879
"81",2010-05-05,-0.0079113719984889
"82",2010-05-06,-0.00893112365156412
"83",2010-05-07,-0.0193312950432301
"84",2010-05-10,0.011181091889739
"85",2010-05-11,0.000399533193558455
"86",2010-05-12,0.00640590954571962
"87",2010-05-13,-0.00372640369459987
"88",2010-05-14,-0.00803154334425926
"89",2010-05-17,-0.0134593136608601
"90",2010-05-18,0.000649113208055496
"91",2010-05-19,-0.0145218567922711
"92",2010-05-20,0.00573893263936043
"93",2010-05-21,0.0103917699307203
"94",2010-05-24,-0.00678303558379412
"95",2010-05-25,0.00636634975671768
"96",2010-05-26,-0.00205510295927525
"97",2010-05-27,0.0120709780603647
"98",2010-05-28,0.0106345564126968
"99",2010-05-31,-0.00561266858130693
"100",2010-06-01,0.00480523612350225
"101",2010-06-02,-0.00379167404025793
"102",2010-06-04,0.00852086488157511
"103",2010-06-07,-0.00402286648750305
"104",2010-06-08,0.00372036872431636
"105",2010-06-09,0.00148338871076703
"106",2010-06-10,-0.00790128670632839
"107",2010-06-11,0.00264341570436954
"108",2010-06-14,0.000579924846533686
"109",2010-06-15,0.00302704516798258
"110",2010-06-16,-0.00161569751799107
"111",2010-06-17,0.00477368338033557
"112",2010-06-18,0.00240023387596011
"113",2010-06-21,-0.00177216669544578
"114",2010-06-22,-0.00194016133900732
"115",2010-06-23,-0.00794357620179653
"116",2010-06-24,0.00646536331623793
"117",2010-06-25,-0.00104689411818981
"118",2010-06-28,0.0121592041105032
"119",2010-06-29,0.000811150297522545
"120",2010-06-30,0.0188586302101612
"121",2010-07-01,-0.00927799381315708
"122",2010-07-02,0.00857271812856197
"123",2010-07-05,0.00940964836627245
"124",2010-07-06,-0.0119357146322727
"125",2010-07-07,-0.00137579999864101
"126",2010-07-08,0.00146424968261272
"127",2010-07-12,0.00296066049486399
"128",2010-07-13,-0.00468546710908413
"129",2010-07-14,0.011167804710567
"130",2010-07-15,0.00415371777489781
"131",2010-07-16,0.0102928541600704
"132",2010-07-19,-0.00597245059907436
"133",2010-07-20,-0.0115754632279277
"134",2010-07-21,0.00324471504427493
"135",2010-07-22,0.000166157260537148
"136",2010-07-23,-0.000298758968710899
"137",2010-07-26,-0.00219507608562708
"138",2010-07-27,-0.00649258401244879
"139",2010-07-28,0.000220416346564889
"140",2010-07-29,0.0083092488348484
"141",2010-07-30,0.00246537290513515
"142",2010-08-02,-0.00377664109691978
"143",2010-08-03,0.00226318510249257
"144",2010-08-04,0.000973195303231478
"145",2010-08-05,-0.000442980555817485
"146",2010-08-06,0.00569199630990624
"147",2010-08-09,0.0053667388856411
"148",2010-08-10,0.00617409404367208
"149",2010-08-11,-0.00131914205849171
"150",2010-08-12,-0.000785372452810407
"151",2010-08-13,0.00542353466153145
"152",2010-08-16,-0.000640398357063532
"153",2010-08-17,0.0062637235969305
"154",2010-08-18,0.00654544308781624
"155",2010-08-19,0.00273561989888549
"156",2010-08-20,-0.00354550639167428
"157",2010-08-23,0.0107320565730333
"158",2010-08-24,0.00182575639337301
"159",2010-08-25,-0.00264364061877131
"160",2010-08-26,0.0141578819602728
"161",2010-08-27,-0.00828834436833858
"162",2010-08-30,0.0125962728634477
"163",2010-08-31,-0.00602937396615744
"164",2010-09-01,-0.01271235011518
"165",2010-09-02,0.00797190144658089
"166",2010-09-03,0.00132539425976574
"167",2010-09-06,-7.76088563725352e-05
"168",2010-09-08,-0.00233129062689841
"169",2010-09-09,0.00407898984849453
"170",2010-09-10,-0.00338727794587612
"171",2010-09-13,-0.00579940993338823
"172",2010-09-14,-0.000442526710685343
"173",2010-09-15,-0.0063028302974999
"174",2010-09-16,0.00498121278360486
"175",2010-09-17,0.0118294013664126
"176",2010-09-20,-0.00307580921798944
"177",2010-09-21,0.00183463678695261
"178",2010-09-22,-0.00471237068995833
"179",2010-09-23,-0.00261874636635184
"180",2010-09-24,0.00580079155042768
"181",2010-09-27,0.00206100568175316
"182",2010-09-28,-0.00831859745085239
"183",2010-09-29,-0.00344655872322619
"184",2010-09-30,0.00357168447226286
"185",2010-10-01,0.00941873714327812
"186",2010-10-04,-0.00478780688717961
"187",2010-10-05,0.00163610372692347
"188",2010-10-06,0.00558199640363455
"189",2010-10-07,0.00397890154272318
"190",2010-10-08,-0.000544470734894276
"191",2010-10-11,0.00704016955569386
"192",2010-10-13,0.0058837179094553
"193",2010-10-14,0.0052095833234489
"194",2010-10-15,-0.000782072776928544
"195",2010-10-18,0.0034760176204145
"196",2010-10-19,-0.00843978486955166
"197",2010-10-20,0.00636278558522463
"198",2010-10-21,0.00658329948782921
"199",2010-10-22,0.0128844641149044
"200",2010-10-25,-0.00844783522188663
"201",2010-10-26,-0.00490700826048851
"202",2010-10-27,0.00470674829557538
"203",2010-10-28,-0.00498935533687472
"204",2010-10-29,-0.000499049201607704
"205",2010-11-01,0.000169484876096249
"206",2010-11-03,0.00497716758400202
"207",2010-11-04,-0.000288684852421284
"208",2010-11-05,0.00386192672885954
"209",2010-11-08,-0.00770572479814291
"210",2010-11-09,-0.0117942551150918
"211",2010-11-10,-0.0237189494073391
"212",2010-11-11,0.0128131369128823
"213",2010-11-12,-0.0129804853349924
"214",2010-11-16,0.000147523358464241
"215",2010-11-17,0.00507527124136686
"216",2010-11-18,0.00168051477521658
"217",2010-11-19,0.000793170882388949
"218",2010-11-22,0.000606926158070564
"219",2010-11-23,0.000777516514062881
"220",2010-11-24,-0.00286608003079891
"221",2010-11-25,0.00717588094994426
"222",2010-11-26,0.00663639511913061
"223",2010-11-29,-0.00836169999092817
"224",2010-11-30,0.00936193577945232
"225",2010-12-01,-0.0123158544301987
"226",2010-12-02,0.00393290864303708
"227",2010-12-03,-0.00683564646169543
"228",2010-12-06,0.00506305694580078
"229",2010-12-07,0.00471589062362909
"230",2010-12-08,-0.00148042757064104
"231",2010-12-09,-0.00797983631491661
"232",2010-12-10,-0.00226096622645855
"233",2010-12-13,-0.00351002020761371
"234",2010-12-14,0.00707328226417303
"235",2010-12-15,-0.00482846982777119
"236",2010-12-16,-0.00869093369692564
"237",2010-12-17,0.00297594629228115
"238",2010-12-20,0.00470572803169489
"239",2010-12-21,-0.0113130155950785
"240",2010-12-22,-0.0136006781831384
"241",2010-12-23,0.011227373033762
"242",2010-12-27,0.0072605088353157
"243",2010-12-28,0.00182461715303361
"244",2010-12-29,0.000554586760699749
"245",2010-12-30,0.00621230993419886
"246",2011-01-03,-0.00652623828500509
"247",2011-01-04,-0.00545684387907386
"248",2011-01-05,-0.0127786323428154
"249",2011-01-06,0.00410131877288222
"250",2011-01-07,0.000620213337242603
"251",2011-01-10,-0.00081390276318416
"252",2011-01-11,-0.00439206697046757
"253",2011-01-12,-0.00521582318469882
"254",2011-01-13,0.00061817467212677
"255",2011-01-14,0.0039561977609992
"256",2011-01-17,0.0033503717277199
"257",2011-01-18,0.00375495757907629
"258",2011-01-19,0.00336738023906946
"259",2011-01-20,0.00449422188103199
"260",2011-01-21,0.00473229493945837
"261",2011-01-24,-0.00122620025649667
"262",2011-01-26,-0.00677978992462158
"263",2011-01-27,-0.00825558789074421
"264",2011-01-28,-0.00392952933907509
"265",2011-01-31,0.00219403486698866
"266",2011-02-01,0.00252269860357046
"267",2011-02-02,0.0131929144263268
"268",2011-02-03,-0.0153155419975519
"269",2011-02-04,0.00493792071938515
"270",2011-02-07,-0.01134536229074
"271",2011-02-08,0.00478602107614279
"272",2011-02-09,0.00617284886538982
"273",2011-02-10,-0.00609182566404343
"274",2011-02-11,-0.0116888321936131
"275",2011-02-14,0.00318090198561549
"276",2011-02-15,0.000770248007029295
"277",2011-02-16,-0.00819264259189367
"278",2011-02-17,-0.00478725135326385
"279",2011-02-18,-0.000920546241104603
"280",2011-02-21,-0.00120255816727877
"281",2011-02-22,-0.00642890855669975
"282",2011-02-23,-0.00504993554204702
"283",2011-02-24,-0.000167420832440257
"284",2011-02-25,0.00252122944220901
"285",2011-02-28,0.00255814474076033
"286",2011-03-01,0.00386257423087955
"287",2011-03-02,-0.00877298042178154
"288",2011-03-03,-0.0023908382281661
"289",2011-03-04,-0.00612133461982012
"290",2011-03-10,-0.00454449653625488
"291",2011-03-11,0.00107743684202433
"292",2011-03-14,-0.00811430439352989
"293",2011-03-15,-0.00728677632287145
"294",2011-03-16,0.0119022484868765
"295",2011-03-17,0.00404910696670413
"296",2011-03-18,-0.00711664743721485
"297",2011-03-21,-0.00498069077730179
"298",2011-03-22,-0.00329742208123207
"299",2011-03-23,-0.000996129820123315
"300",2011-03-24,-0.00391572900116444
"301",2011-03-25,-0.00449557974934578
"302",2011-03-28,0.0096048079431057
"303",2011-03-29,-0.000897498801350594
"304",2011-03-30,-0.00215411093086004
"305",2011-03-31,0.00177552457898855
"306",2011-04-01,0.00512697920203209
"307",2011-04-04,3.68659384548664e-05
"308",2011-04-05,-0.00384467886760831
"309",2011-04-06,0.00306378770619631
"310",2011-04-07,0.000844172609504312
"311",2011-04-08,0.0068818461149931
"312",2011-04-11,0.00802698917686939
"313",2011-04-12,-0.000953763723373413
"314",2011-04-13,0.000637233024463058
"315",2011-04-14,0.00158660497982055
"316",2011-04-15,-0.00398587808012962
"317",2011-04-18,-0.0123425982892513
"318",2011-04-19,0.00411913730204105
"319",2011-04-20,0.0032100067473948
"320",2011-04-25,0.000168994884006679
"321",2011-04-26,-0.00394618883728981
"322",2011-04-27,0.00333052780479193
"323",2011-04-28,-0.00899952091276646
"324",2011-04-29,0.00709026819095016
"325",2011-05-02,-0.00165035808458924
"326",2011-05-03,-0.00219848845154047
"327",2011-05-04,0.00250541837885976
"328",2011-05-05,-0.00910767260938883
"329",2011-05-06,0.00112438015639782
"330",2011-05-09,0.00102764018811285
"331",2011-05-10,0.00317351426929235
"332",2011-05-11,0.00384746212512255
"333",2011-05-12,-0.000281690619885921
"334",2011-05-13,0.00339262746274471
"335",2011-05-16,0.000866595655679703
"336",2011-05-17,-0.00969467125833035
"337",2011-05-18,0.00357195269316435
"338",2011-05-19,-0.00944666098803282
"339",2011-05-20,-0.00384772359393537
"340",2011-05-23,-0.0110320188105106
"341",2011-05-24,-0.00678979232907295
"342",2011-05-25,0.00423821480944753
"343",2011-05-26,-0.0019216500222683
"344",2011-05-27,0.0056682568974793
"345",2011-05-30,0.0149584803730249
"346",2011-05-31,0.00482592172920704
"347",2011-06-01,0.00394846126437187
"348",2011-06-02,-0.0133305434137583
"349",2011-06-03,0.00859152432531118
"350",2011-06-06,0.0125690260902047
"351",2011-06-07,0.00135321565903723
"352",2011-06-08,0.000774165149778128
"353",2011-06-09,0.00090686371549964
"354",2011-06-10,0.00704564061015844
"355",2011-06-13,0.00342418439686298
"356",2011-06-14,-0.00147761846892536
"357",2011-06-15,-0.000537782907485962
"358",2011-06-16,-3.91155481338501e-08
"359",2011-06-17,0.00333942985162139
"360",2011-06-20,-0.00696551613509655
"361",2011-06-21,-0.00290036154910922
"362",2011-06-22,-0.00416312739253044
"363",2011-06-24,0.00658422522246838
"364",2011-06-27,-0.00613776501268148
"365",2011-06-28,-0.00237626396119595
"366",2011-06-29,-0.00208123028278351
"367",2011-06-30,0.0061886296607554
"368",2011-07-01,0.00339114852249622
"369",2011-07-04,0.00329117756336927
"370",2011-07-05,0.00496202148497105
"371",2011-07-06,0.0106155471876264
"372",2011-07-07,0.00996929779648781
"373",2011-07-08,0.00331618869677186
"374",2011-07-11,-0.0098017193377018
"375",2011-07-12,0.0032287104986608
"376",2011-07-13,-0.00294889509677887
"377",2011-07-14,-0.00343277864158154
"378",2011-07-15,0.0067607294768095
"379",2011-07-18,-0.00600772630423307
"380",2011-07-19,0.0024464251473546
"381",2011-07-20,-0.00233435584232211
"382",2011-07-21,0.00439320877194405
"383",2011-07-22,0.00984037015587091
"384",2011-07-25,0.00180160952731967
"385",2011-07-26,-0.00302431639283895
"386",2011-07-27,0.00224888511002064
"387",2011-07-28,-0.0021901112049818
"388",2011-07-29,-0.00141699565574527
"389",2011-08-01,0.00420725485309958
"390",2011-08-02,0.0014320258051157
"391",2011-08-03,-0.00883697532117367
"392",2011-08-04,-0.0180566273629665
"393",2011-08-05,-0.00538563914597034
"394",2011-08-08,-0.00860733538866043
"395",2011-08-09,-0.00375015661120415
"396",2011-08-10,0.00271974201314151
"397",2011-08-11,0.0138482302427292
"398",2011-08-12,0.00355902081355453
"399",2011-08-15,-0.00541168265044689
"400",2011-08-16,-8.48539639264345e-06
"401",2011-08-17,-0.00208021886646748
"402",2011-08-18,-0.00558646954596043
"403",2011-08-19,0.0101154092699289
"404",2011-08-22,0.00329552381299436
"405",2011-08-23,-0.00808240100741386
"406",2011-08-24,0.00714809261262417
"407",2011-08-25,0.00745180808007717
"408",2011-08-26,0.000802608206868172
"409",2011-08-29,0.00354385189712048
"410",2011-08-30,-0.00195302627980709
"411",2011-08-31,-0.00731045193970203
"412",2011-09-01,0.00303391553461552
"413",2011-09-02,0.00197320245206356
"414",2011-09-05,-0.000249408185482025
"415",2011-09-06,-0.0090943519026041
"416",2011-09-08,-0.0015308391302824
"417",2011-09-09,0.0068865604698658
"418",2011-09-12,-0.00168328243307769
"419",2011-09-13,-0.00489831250160933
"420",2011-09-14,-0.00813115760684013
"421",2011-09-15,0.0148777794092894
"422",2011-09-16,-0.00722935609519482
"423",2011-09-19,-0.000655772571917623
"424",2011-09-20,-0.00182669144123793
"425",2011-09-21,-0.00721578299999237
"426",2011-09-22,0.00656823813915253
"427",2011-09-23,0.0117658823728561
"428",2011-09-26,0.00146629707887769
"429",2011-09-27,0.00336600001901388
"430",2011-09-28,0.00566941266879439
"431",2011-09-29,-0.00255676684901118
"432",2011-09-30,0.00332133192569017
"433",2011-10-03,-0.00735114701092243
"434",2011-10-04,-0.00926283374428749
"435",2011-10-05,0.00351549265906215
"436",2011-10-06,0.0061491783708334
"437",2011-10-07,0.00742667727172375
"438",2011-10-10,-0.0124911237508059
"439",2011-10-11,-0.00204377481713891
"440",2011-10-13,0.00397855974733829
"441",2011-10-14,0.00627675605937839
"442",2011-10-17,-0.00755788385868073
"443",2011-10-18,-0.0096303578466177
"444",2011-10-19,0.00115922035183758
"445",2011-10-20,0.00653661089017987
"446",2011-10-21,-0.00557063799351454
"447",2011-10-24,-0.0165851358324289
"448",2011-10-25,0.000939894467592239
"449",2011-10-26,0.000106261111795902
"450",2011-10-27,-0.00223763659596443
"451",2011-10-28,0.00599725870415568
"452",2011-10-31,0.00541421724483371
"453",2011-11-01,0.000488855876028538
"454",2011-11-03,-0.0116206463426352
"455",2011-11-04,-0.00636218022555113
"456",2011-11-07,-0.00137433875352144
"457",2011-11-08,-0.000624374952167273
"458",2011-11-09,-0.0010579451918602
"459",2011-11-10,-0.00213959533721209
"460",2011-11-11,-0.00534201692789793
"461",2011-11-14,0.00212873355485499
"462",2011-11-16,-0.00894277170300484
"463",2011-11-17,0.00754662044346333
"464",2011-11-18,0.000759185757488012
"465",2011-11-21,-0.00589528027921915
"466",2011-11-22,0.00476428959518671
"467",2011-11-23,-0.00623372010886669
"468",2011-11-24,-0.00896287150681019
"469",2011-11-25,0.00887038372457027
"470",2011-11-28,-0.00876600947231054
"471",2011-11-29,0.0183494836091995
"472",2011-11-30,-0.0187224335968494
"473",2011-12-01,-0.00633114762604237
"474",2011-12-02,0.0159846059978008
"475",2011-12-05,-0.010511239990592
"476",2011-12-06,-0.010197451338172
"477",2011-12-07,0.00729388650506735
"478",2011-12-08,0.00721712503582239
"479",2011-12-09,0.00297337444499135
"480",2011-12-12,-0.00526203541085124
"481",2011-12-13,-0.00701755145564675
"482",2011-12-14,-0.00169133394956589
"483",2011-12-15,0.00813835114240646
"484",2011-12-16,0.00105924054514617
"485",2011-12-19,-0.0141891557723284
"486",2011-12-20,-0.0146467015147209
"487",2011-12-21,-0.00414972053840756
"488",2011-12-22,-0.0174771137535572
"489",2011-12-23,0.00115064484998584
"490",2011-12-26,0.00692438520491123
"491",2011-12-27,-8.87918286025524e-05
"492",2011-12-28,0.0151377394795418
"493",2011-12-29,0.00395613629370928
"494",2012-01-02,0.00979990605264902
"495",2012-01-03,-0.00124100595712662
"496",2012-01-04,0.0300849564373493
"497",2012-01-05,-0.0116657000035048
"498",2012-01-06,0.00880561769008636
"499",2012-01-09,0.00214325357228518
"500",2012-01-10,0.00620714342221618
"501",2012-01-11,-0.00251530203968287
"502",2012-01-12,0.00856466311961412
"503",2012-01-13,-0.00103181367740035
"504",2012-01-16,-0.00225755106657743
"505",2012-01-18,-0.00392961595207453
"506",2012-01-19,0.010737331584096
"507",2012-01-20,0.0034426711499691
"508",2012-01-23,0.0101679200306535
"509",2012-01-24,0.00324219604954123
"510",2012-01-26,0.00533003220334649
"511",2012-01-27,0.00400347029790282
"512",2012-01-30,-0.00751053914427757
"513",2012-01-31,0.00738480221480131
"514",2012-02-01,0.0118388654664159
"515",2012-02-02,0.00615021213889122
"516",2012-02-03,-0.00176622811704874
"517",2012-02-06,-0.00118252274114639
"518",2012-02-07,-0.00892563909292221
"519",2012-02-08,0.00130529864691198
"520",2012-02-09,-0.00946232955902815
"521",2012-02-10,0.00724222511053085
"522",2012-02-13,0.00198490172624588
"523",2012-02-14,0.00236608157865703
"524",2012-02-15,0.00948798097670078
"525",2012-02-16,0.0026402035728097
"526",2012-02-17,0.00348011869937181
"527",2012-02-23,0.00702943978831172
"528",2012-02-24,-0.00575502496212721
"529",2012-02-27,-0.00323951803147793
"530",2012-02-28,0.00228275218978524
"531",2012-02-29,-0.00991304777562618
"532",2012-03-01,-0.00113462004810572
"533",2012-03-02,-0.0040374668315053
"534",2012-03-05,0.00135671976022422
"535",2012-03-06,-0.00184807553887367
"536",2012-03-07,0.00550012104213238
"537",2012-03-08,0.0117146708071232
"538",2012-03-09,-0.00495092757046223
"539",2012-03-12,-0.00265747564844787
"540",2012-03-13,-0.00186860933899879
"541",2012-03-14,-0.0032449821010232
"542",2012-03-15,0.00564529001712799
"543",2012-03-16,-0.0107080042362213
"544",2012-03-19,-0.0012531487736851
"545",2012-03-20,0.00428363680839539
"546",2012-03-21,-0.00412656320258975
"547",2012-03-22,-0.00117963179945946
"548",2012-03-23,0.00157954660244286
"549",2012-03-26,-0.000306098721921444
"550",2012-03-27,-0.00153070595115423
"551",2012-03-28,0.00475675705820322
"552",2012-03-29,-0.0062026591040194
"553",2012-03-30,0.00673340167850256
"554",2012-04-02,-0.0130940843373537
"555",2012-04-03,0.0121510894969106
"556",2012-04-04,0.00969095248728991
"557",2012-04-05,-1.21071934700012e-05
"558",2012-04-09,-0.00657691899687052
"559",2012-04-10,-0.0103263072669506
"560",2012-04-11,-0.00574278365820646
"561",2012-04-12,-0.00281139556318521
"562",2012-04-13,0.00604662019759417
"563",2012-04-16,0.00418848637491465
"564",2012-04-17,0.0010844087228179
"565",2012-04-18,0.000574177131056786
"566",2012-04-19,0.00706099066883326
"567",2012-04-20,-0.00606589065864682
"568",2012-04-23,-0.00142487231642008
"569",2012-04-24,0.00109910545870662
"570",2012-04-25,-0.0044539007358253
"571",2012-04-26,-0.00034842686727643
"572",2012-04-27,0.00283158197999001
"573",2012-04-30,-0.00276779127307236
"574",2012-05-02,-0.00620514107868075
"575",2012-05-03,0.00855615269392729
"576",2012-05-04,0.00723784882575274
"577",2012-05-07,-0.00295943766832352
"578",2012-05-08,0.00622381316497922
"579",2012-05-09,-0.000818149652332067
"580",2012-05-10,-0.0104322675615549
"581",2012-05-11,0.000326743698678911
"582",2012-05-14,-0.00341914780437946
"583",2012-05-15,-0.00863458309322596
"584",2012-05-16,-0.00245206197723746
"585",2012-05-17,-0.0102242976427078
"586",2012-05-18,-0.00661639682948589
"587",2012-05-21,-0.00888792332261801
"588",2012-05-22,-0.0123579716309905
"589",2012-05-23,0.00199191924184561
"590",2012-05-24,0.00565358437597752
"591",2012-05-25,0.0151491016149521
"592",2012-05-28,0.00561599805951118
"593",2012-05-29,0.00611689314246178
"594",2012-05-30,-0.0040924372151494
"595",2012-05-31,-0.00104145985096693
"596",2012-06-01,-0.0122544206678867
"597",2012-06-04,-0.0126932086423039
"598",2012-06-05,-0.00163628254085779
"599",2012-06-06,-0.0038455706089735
"600",2012-06-08,0.00371753587387502
"601",2012-06-11,0.013092378154397
"602",2012-06-12,-0.0027485266327858
"603",2012-06-13,0.00700916443020105
"604",2012-06-14,0.00283202808350325
"605",2012-06-15,0.0129240127280354
"606",2012-06-18,-0.00208576489239931
"607",2012-06-19,0.000413131900131702
"608",2012-06-20,0.00325180450454354
"609",2012-06-21,0.00716901384294033
"610",2012-06-22,0.00114876450970769
"611",2012-06-25,-0.00637822598218918
"612",2012-06-26,-0.0101546999067068
"613",2012-06-27,-0.007714141625911
"614",2012-06-28,-0.00711807515472174
"615",2012-06-29,0.00676731765270233
"616",2012-07-02,-0.0044727511703968
"617",2012-07-03,0.00528204347938299
"618",2012-07-04,0.00307203223928809
"619",2012-07-05,-0.00198849150910974
"620",2012-07-06,-0.00449459999799728
"621",2012-07-10,0.0106834014877677
"622",2012-07-11,-0.00633780332282186
"623",2012-07-12,-0.0038565257564187
"624",2012-07-13,0.00607275310903788
"625",2012-07-16,-0.00789749994874001
"626",2012-07-17,-0.00291071273386478
"627",2012-07-18,0.00417365785688162
"628",2012-07-19,0.0111200418323278
"629",2012-07-20,-0.00055933091789484
"630",2012-07-23,-0.00226971507072449
"631",2012-07-24,0.006845538970083
"632",2012-07-25,0.00310883764177561
"633",2012-07-26,-0.00331464782357216
"634",2012-07-27,-0.00522299483418465
"635",2012-07-30,-0.00478293467313051
"636",2012-07-31,-0.000290662050247192
"637",2012-08-01,0.021672086790204
"638",2012-08-02,0.00279959570616484
"639",2012-08-03,-0.000401098281145096
"640",2012-08-06,8.99769365787506e-05
"641",2012-08-07,-0.00549414660781622
"642",2012-08-08,0.00393838062882423
"643",2012-08-09,-0.00257332669571042
"644",2012-08-10,0.00150133762508631
"645",2012-08-13,0.000589411938562989
"646",2012-08-14,-0.000485197175294161
"647",2012-08-15,-0.00235908525064588
"648",2012-08-16,0.00461996905505657
"649",2012-08-17,0.00719716399908066
"650",2012-08-20,0.00527381524443626
"651",2012-08-21,0.00783925503492355
"652",2012-08-22,1.58585608005524e-05
"653",2012-08-23,-0.00739792548120022
"654",2012-08-24,0.0120313614606857
"655",2012-08-27,0.00352243427187204
"656",2012-08-28,0.00245273020118475
"657",2012-08-29,0.0185888987034559
"658",2012-08-30,0.0133066102862358
"659",2012-08-31,0.0115799801424146
"660",2012-09-03,-0.00138117000460625
"661",2012-09-04,0.00493104103952646
"662",2012-09-05,-0.0229570586234331
"663",2012-09-06,-0.00863674655556679
"664",2012-09-10,0.00488096522167325
"665",2012-09-11,0.00467954762279987
"666",2012-09-12,0.0313628129661083
"667",2012-09-13,-0.00604134425520897
"668",2012-09-14,-0.0126096466556191
"669",2012-09-17,-0.00716194044798613
"670",2012-09-18,0.00312026683241129
"671",2012-09-19,0.00518025690689683
"672",2012-09-20,0.00228409003466368
"673",2012-09-21,-0.000701400218531489
"674",2012-09-24,-0.00419715326279402
"675",2012-09-25,0.0164591260254383
"676",2012-09-26,-0.00296582374721766
"677",2012-09-27,0.00292993010953069
"678",2012-09-28,0.00609674211591482
"679",2012-10-01,0.0055876518599689
"680",2012-10-02,-0.00214152713306248
"681",2012-10-03,0.0109741911292076
"682",2012-10-04,-0.000859692925587296
"683",2012-10-05,0.00661923689767718
"684",2012-10-08,-0.00417821481823921
"685",2012-10-09,0.000804962124675512
"686",2012-10-10,0.00715424213558435
"687",2012-10-11,0.000116119161248207
"688",2012-10-15,0.000757400877773762
"689",2012-10-16,-0.0071348687633872
"690",2012-10-17,0.00178441405296326
"691",2012-10-18,-0.00264310091733932
"692",2012-10-19,-0.00349423848092556
"693",2012-10-22,0.00196880474686623
"694",2012-10-23,-0.0136658111587167
"695",2012-10-24,0.00493132323026657
"696",2012-10-25,-0.00489250430837274
"697",2012-10-26,-0.00516669452190399
"698",2012-10-29,-0.00966694019734859
"699",2012-10-30,-0.00435811839997768
"700",2012-10-31,0.0122117009013891
"701",2012-11-01,-0.00865905359387398
"702",2012-11-05,0.00831465236842632
"703",2012-11-06,0.00271479599177837
"704",2012-11-07,0.00961241591721773
"705",2012-11-08,0.000471590086817741
"706",2012-11-09,0.0019024342764169
"707",2012-11-12,-0.00212860247120261
"708",2012-11-13,-0.0145211489871144
"709",2012-11-14,0.00436516990885139
"710",2012-11-16,0.000132404733449221
"711",2012-11-19,-0.00520971650257707
"712",2012-11-21,-0.00633654929697514
"713",2012-11-22,-0.00014374777674675
"714",2012-11-23,-0.00999854784458876
"715",2012-11-26,-0.0057041933760047
"716",2012-11-27,0.0127733554691076
"717",2012-11-28,-0.0053176861256361
"718",2012-11-29,0.00627944804728031
"719",2012-11-30,0.00693643325939775
"720",2012-12-03,-0.00238244747743011
"721",2012-12-04,0.0108968336135149
"722",2012-12-05,0.00887241121381521
"723",2012-12-06,-0.00358458142727613
"724",2012-12-07,-0.00112201925367117
"725",2012-12-10,-0.00371835543774068
"726",2012-12-11,-0.00434595998376608
"727",2012-12-12,0.00483858585357666
"728",2012-12-13,0.00166825880296528
"729",2012-12-14,0.00490877404808998
"730",2012-12-17,0.00905189290642738
"731",2012-12-18,0.00132725294679403
"732",2012-12-19,-0.00460314843803644
"733",2012-12-20,0.00852659996598959
"734",2012-12-21,-0.00211148010566831
"735",2012-12-26,0.00366546167060733
"736",2012-12-27,0.00184698856901377
"737",2012-12-28,0.00446476228535175
"738",2013-01-02,-0.00817550998181105
"739",2013-01-03,-0.00424886075779796
"740",2013-01-04,-0.00697297742590308
"741",2013-01-07,0.00498604169115424
"742",2013-01-08,0.00548013485968113
"743",2013-01-09,-0.00125925149768591
"744",2013-01-10,-0.00762655958533287
"745",2013-01-11,0.00408866629004478
"746",2013-01-14,-0.00397194875404239
"747",2013-01-15,0.000260605476796627
"748",2013-01-16,-0.011631092056632
"749",2013-01-17,0.0023907357826829
"750",2013-01-18,0.000636786164250225
"751",2013-01-21,0.0115395737811923
"752",2013-01-22,0.000601745094172657
"753",2013-01-23,0.000827180687338114
"754",2013-01-24,0.00573368044570088
"755",2013-01-28,0.00687591498717666
"756",2013-01-29,-0.0102513618767262
"757",2013-01-30,0.00156450923532248
"758",2013-01-31,-0.00527769327163696
"759",2013-02-01,0.0145076811313629
"760",2013-02-04,-0.000462612137198448
"761",2013-02-05,-0.00556007865816355
"762",2013-02-06,-0.00601911824196577
"763",2013-02-07,-0.000661502126604319
"764",2013-02-08,0.00738820340484381
"765",2013-02-14,0.0060387160629034
"766",2013-02-15,-0.00261993985623121
"767",2013-02-18,0.0012565553188324
"768",2013-02-19,-0.00112918438389897
"769",2013-02-20,0.0013116579502821
"770",2013-02-21,-0.00434335134923458
"771",2013-02-22,0.00515365740284324
"772",2013-02-25,-0.00119745871052146
"773",2013-02-26,-0.0037436003331095
"774",2013-02-27,0.00056889490224421
"775",2013-02-28,0.000103136524558067
"776",2013-03-01,-0.00488370377570391
"777",2013-03-04,0.000640864251181483
"778",2013-03-05,-0.000644300598651171
"779",2013-03-06,-0.00728236138820648
"780",2013-03-07,0.00232838047668338
"781",2013-03-08,0.000697309093084186
"782",2013-03-11,0.00505763292312622
"783",2013-03-12,0.00757898576557636
"784",2013-03-13,0.000390150584280491
"785",2013-03-14,-0.00526357116177678
"786",2013-03-15,-0.00228532729670405
"787",2013-03-18,6.12084113527089e-05
"788",2013-03-19,-0.000841657631099224
"789",2013-03-20,-0.00455811712890863
"790",2013-03-21,0.00404583429917693
"791",2013-03-22,-0.00851734168827534
"792",2013-03-25,0.00127032282762229
"793",2013-03-26,-0.00852100923657417
"794",2013-03-27,-0.00650277594104409
"795",2013-03-28,-0.00319518521428108
"796",2013-04-01,0.000881245592609048
"797",2013-04-02,0.00346671231091022
"798",2013-04-03,-0.00328389019705355
"799",2013-04-04,0.00605767592787743
"800",2013-04-05,0.00319853564724326
"801",2013-04-08,0.00416310084983706
"802",2013-04-09,-0.00996170192956924
"803",2013-04-10,0.00693757040426135
"804",2013-04-11,0.00847667083144188
"805",2013-04-12,0.00219183415174484
"806",2013-04-15,-0.000905781984329224
"807",2013-04-16,-0.00929280370473862
"808",2013-04-17,-0.00716331601142883
"809",2013-04-18,0.000175671651959419
"810",2013-04-19,0.00355368852615356
"811",2013-04-22,-0.00167207419872284
"812",2013-04-23,-0.012018115259707
"813",2013-04-24,0.00646554958075285
"814",2013-04-25,-0.00724406307563186
"815",2013-04-26,0.00794250145554543
"816",2013-04-29,0.00176778109744191
"817",2013-04-30,-0.0115476464852691
"818",2013-05-02,0.00471275020390749
"819",2013-05-03,0.00124256405979395
"820",2013-05-06,-0.00543377082794905
"821",2013-05-07,-0.00762549880892038
"822",2013-05-08,0.00138914224226028
"823",2013-05-09,-0.00432299822568893
"824",2013-05-10,0.000288852024823427
"825",2013-05-13,-0.00832274463027716
"826",2013-05-14,-9.50074754655361e-05
"827",2013-05-15,0.000636196229606867
"828",2013-05-16,-0.00904213450849056
"829",2013-05-17,0.00578894047066569
"830",2013-05-20,-0.00943919271230698
"831",2013-05-21,0.00368230324238539
"832",2013-05-22,-1.46811362355947e-05
"833",2013-05-23,0.00202268618158996
"834",2013-05-24,0.0156886968761683
"835",2013-05-27,0.00150977913290262
"836",2013-05-28,-0.00576446205377579
"837",2013-05-29,0.0032337736338377
"838",2013-05-31,-0.0176752805709839
"839",2013-06-03,0.00274934177286923
"840",2013-06-04,-0.00502403359860182
"841",2013-06-05,0.00348865985870361
"842",2013-06-06,0.00794969964772463
"843",2013-06-07,-0.0158975459635258
"844",2013-06-10,-0.00346633465960622
"845",2013-06-11,-0.00164104998111725
"846",2013-06-12,-0.00391416437923908
"847",2013-06-13,0.0034640533849597
"848",2013-06-14,0.0109132984653115
"849",2013-06-17,-0.0259233172982931
"850",2013-06-18,-0.0178130082786083
"851",2013-06-19,-0.0040045827627182
"852",2013-06-20,-0.0108970711007714
"853",2013-06-21,-0.00209113024175167
"854",2013-06-24,-0.00087273120880127
"855",2013-06-25,0.0135344434529543
"856",2013-06-26,0.0128288492560387
"857",2013-06-27,-0.00876757688820362
"858",2013-06-28,-0.0216486901044846
"859",2013-07-01,-0.018183920532465
"860",2013-07-02,-0.0111964344978333
"861",2013-07-03,0.00121193379163742
"862",2013-07-04,-0.00145860016345978
"863",2013-07-05,0.00329235987737775
"864",2013-07-08,0.00692560197785497
"865",2013-07-10,-0.00617371872067451
"866",2013-07-11,0.00886478088796139
"867",2013-07-12,-0.00781788863241673
"868",2013-07-15,0.000576144084334373
"869",2013-07-16,0.00434033200144768
"870",2013-07-17,0.00010307552292943
"871",2013-07-18,-0.00353206507861614
"872",2013-07-19,0.0104143749922514
"873",2013-07-22,-0.00675669126212597
"874",2013-07-23,0.00253975298255682
"875",2013-07-24,0.000483926851302385
"876",2013-07-25,0.00453775189816952
"877",2013-07-26,-0.0102306585758924
"878",2013-07-29,-0.000196959532331675
"879",2013-07-30,0.00222108792513609
"880",2013-07-31,-0.0073625803925097
"881",2013-08-01,-0.00308982934802771
"882",2013-08-02,0.00420751981437206
"883",2013-08-05,-0.00403129728510976
"884",2013-08-06,0.00694659631699324
"885",2013-08-07,-0.000549217220395803
"886",2013-08-08,-6.14114105701447e-06
"887",2013-08-09,0.00379061326384544
"888",2013-08-12,0.0013122889213264
"889",2013-08-13,-0.00810285191982985
"890",2013-08-14,0.0144289946183562
"891",2013-08-15,-0.00120793329551816
"892",2013-08-16,-0.00819252338260412
"893",2013-08-19,0.0015696712071076
"894",2013-08-20,0.00779207097366452
"895",2013-08-21,-0.00843564514070749
"896",2013-08-22,-0.0135285425931215
"897",2013-08-23,0.0129319094121456
"898",2013-08-26,-0.00121754128485918
"899",2013-08-27,0.000417603179812431
"900",2013-08-28,0.00151925790123641
"901",2013-08-29,-0.00261884788051248
"902",2013-08-30,0.0120435347780585
"903",2013-09-02,-0.00404464639723301
"904",2013-09-03,0.0206046849489212
"905",2013-09-04,0.00312787247821689
"906",2013-09-05,-0.0127538274973631
"907",2013-09-06,-0.00393214728683233
"908",2013-09-09,-0.00876419246196747
"909",2013-09-10,-0.00911914277821779
"910",2013-09-11,0.00444316305220127
"911",2013-09-12,0.0101290792226791
"912",2013-09-13,0.000179648399353027
"913",2013-09-16,-0.000965123588684946
"914",2013-09-17,-0.00511808274313807
"915",2013-09-18,-0.00261087715625763
"916",2013-09-19,0.000552978832274675
"917",2013-09-20,-0.00146111100912094
"918",2013-09-23,-0.0110236993059516
"919",2013-09-24,0.00180127948988229
"920",2013-09-25,0.0043715457431972
"921",2013-09-26,0.00150362262502313
"922",2013-09-27,0.00372099154628813
"923",2013-09-30,0.00241071917116642
"924",2013-10-01,-0.00805076397955418
"925",2013-10-02,0.00224162545055151
"926",2013-10-03,-0.00234921183437109
"927",2013-10-04,-0.0062827467918396
"928",2013-10-07,-0.0113492365926504
"929",2013-10-08,-0.00603277189657092
"930",2013-10-09,-0.00154188275337219
"931",2013-10-10,0.00478481501340866
"932",2013-10-11,0.00562763959169388
"933",2013-10-14,-0.00918564014136791
"934",2013-10-15,-0.00442664418369532
"935",2013-10-16,-0.00859083328396082
"936",2013-10-17,0.000319083221256733
"937",2013-10-18,-0.0102073643356562
"938",2013-10-21,-0.0103039210662246
"939",2013-10-22,-0.00258365692570806
"940",2013-10-23,0.00127639528363943
"941",2013-10-24,-0.00732805393636227
"942",2013-10-25,0.00865661073476076
"943",2013-10-28,-0.0102412831038237
"944",2013-10-29,0.00819078646600246
"945",2013-10-30,-0.00406169658526778
"946",2013-10-31,0.00647240737453103
"947",2013-11-01,0.00151777511928231
"948",2013-11-04,0.000751932617276907
"949",2013-11-05,-0.00280370749533176
"950",2013-11-06,-0.0140938498079777
"951",2013-11-07,0.00598275568336248
"952",2013-11-08,0.00255696987733245
"953",2013-11-11,-0.00905659142881632
"954",2013-11-12,0.0082626985386014
"955",2013-11-13,-0.00855577178299427
"956",2013-11-14,0.00598150677978992
"957",2013-11-18,-0.00331623386591673
"958",2013-11-19,-0.006503039970994
"959",2013-11-21,-0.00421377550810575
"960",2013-11-22,0.0116149447858334
"961",2013-11-25,-0.00331725482828915
"962",2013-11-26,0.000219857320189476
"963",2013-11-27,-0.00841906014829874
"964",2013-11-28,0.00175252929329872
"965",2013-11-29,-0.00622828304767609
"966",2013-12-02,-0.00403989758342505
"967",2013-12-03,0.00018959678709507
"968",2013-12-04,0.00264370488002896
"969",2013-12-05,-0.00704691791906953
"970",2013-12-06,0.00458790874108672
"971",2013-12-09,-0.00624846434220672
"972",2013-12-10,0.0039282045327127
"973",2013-12-11,0.00495875813066959
"974",2013-12-12,-0.00135883584152907
"975",2013-12-13,-0.00286436174064875
"976",2013-12-16,-0.00491717830300331
"977",2013-12-17,0.00554810650646687
"978",2013-12-18,0.00719772046431899
"979",2013-12-19,-0.0075155571103096
"980",2013-12-20,-0.00516780093312263
"981",2013-12-23,-0.00216966238804162
"982",2013-12-26,0.00665652053430676
"983",2013-12-27,0.00084352376870811
"984",2013-12-30,0.00816481187939644
"985",2014-01-02,-0.0152350887656212
"986",2014-01-03,0.0370693393051624
"987",2014-01-06,0.0123559180647135
"988",2014-01-07,0.000874197576195002
"989",2014-01-08,-0.00346928392536938
"990",2014-01-09,9.29366797208786e-05
"991",2014-01-10,-0.00714240269735456
"992",2014-01-13,0.00795557163655758
"993",2014-01-14,-0.00451021175831556
"994",2014-01-15,0.00236260378733277
"995",2014-01-16,-0.000702889170497656
"996",2014-01-17,0.00930881500244141
"997",2014-01-20,0.00903264060616493
"998",2014-01-21,-0.00207515666261315
"999",2014-01-22,0.0019881185144186
"1000",2014-01-23,0.0114936083555222
"1001",2014-01-24,-0.011286087334156
"1002",2014-01-27,0.00525295920670033
"1003",2014-01-28,0.00300151505507529
"1004",2014-01-29,-0.0110483691096306
"1005",2014-01-30,-0.000837809406220913
"1006",2014-01-31,-0.0041728769429028
"1007",2014-02-03,-0.00446650758385658
"1008",2014-02-04,-0.00961751118302345
"1009",2014-02-05,0.00751268863677979
"1010",2014-02-06,-0.00904220622032881
"1011",2014-02-07,-0.00492942798882723
"1012",2014-02-10,0.00471512507647276
"1013",2014-02-11,-0.00652195047587156
"1014",2014-02-12,-0.00500852987170219
"1015",2014-02-13,-0.00224604131653905
"1016",2014-02-14,-0.00128916138783097
"1017",2014-02-17,0.011981412768364
"1018",2014-02-18,-0.00915138982236385
"1019",2014-02-19,-0.00968767888844013
"1020",2014-02-20,-0.00194915058091283
"1021",2014-02-21,0.0118435323238373
"1022",2014-02-24,0.0110143562778831
"1023",2014-02-25,0.00247570406645536
"1024",2014-02-26,-0.00653988355770707
"1025",2014-02-27,0.000239519402384758
"1026",2014-02-28,0.00408259406685829
"1027",2014-03-06,-0.00845005549490452
"1028",2014-03-07,0.00128262117505074
"1029",2014-03-10,-0.00192550010979176
"1030",2014-03-11,-0.0105654913932085
"1031",2014-03-12,-0.0108356131240726
"1032",2014-03-13,-0.00177921634167433
"1033",2014-03-14,-0.00483155809342861
"1034",2014-03-17,-0.00991356186568737
"1035",2014-03-18,-0.000564092770218849
"1036",2014-03-19,0.00383518589660525
"1037",2014-03-20,0.00335911847651005
"1038",2014-03-21,-0.00201125373132527
"1039",2014-03-24,-0.00639452645555139
"1040",2014-03-25,-0.00254151737317443
"1041",2014-03-26,-0.0109352841973305
"1042",2014-03-27,-0.00314389541745186
"1043",2014-03-28,0.00415733316913247
"1044",2014-03-31,-0.00290684076026082
"1045",2014-04-01,0.00614262325689197
"1046",2014-04-02,-0.00662446208298206
"1047",2014-04-03,0.00484080938622355
"1048",2014-04-04,0.00130359409376979
"1049",2014-04-07,-0.0131572522222996
"1050",2014-04-08,0.0170720331370831
"1051",2014-04-09,0.00245417561382055
"1052",2014-04-10,-0.00789905618876219
"1053",2014-04-11,-0.00695232069119811
"1054",2014-04-14,0.0031352627556771
"1055",2014-04-15,0.000239297747612
"1056",2014-04-16,-0.00151451863348484
"1057",2014-04-17,-0.00951532088220119
"1058",2014-04-22,-0.00212509208358824
"1059",2014-04-23,-0.00392850674688816
"1060",2014-04-24,-0.00374360079877079
"1061",2014-04-25,-0.0111178886145353
"1062",2014-04-28,-0.00457409396767616
"1063",2014-04-29,-0.00104209128767252
"1064",2014-04-30,0.0118728987872601
"1065",2014-05-02,-0.00837241765111685
"1066",2014-05-05,0.000467539299279451
"1067",2014-05-06,-0.00456731533631682
"1068",2014-05-07,0.00827687699347734
"1069",2014-05-08,0.00182931171730161
"1070",2014-05-09,0.00657209008932114
"1071",2014-05-12,-0.00922901555895805
"1072",2014-05-13,-0.00276305875740945
"1073",2014-05-14,-0.00501437997445464
"1074",2014-05-15,0.00433001667261124
"1075",2014-05-16,-0.00872817635536194
"1076",2014-05-19,0.015699477866292
"1077",2014-05-20,0.00907119363546371
"1078",2014-05-21,-0.00253426842391491
"1079",2014-05-22,-0.00463942065834999
"1080",2014-05-23,0.00284492177888751
"1081",2014-05-26,-0.0061398409307003
"1082",2014-05-27,0.0107386596500874
"1083",2014-05-28,0.00117999454960227
"1084",2014-05-29,0.00562926102429628
"1085",2014-05-30,0.00282580684870481
"1086",2014-06-02,-0.0131385065615177
"1087",2014-06-03,-0.00470089074224234
"1088",2014-06-04,-0.00327777699567378
"1089",2014-06-05,0.00375613803043962
"1090",2014-06-06,-0.00318554788827896
"1091",2014-06-09,-0.00536862574517727
"1092",2014-06-10,-0.00165821798145771
"1093",2014-06-11,-0.000996515154838562
"1094",2014-06-13,0.00214068475179374
"1095",2014-06-16,0.00846432335674763
"1096",2014-06-18,-0.00716675212606788
"1097",2014-06-20,0.00503984419628978
"1098",2014-06-24,-0.00357042020186782
"1099",2014-06-25,0.00373709620907903
"1100",2014-06-26,0.00142854242585599
"1101",2014-06-27,0.00708925118669868
"1102",2014-06-30,0.00158551707863808
"1103",2014-07-01,0.00424394384026527
"1104",2014-07-02,-0.0119720846414566
"1105",2014-07-03,-0.0150960581377149
"1106",2014-07-07,-0.00521618872880936
"1107",2014-07-10,-0.0152986403554678
"1108",2014-07-11,0.00292296661064029
"1109",2014-07-14,-0.0144839975982904
"1110",2014-07-15,-0.00307048531249166
"1111",2014-07-16,-0.00192361976951361
"1112",2014-07-17,-0.000546562485396862
"1113",2014-07-18,-0.00685704965144396
"1114",2014-07-21,-0.0111917154863477
"1115",2014-07-22,0.000863740686327219
"1116",2014-07-23,0.0109714716672897
"1117",2014-07-24,0.00431488174945116
"1118",2014-07-25,-0.00171080557629466
"1119",2014-07-28,-0.0124012101441622
"1120",2014-07-29,-0.00214705895632505
"1121",2014-07-30,0.00559865310788155
"1122",2014-07-31,0.00665639946237206
"1123",2014-08-01,-0.00111927278339863
"1124",2014-08-04,0.000439083203673363
"1125",2014-08-05,0.00148568069562316
"1126",2014-08-06,-0.00772388279438019
"1127",2014-08-07,0.00334058818407357
"1128",2014-08-08,0.00386324501596391
"1129",2014-08-11,-0.00993206910789013
"1130",2014-08-12,0.00127316731959581
"1131",2014-08-13,0.00399936409667134
"1132",2014-08-14,-0.00689405342563987
"1133",2014-08-15,-0.0124960569664836
"1134",2014-08-18,-0.0153515506535769
"1135",2014-08-19,-0.00305350124835968
"1136",2014-08-20,-0.00474030338227749
"1137",2014-08-21,0.00304294121451676
"1138",2014-08-22,0.00605977047234774
"1139",2014-08-25,-0.00980300921946764
"1140",2014-08-26,0.000168042723089457
"1141",2014-08-27,-0.00915989279747009
"1142",2014-08-28,0.0139355631545186
"1143",2014-08-29,-0.00562432967126369
"1144",2014-09-01,0.0101749049499631
"1145",2014-09-02,-0.00423051416873932
"1146",2014-09-03,-0.00374256586655974
"1147",2014-09-04,0.00684917205944657
"1148",2014-09-05,0.00471450388431549
"1149",2014-09-08,-0.00756099447607994
"1150",2014-09-09,-0.00150500424206257
"1151",2014-09-10,-0.00640649441629648
"1152",2014-09-11,0.00461583118885756
"1153",2014-09-12,0.00216169469058514
"1154",2014-09-15,-0.0188171714544296
"1155",2014-09-16,-0.0207968018949032
"1156",2014-09-17,0.00233771791681647
"1157",2014-09-18,0.00363524863496423
"1158",2014-09-19,0.00241219182498753
"1159",2014-09-22,-0.0117242690175772
"1160",2014-09-23,-0.003921530675143
"1161",2014-09-24,-0.00510648172348738
"1162",2014-09-25,0.000633253715932369
"1163",2014-09-26,-0.00388364959508181
"1164",2014-09-29,-0.00240437686443329
"1165",2014-09-30,0.0021064905449748
"1166",2014-10-01,-0.0133849326521158
"1167",2014-10-02,-0.00579879246652126
"1168",2014-10-03,-0.00697305798530579
"1169",2014-10-06,-0.0131395310163498
"1170",2014-10-07,0.00680414913222194
"1171",2014-10-08,-0.0024357212241739
"1172",2014-10-09,-0.00182693242095411
"1173",2014-10-10,0.0105615090578794
"1174",2014-10-13,-0.0110069699585438
"1175",2014-10-14,-0.0121415928006172
"1176",2014-10-15,0.00446341745555401
"1177",2014-10-16,0.00175937637686729
"1178",2014-10-17,-0.00844161584973335
"1179",2014-10-20,-0.00352265406399965
"1180",2014-10-21,-0.00245090946555138
"1181",2014-10-22,-0.00349635048769414
"1182",2014-10-23,-0.0111377891153097
"1183",2014-10-24,0.00425180420279503
"1184",2014-10-27,-0.00539848674088717
"1185",2014-10-28,0.00764943845570087
"1186",2014-10-29,0.0069562615826726
"1187",2014-10-30,-0.00515310652554035
"1188",2014-10-31,-0.0148104447871447
"1189",2014-11-03,0.00301717687398195
"1190",2014-11-04,0.000806152820587158
"1191",2014-11-05,-0.00105164479464293
"1192",2014-11-06,7.89333134889603e-05
"1193",2014-11-07,-0.00636273762211204
"1194",2014-11-10,0.00219861883670092
"1195",2014-11-11,-0.000391030218452215
"1196",2014-11-12,0.00555056519806385
"1197",2014-11-13,0.00607357360422611
"1198",2014-11-14,-0.0107627026736736
"1199",2014-11-17,-0.00565554946660995
"1200",2014-11-18,-0.00830716639757156
"1201",2014-11-19,0.00332729145884514
"1202",2014-11-21,-0.00270142033696175
"1203",2014-11-24,0.00242520961910486
"1204",2014-11-25,-0.00662762951105833
"1205",2014-11-26,0.0210894234478474
"1206",2014-11-27,0.00196499121375382
"1207",2014-11-28,0.00313122756779194
"1208",2014-12-01,0.0128314644098282
"1209",2014-12-02,-0.000386097002774477
"1210",2014-12-03,0.000567687675356865
"1211",2014-12-04,-0.00697266776114702
"1212",2014-12-05,-0.0155643615871668
"1213",2014-12-08,-0.00140727311372757
"1214",2014-12-09,-0.0100286416709423
"1215",2014-12-10,-0.0341799445450306
"1216",2014-12-11,-0.0279532223939896
"1217",2014-12-12,0.00519868358969688
"1218",2014-12-15,-0.0319326892495155
"1219",2014-12-16,0.00143024302087724
"1220",2014-12-17,-0.004454230889678
"1221",2014-12-18,0.00357704050838947
"1222",2014-12-19,-0.017583504319191
"1223",2014-12-22,0.00433600507676601
"1224",2014-12-23,-0.000491118058562279
"1225",2014-12-26,0.0204860996454954
"1226",2014-12-29,-0.00427648983895779
"1227",2014-12-30,0.0174630098044872
"1228",2015-01-02,0.00936367362737656
"1229",2015-01-05,-0.0197950694710016
"1230",2015-01-06,-0.0249012466520071
"1231",2015-01-07,-0.00761261209845543
"1232",2015-01-08,-0.00470823142677546
"1233",2015-01-09,0.0146500589326024
"1234",2015-01-12,-0.0194341875612736
"1235",2015-01-13,-0.0018863866571337
"1236",2015-01-14,-0.0132398810237646
"1237",2015-01-15,-0.0131745301187038
"1238",2015-01-16,-0.0124580822885036
"1239",2015-01-19,0.00841007940471172
"1240",2015-01-20,0.000166074227308854
"1241",2015-01-21,0.00262500159442425
"1242",2015-01-22,0.0165189914405346
"1243",2015-01-23,0.00626543257385492
"1244",2015-01-26,-0.0162240359932184
"1245",2015-01-27,-0.0115591483190656
"1246",2015-01-28,-0.00494400598108768
"1247",2015-01-29,-0.00737172458320856
"1248",2015-01-30,-0.0110667981207371
"1249",2015-02-02,0.000197093933820724
"1250",2015-02-03,0.00711463578045368
"1251",2015-02-04,0.00113944069016725
"1252",2015-02-05,0.022907629609108
"1253",2015-02-06,-0.00933719426393509
"1254",2015-02-09,-0.0097530372440815
"1255",2015-02-10,-0.000899368897080421
"1256",2015-02-11,-0.0153117375448346
"1257",2015-02-12,-0.00544391293078661
"1258",2015-02-13,-0.00902841426432133
"1259",2015-02-19,-0.0116147454828024
"1260",2015-02-20,-0.0019731312058866
"1261",2015-02-23,-0.0013585853157565
"1262",2015-02-24,0.000549838878214359
"1263",2015-02-25,-0.00879003666341305
"1264",2015-02-26,0.00976293161511421
"1265",2015-02-27,-0.0117843048647046
"1266",2015-03-02,0.00679483870044351
"1267",2015-03-03,-0.00765793723985553
"1268",2015-03-04,0.00201533734798431
"1269",2015-03-05,-0.00357345258817077
"1270",2015-03-06,-0.00422074738889933
"1271",2015-03-09,-0.0135673321783543
"1272",2015-03-10,-0.00329613219946623
"1273",2015-03-11,-0.00677591655403376
"1274",2015-03-12,0.00707381730899215
"1275",2015-03-13,0.00423632562160492
"1276",2015-03-16,-0.00823808554559946
"1277",2015-03-17,-0.0105225369334221
"1278",2015-03-18,0.000592494383454323
"1279",2015-03-19,-0.00786848179996014
"1280",2015-03-20,-0.0133150769397616
"1281",2015-03-23,0.00519065000116825
"1282",2015-03-24,0.00245544407516718
"1283",2015-03-25,-0.00244547566398978
"1284",2015-03-26,0.00578811578452587
"1285",2015-03-27,-0.000631772447377443
"1286",2015-03-30,-0.0168891251087189
"1287",2015-03-31,0.00468643475323915
"1288",2015-04-01,-0.00476713292300701
"1289",2015-04-02,0.00838495418429375
"1290",2015-04-06,0.0084734195843339
"1291",2015-04-07,-0.00721594039350748
"1292",2015-04-08,0.00278348661959171
"1293",2015-04-09,-7.43167474865913e-05
"1294",2015-04-10,0.014310734346509
"1295",2015-04-13,-0.00679179700091481
"1296",2015-04-14,0.0106044979766011
"1297",2015-04-15,-0.0104566067457199
"1298",2015-04-16,0.00655311392620206
"1299",2015-04-17,0.0187913309782743
"1300",2015-04-20,-0.000733826425857842
"1301",2015-04-22,-0.00524646462872624
"1302",2015-04-23,-0.012562895193696
"1303",2015-04-24,0.00454405089840293
"1304",2015-04-27,0.00154996290802956
"1305",2015-04-28,-0.0169567167758942
"1306",2015-04-29,-0.000790855847299099
"1307",2015-04-30,-0.00860172137618065
"1308",2015-05-04,-0.0126627190038562
"1309",2015-05-05,-0.00168379908427596
"1310",2015-05-06,-0.00460957549512386
"1311",2015-05-07,-0.00846166908740997
"1312",2015-05-08,-0.0113412328064442
"1313",2015-05-11,-0.00775607908144593
"1314",2015-05-12,-0.0023082671687007
"1315",2015-05-13,-6.74999319016933e-05
"1316",2015-05-14,0.00391749059781432
"1317",2015-05-15,0.006563451141119
"1318",2015-05-18,0.017758946865797
"1319",2015-05-19,0.00261320453137159
"1320",2015-05-20,0.00987329427152872
"1321",2015-05-21,0.00750349275767803
"1322",2015-05-22,0.00212012231349945
"1323",2015-05-25,-0.0129343401640654
"1324",2015-05-26,0.00287443306297064
"1325",2015-05-27,-0.00681987591087818
"1326",2015-05-28,0.0108323032036424
"1327",2015-05-29,0.00861289072781801
"1328",2015-06-01,0.000581907108426094
"1329",2015-06-02,-0.00754407979547977
"1330",2015-06-03,-0.00280321203172207
"1331",2015-06-05,0.0111756715923548
"1332",2015-06-08,-0.00681563699617982
"1333",2015-06-09,-0.0106464577838778
"1334",2015-06-10,-0.00992740504443645
"1335",2015-06-11,-0.00453742034733295
"1336",2015-06-12,-0.000952224712818861
"1337",2015-06-15,-0.00307837454602122
"1338",2015-06-16,-0.00400417763739824
"1339",2015-06-17,0.00349425850436091
"1340",2015-06-18,-0.00501139089465141
"1341",2015-06-19,0.00668947212398052
"1342",2015-06-22,-0.000852561788633466
"1343",2015-06-23,0.00902223028242588
"1344",2015-06-24,0.00640992168337107
"1345",2015-06-25,-0.00962650962173939
"1346",2015-06-26,0.00162712298333645
"1347",2015-06-29,0.000947300344705582
"1348",2015-06-30,-0.00310569070279598
"1349",2015-07-01,0.00711364019662142
"1350",2015-07-02,0.000303191365674138
"1351",2015-07-03,-0.00318244798108935
"1352",2015-07-06,-0.01354755833745
"1353",2015-07-07,-0.0112993605434895
"1354",2015-07-08,0.00882486253976822
"1355",2015-07-10,-1.9419938325882e-05
"1356",2015-07-13,-0.00468998122960329
"1357",2015-07-14,-0.00112423754762858
"1358",2015-07-15,-0.00308575062081218
"1359",2015-07-16,0.00618560845032334
"1360",2015-07-17,0.00449399370700121
"1361",2015-07-20,-0.00305943097919226
"1362",2015-07-21,-0.0030865864828229
"1363",2015-07-22,-0.00212851678952575
"1364",2015-07-23,0.00489628035575151
"1365",2015-07-24,-0.00783457793295383
"1366",2015-07-27,-0.00496806763112545
"1367",2015-07-28,-0.00754548516124487
"1368",2015-07-29,0.000957954442128539
"1369",2015-07-30,-0.00253526819869876
"1370",2015-07-31,-0.0118403797969222
"1371",2015-08-03,0.000374147668480873
"1372",2015-08-04,-0.00148567440919578
"1373",2015-08-05,-0.00493973772972822
"1374",2015-08-06,0.00549964001402259
"1375",2015-08-07,0.00860711373388767
"1376",2015-08-10,-0.0118777928873897
"1377",2015-08-11,-0.00375428516417742
"1378",2015-08-12,0.00333762634545565
"1379",2015-08-13,-0.00490938872098923
"1380",2015-08-14,0.00249867793172598
"1381",2015-08-17,-0.00237478339113295
"1382",2015-08-18,-0.0150792691856623
"1383",2015-08-19,0.00408471748232841
"1384",2015-08-20,-0.00468694977462292
"1385",2015-08-21,-0.000152258202433586
"1386",2015-08-24,-0.00622653961181641
"1387",2015-08-25,-0.00615795236080885
"1388",2015-08-26,-0.0137691022828221
"1389",2015-08-27,-0.0205326899886131
"1390",2015-08-28,0.0164665076881647
"1391",2015-08-31,0.010409596376121
"1392",2015-09-01,-0.01359573751688
"1393",2015-09-02,-0.0132881039753556
"1394",2015-09-03,-0.000186541117727757
"1395",2015-09-04,0.000401518307626247
"1396",2015-09-08,-0.0107683883979917
"1397",2015-09-09,0.00194350013043731
"1398",2015-09-10,-0.0150287318974733
"1399",2015-09-11,-0.00242297817021608
"1400",2015-09-14,-0.0132066821679473
"1401",2015-09-15,-9.52295958995819e-05
"1402",2015-09-16,-0.00266441702842712
"1403",2015-09-17,0.0116690117865801
"1404",2015-09-18,0.0120069989934564
"1405",2015-09-21,-0.00926394294947386
"1406",2015-09-22,-0.00668629119172692
"1407",2015-09-23,0.00157459639012814
"1408",2015-09-24,0.0109943188726902
"1409",2015-09-25,0.00534546934068203
"1410",2015-09-28,0.00489268079400063
"1411",2015-09-29,-0.00522285373881459
"1412",2015-09-30,-0.00487089622765779
"1413",2015-10-01,-0.00878923106938601
"1414",2015-10-02,-0.0161740761250257
"1415",2015-10-05,0.00407643616199493
"1416",2015-10-06,0.0104390922933817
"1417",2015-10-07,0.000219922512769699
"1418",2015-10-08,-0.000460811425000429
"1419",2015-10-09,0.0171947963535786
"1420",2015-10-13,-0.00502343848347664
"1421",2015-10-14,0.00432733260095119
"1422",2015-10-15,-0.00336182815954089
"1423",2015-10-16,-0.0170699898153543
"1424",2015-10-19,-0.0110719352960587
"1425",2015-10-20,0.00338052934966981
"1426",2015-10-21,0.000555039616301656
"1427",2015-10-22,-0.00882948562502861
"1428",2015-10-23,0.0105315847322345
"1429",2015-10-26,-0.00297072296962142
"1430",2015-10-27,-0.00753418123349547
"1431",2015-10-28,0.00150204030796885
"1432",2015-10-29,0.0100163919851184
"1433",2015-10-30,-0.00518514728173614
"1434",2015-11-03,-0.0186869315803051
"1435",2015-11-04,0.0158183667808771
"1436",2015-11-05,-0.00190817844122648
"1437",2015-11-06,0.0205445848405361
"1438",2015-11-09,0.0168057028204203
"1439",2015-11-10,-0.0174257941544056
"1440",2015-11-11,0.00523414276540279
"1441",2015-11-12,-0.0068248650059104
"1442",2015-11-13,-0.00635586306452751
"1443",2015-11-16,-0.00360020366497338
"1444",2015-11-17,-0.00724047794938087
"1445",2015-11-18,-0.0207724459469318
"1446",2015-11-19,-0.00546761322766542
"1447",2015-11-23,-0.0145754618570209
"1448",2015-11-24,-0.00145728001371026
"1449",2015-11-25,0.00946861039847136
"1450",2015-11-26,-0.000123947858810425
"1451",2015-11-27,-0.000868286937475204
"1452",2015-11-30,-0.0129651688039303
"1453",2015-12-01,-0.0132102593779564
"1454",2015-12-02,0.00492157787084579
"1455",2015-12-03,-0.00721107050776482
"1456",2015-12-04,-0.00750462710857391
"1457",2015-12-07,-0.00920445472002029
"1458",2015-12-08,0.00321485474705696
"1459",2015-12-09,-0.0172495916485786
"1460",2015-12-10,-0.00212369626387954
"1461",2015-12-11,0.0116771487519145
"1462",2015-12-14,-0.0030916566029191
"1463",2015-12-15,0.00549681857228279
"1464",2015-12-16,0.00165952974930406
"1465",2015-12-17,0.0135971726849675
"1466",2015-12-18,0.0131413685157895
"1467",2015-12-21,-0.00305590871721506
"1468",2015-12-22,-0.00846247747540474
"1469",2015-12-23,0.00469177309423685
"1470",2015-12-28,0.00550551991909742
"1471",2015-12-29,0.00335303461179137
"1472",2015-12-30,0.0148127963766456
"1473",2016-01-04,-0.0121189747005701
"1474",2016-01-05,-0.0156469829380512
"1475",2016-01-06,-0.0179480463266373
"1476",2016-01-07,0.00271815434098244
"1477",2016-01-08,0.00891614705324173
"1478",2016-01-11,-0.000144001096487045
"1479",2016-01-12,-0.0119490548968315
"1480",2016-01-13,-0.00744550116360188
"1481",2016-01-14,-0.01830193400383
"1482",2016-01-15,0.00939787086099386
"1483",2016-01-18,0.00635974900797009
"1484",2016-01-19,-0.0168562009930611
"1485",2016-01-20,-0.00692058820277452
"1486",2016-01-21,-0.0137325162068009
"1487",2016-01-22,-0.0126023218035698
"1488",2016-01-26,0.00496641825884581
"1489",2016-01-27,-0.00276345014572144
"1490",2016-01-28,-0.00166209228336811
"1491",2016-01-29,0.000929348170757294
"1492",2016-02-01,0.0362056270241737
"1493",2016-02-02,0.0191452670842409
"1494",2016-02-03,0.0123920049518347
"1495",2016-02-04,0.0180285833775997
"1496",2016-02-05,0.0193230248987675
"1497",2016-02-11,-0.0154319945722818
"1498",2016-02-12,0.00321797747164965
"1499",2016-02-15,0.0116608608514071
"1500",2016-02-16,0.0229971166700125
"1501",2016-02-17,-0.0116357812657952
"1502",2016-02-18,-0.0116816814988852
"1503",2016-02-19,0.00355722173117101
"1504",2016-02-22,-0.00665018893778324
"1505",2016-02-23,-0.00129140168428421
"1506",2016-02-24,0.00792811065912247
"1507",2016-02-25,-0.00435510324314237
"1508",2016-02-26,0.0122983604669571
"1509",2016-02-29,-0.0065657664090395
"1510",2016-03-01,-0.00013265572488308
"1511",2016-03-02,0.00950345676392317
"1512",2016-03-03,0.0304512921720743
"1513",2016-03-04,-0.000405985862016678
"1514",2016-03-07,0.00166795519180596
"1515",2016-03-08,0.00256110052578151
"1516",2016-03-09,0.0132491793483496
"1517",2016-03-10,0.00101607292890549
"1518",2016-03-11,0.00985485874116421
"1519",2016-03-14,-0.0175400134176016
"1520",2016-03-15,-0.0306432787328959
"1521",2016-03-16,-0.00423963647335768
"1522",2016-03-17,0.00533774495124817
"1523",2016-03-18,0.00696465140208602
"1524",2016-03-21,-0.00207054056227207
"1525",2016-03-22,0.014066431671381
"1526",2016-03-23,-0.00177882239222527
"1527",2016-03-24,-0.00343795237131417
"1528",2016-03-28,0.000325975939631462
"1529",2016-03-29,0.000219130888581276
"1530",2016-03-30,0.00531606609001756
"1531",2016-03-31,-0.0063705500215292
"1532",2016-04-01,0.00432760454714298
"1533",2016-04-04,-0.00407295860350132
"1534",2016-04-05,0.000559511303436011
"1535",2016-04-06,-0.00102311186492443
"1536",2016-04-07,-0.0282946489751339
"1537",2016-04-08,0.0258056484162807
"1538",2016-04-11,0.00896142795681953
"1539",2016-04-12,0.00511580519378185
"1540",2016-04-13,0.0190558303147554
"1541",2016-04-14,-0.00924296677112579
"1542",2016-04-15,-0.00434689503163099
"1543",2016-04-18,0.00212215399369597
"1544",2016-04-19,0.00888526253402233
"1545",2016-04-20,-0.00346885831095278
"1546",2016-04-22,-0.0077266632579267
"1547",2016-04-25,0.00473805330693722
"1548",2016-04-26,0.00130559504032135
"1549",2016-04-27,-0.00184779055416584
"1550",2016-04-28,0.00136583065614104
"1551",2016-04-29,0.00098849181085825
"1552",2016-05-02,0.000814154045656323
"1553",2016-05-03,-0.00916069280356169
"1554",2016-05-04,0.0118176518008113
"1555",2016-05-05,-0.00207022204995155
"1556",2016-05-06,0.0113687682896852
"1557",2016-05-09,0.00103821232914925
"1558",2016-05-10,0.00163533538579941
"1559",2016-05-11,0.0191499926149845
"1560",2016-05-12,0.0013570124283433
"1561",2016-05-13,-0.00176984071731567
"1562",2016-05-16,-0.0147962421178818
"1563",2016-05-17,-0.00324573926627636
"1564",2016-05-18,-0.0107454098761082
"1565",2016-05-19,-0.00267960503697395
"1566",2016-05-20,0.00311784795485437
"1567",2016-05-23,-0.00696532009169459
"1568",2016-05-24,0.0057794083841145
"1569",2016-05-25,0.00796261616051197
"1570",2016-05-27,-0.000186275225132704
"1571",2016-05-30,-0.000846098060719669
"1572",2016-05-31,-0.00319579429924488
"1573",2016-06-01,0.00282247737050056
"1574",2016-06-02,-0.000228072516620159
"1575",2016-06-03,-0.00310612795874476
"1576",2016-06-06,0.00408268161118031
"1577",2016-06-07,-0.0009986637160182
"1578",2016-06-08,0.0164775028824806
"1579",2016-06-09,0.00417846627533436
"1580",2016-06-10,0.00532408244907856
"1581",2016-06-13,-0.00895873364061117
"1582",2016-06-14,0.000786628574132919
"1583",2016-06-15,-0.000525869894772768
"1584",2016-06-16,-0.00580267608165741
"1585",2016-06-17,0.00212518568150699
"1586",2016-06-20,-0.00896323099732399
"1587",2016-06-21,-0.00712179485708475
"1588",2016-06-22,0.0182006787508726
"1589",2016-06-23,0.00576316937804222
"1590",2016-06-24,0.0126399537548423
"1591",2016-06-27,-0.00339085329324007
"1592",2016-06-28,0.00808265898376703
"1593",2016-06-29,0.00958933029323816
"1594",2016-06-30,0.00385027844458818
"1595",2016-07-01,-0.00448155542835593
"1596",2016-07-04,0.00382526032626629
"1597",2016-07-05,0.00837702117860317
"1598",2016-07-06,0.00441511115059257
"1599",2016-07-07,0.0041067348793149
"1600",2016-07-08,0.00586918368935585
"1601",2016-07-11,0.00983038730919361
"1602",2016-07-12,0.013373008929193
"1603",2016-07-13,0.00637450069189072
"1604",2016-07-14,0.0219914857298136
"1605",2016-07-15,0.0055075385607779
"1606",2016-07-18,0.0179418101906776
"1607",2016-07-19,0.00467163790017366
"1608",2016-07-20,0.0116684697568417
"1609",2016-07-21,0.0181263107806444
"1610",2016-07-22,-0.00313061289489269
"1611",2016-07-25,-0.00550274224951863
"1612",2016-07-26,-0.00403428636491299
"1613",2016-07-27,-0.00181878940202296
"1614",2016-07-28,-0.00976599846035242
"1615",2016-07-29,0.0186214968562126
"1616",2016-08-01,0.00182053411845118
"1617",2016-08-02,0.00288140401244164
"1618",2016-08-03,0.0136932302266359
"1619",2016-08-04,0.0141909653320909
"1620",2016-08-05,0.00643277913331985
"1621",2016-08-08,-0.0200168378651142
"1622",2016-08-09,0.00921254325658083
"1623",2016-08-10,-0.00239237304776907
"1624",2016-08-11,-0.00400395691394806
"1625",2016-08-12,-0.0110069317743182
"1626",2016-08-15,-0.014511201530695
"1627",2016-08-16,0.00634281989187002
"1628",2016-08-17,-0.00113146775402129
"1629",2016-08-18,0.01003747433424
"1630",2016-08-19,0.0096267806366086
"1631",2016-08-22,0.00331385061144829
"1632",2016-08-23,-0.00790618825703859
"1633",2016-08-24,-0.011332880705595
"1634",2016-08-25,-0.00528717786073685
"1635",2016-08-26,0.00336611084640026
"1636",2016-08-29,-0.00755653949454427
"1637",2016-08-30,-0.00489533273503184
"1638",2016-08-31,0.00890259072184563
"1639",2016-09-01,-0.00667181331664324
"1640",2016-09-02,0.00767950713634491
"1641",2016-09-05,0.014472609385848
"1642",2016-09-06,-0.0104027893394232
"1643",2016-09-08,-0.000425714417360723
"1644",2016-09-09,0.00171885639429092
"1645",2016-09-12,-0.00563594279810786
"1646",2016-09-13,-0.0116417557001114
"1647",2016-09-14,0.00269564241170883
"1648",2016-09-15,0.00381326396018267
"1649",2016-09-16,-0.00140137411653996
"1650",2016-09-19,-0.00710276840254664
"1651",2016-09-20,-0.00685679819434881
"1652",2016-09-21,0.00494305463507771
"1653",2016-09-22,0.00481418799608946
"1654",2016-09-23,-0.00624297559261322
"1655",2016-09-26,-0.00147983804345131
"1656",2016-09-27,-0.000902630854398012
"1657",2016-09-28,-0.00893068686127663
"1658",2016-09-29,0.00469779223203659
"1659",2016-09-30,-0.00179042224772274
"1660",2016-10-03,0.00140784960240126
"1661",2016-10-04,0.00143569172360003
"1662",2016-10-05,-0.00647960556671023
"1663",2016-10-06,0.000909015769138932
"1664",2016-10-07,0.00597709929570556
"1665",2016-10-10,0.00210880395025015
"1666",2016-10-11,0.000188915990293026
"1667",2016-10-13,-0.00415551196783781
"1668",2016-10-14,0.000344786327332258
"1669",2016-10-17,-0.00664533022791147
"1670",2016-10-18,0.00174087285995483
"1671",2016-10-19,0.0129576493054628
"1672",2016-10-20,0.000118748983368278
"1673",2016-10-21,0.00217435136437416
"1674",2016-10-24,0.00596190011128783
"1675",2016-10-25,-0.00713540194556117
"1676",2016-10-26,-0.00263164937496185
"1677",2016-10-27,0.00719696003943682
"1678",2016-10-28,-0.00318350340239704
"1679",2016-10-31,-0.00389285245910287
"1680",2016-11-01,-0.00142131932079792
"1681",2016-11-03,0.00215166807174683
"1682",2016-11-04,-0.000911911018192768
"1683",2016-11-07,0.00554986856877804
"1684",2016-11-08,-0.00390484929084778
"1685",2016-11-09,-0.00330014806240797
"1686",2016-11-10,-0.0164935030043125
"1687",2016-11-11,-0.018671503290534
"1688",2016-11-14,-0.016584200784564
"1689",2016-11-16,-0.010344946756959
"1690",2016-11-17,0.00947782024741173
"1691",2016-11-18,0.00916700530797243
"1692",2016-11-21,-0.00279008597135544
"1693",2016-11-22,-0.0102191520854831
"1694",2016-11-23,0.00963986106216908
"1695",2016-11-24,0.0094508770853281
"1696",2016-11-25,-0.0105386301875114
"1697",2016-11-28,-0.00651061534881592
"1698",2016-11-29,0.00595557037740946
"1699",2016-11-30,0.00719982059672475
"1700",2016-12-01,-0.000648211687803268
"1701",2016-12-02,-0.0111387548968196
"1702",2016-12-05,0.00636577978730202
"1703",2016-12-06,-0.0149796940386295
"1704",2016-12-07,-0.00456489343196154
"1705",2016-12-08,0.00941885635256767
"1706",2016-12-09,0.00576898409053683
"1707",2016-12-12,-0.00399322248995304
"1708",2016-12-13,0.00030139647424221
"1709",2016-12-14,0.00277075916528702
"1710",2016-12-15,0.00550088426098228
"1711",2016-12-16,-0.000814798753708601
"1712",2016-12-19,-0.0055919736623764
"1713",2016-12-20,-0.000462462630821392
"1714",2016-12-21,0.002904930151999
"1715",2016-12-22,0.00191999902017415
"1716",2016-12-23,-0.00115920882672071
"1717",2016-12-26,-0.000425866805016994
"1718",2016-12-27,0.00269478117115796
"1719",2016-12-28,0.00191211886703968
"1720",2016-12-29,-0.013092739507556
