"","date","HML"
"1",2010-01-04,0.00330734625458717
"2",2010-01-05,0.00428580865263939
"3",2010-01-06,0.00415576808154583
"4",2010-01-07,0.00640222756192088
"5",2010-01-08,-0.00086932210251689
"6",2010-01-11,0.0118196904659271
"7",2010-01-12,-0.00267973076552153
"8",2010-01-13,0.00102097832132131
"9",2010-01-14,-0.00800229422748089
"10",2010-01-15,0.00978791899979115
"11",2010-01-18,0.000694617279805243
"12",2010-01-19,0.00310911703854799
"13",2010-01-20,-0.00224576704204082
"14",2010-01-21,-0.0120542887598276
"15",2010-01-22,0.00453883968293667
"16",2010-01-26,0.00130691193044186
"17",2010-01-27,-0.00681916903704405
"18",2010-01-28,0.0029226690530777
"19",2010-01-29,0.00418933993205428
"20",2010-02-01,-0.000621072016656399
"21",2010-02-02,0.00192992482334375
"22",2010-02-03,-0.00310026505030692
"23",2010-02-04,-0.00898448377847672
"24",2010-02-05,-0.00335721671581268
"25",2010-02-08,0.0112122120335698
"26",2010-02-09,0.00766201689839363
"27",2010-02-10,-4.91044484078884e-05
"28",2010-02-11,0.00403257366269827
"29",2010-02-12,-0.00289524672552943
"30",2010-02-18,-0.00387601461261511
"31",2010-02-19,-0.000317353289574385
"32",2010-02-22,0.003483344335109
"33",2010-02-23,-0.00107856281101704
"34",2010-02-25,0.00224595586769283
"35",2010-02-26,0.00468597793951631
"36",2010-03-01,-0.00266262795776129
"37",2010-03-02,0.00212519569322467
"38",2010-03-03,-0.00149872899055481
"39",2010-03-04,-0.00804616324603558
"40",2010-03-05,-0.00427127117291093
"41",2010-03-08,0.00450473371893167
"42",2010-03-09,0.00761660560965538
"43",2010-03-10,-0.00226894626393914
"44",2010-03-11,-0.00100049702450633
"45",2010-03-12,-0.00169801618903875
"46",2010-03-15,0.00124093750491738
"47",2010-03-16,0.0023973248898983
"48",2010-03-17,0.00258120242506266
"49",2010-03-18,-0.00137343374080956
"50",2010-03-19,-0.00303577422164381
"51",2010-03-22,-0.00500174984335899
"52",2010-03-23,-0.00148518406786025
"53",2010-03-24,-0.0030805105343461
"54",2010-03-25,-0.00436608633026481
"55",2010-03-26,0.0063197067938745
"56",2010-03-29,0.000603711698204279
"57",2010-03-30,0.00140590802766383
"58",2010-03-31,0.000180846080183983
"59",2010-04-01,0.00153486430644989
"60",2010-04-05,0.00441888486966491
"61",2010-04-06,0.000543586676940322
"62",2010-04-07,0.00114670116454363
"63",2010-04-08,-0.000810577534139156
"64",2010-04-09,-0.000518282875418663
"65",2010-04-12,-0.00217682588845491
"66",2010-04-13,-0.0089190062135458
"67",2010-04-14,0.00574301369488239
"68",2010-04-15,-0.00060368818230927
"69",2010-04-16,-0.00184686854481697
"70",2010-04-19,-0.0103768650442362
"71",2010-04-20,-0.00268091214820743
"72",2010-04-22,-0.00768668856471777
"73",2010-04-23,0.000521600130014122
"74",2010-04-26,0.00230457517318428
"75",2010-04-27,-0.0061957947909832
"76",2010-04-28,-0.00177574274130166
"77",2010-04-29,-0.00250757392495871
"78",2010-04-30,-0.00121885852422565
"79",2010-05-03,-0.00111569324508309
"80",2010-05-04,-0.00279867649078369
"81",2010-05-05,-0.00252719130367041
"82",2010-05-06,-0.0132671967148781
"83",2010-05-07,-0.0141479503363371
"84",2010-05-10,0.0121799670159817
"85",2010-05-11,-4.45637851953506e-05
"86",2010-05-12,0.0124594094231725
"87",2010-05-13,-0.0103102084249258
"88",2010-05-14,-0.00650984048843384
"89",2010-05-17,-0.0171252433210611
"90",2010-05-18,-0.00434489920735359
"91",2010-05-19,-0.012161822989583
"92",2010-05-20,0.00444682873785496
"93",2010-05-21,0.000469125807285309
"94",2010-05-24,-0.00350125879049301
"95",2010-05-25,-0.004250249825418
"96",2010-05-26,0.00721139367669821
"97",2010-05-27,0.0116407480090857
"98",2010-05-28,0.00705370493233204
"99",2010-05-31,0.0049566924571991
"100",2010-06-01,-0.00122551620006561
"101",2010-06-02,0.00321479141712189
"102",2010-06-04,-0.00577078852802515
"103",2010-06-07,-0.00593675952404737
"104",2010-06-08,0.00968833267688751
"105",2010-06-09,-0.00261742202565074
"106",2010-06-10,0.000781325623393059
"107",2010-06-11,-0.0023489105515182
"108",2010-06-14,-0.00671276310458779
"109",2010-06-15,0.00636312738060951
"110",2010-06-16,-4.87468205392361e-05
"111",2010-06-17,-0.00379824638366699
"112",2010-06-18,0.000849842093884945
"113",2010-06-21,0.00534445466473699
"114",2010-06-22,-0.000667573185637593
"115",2010-06-23,0.0116499671712518
"116",2010-06-24,0.0052728857845068
"117",2010-06-25,-0.00280332379043102
"118",2010-06-28,-0.00642372341826558
"119",2010-06-29,-0.00816705264151096
"120",2010-06-30,0.00328244967386127
"121",2010-07-01,-0.00191835383884609
"122",2010-07-02,0.00334643153473735
"123",2010-07-05,0.000336738303303719
"124",2010-07-06,-0.0106992665678263
"125",2010-07-07,0.00298601388931274
"126",2010-07-08,0.00934557802975178
"127",2010-07-12,-0.000480920076370239
"128",2010-07-13,-0.010285584256053
"129",2010-07-14,-0.000227556796744466
"130",2010-07-15,0.00474365660920739
"131",2010-07-16,-0.00298109371215105
"132",2010-07-19,0.00168529432266951
"133",2010-07-20,-0.000188933219760656
"134",2010-07-21,0.00447440426796675
"135",2010-07-22,0.00443582609295845
"136",2010-07-23,0.000587549991905689
"137",2010-07-26,0.00397741282358766
"138",2010-07-27,-0.00624462123960257
"139",2010-07-28,0.0015410064952448
"140",2010-07-29,-0.00798398070037365
"141",2010-07-30,-0.0027329595759511
"142",2010-08-02,0.00627022236585617
"143",2010-08-03,-0.0109040113165975
"144",2010-08-04,-0.00156541122123599
"145",2010-08-05,0.000535389874130487
"146",2010-08-06,0.00631686951965094
"147",2010-08-09,0.0021358453668654
"148",2010-08-10,-0.00294339563697577
"149",2010-08-11,-0.00802886858582497
"150",2010-08-12,-0.00359299127012491
"151",2010-08-13,0.0099364910274744
"152",2010-08-16,-0.00288029899820685
"153",2010-08-17,-0.00067612063139677
"154",2010-08-18,0.00919708795845509
"155",2010-08-19,-0.0047262767329812
"156",2010-08-20,-0.00927000679075718
"157",2010-08-23,-0.00044952379539609
"158",2010-08-24,-0.000415348913520575
"159",2010-08-25,-0.000876699108630419
"160",2010-08-26,-0.00357511406764388
"161",2010-08-27,0.00891642645001411
"162",2010-08-30,-0.00886464305222034
"163",2010-08-31,0.0031067943200469
"164",2010-09-01,0.00472071208059788
"165",2010-09-02,-0.00218535796739161
"166",2010-09-03,-0.00958733260631561
"167",2010-09-06,-0.000710118329152465
"168",2010-09-08,-0.000551590288523585
"169",2010-09-09,0.00211853254586458
"170",2010-09-10,-0.00332607375457883
"171",2010-09-13,0.00108988583087921
"172",2010-09-14,0.00197119964286685
"173",2010-09-15,0.00145369116216898
"174",2010-09-16,-0.0033192781265825
"175",2010-09-17,0.00471133273094893
"176",2010-09-20,0.000249035656452179
"177",2010-09-21,0.00156233343295753
"178",2010-09-22,-0.000220065470784903
"179",2010-09-23,-0.00733655551448464
"180",2010-09-24,-0.00774548016488552
"181",2010-09-27,0.00524275749921799
"182",2010-09-28,-0.00195728940889239
"183",2010-09-29,-0.0095262685790658
"184",2010-09-30,-0.000743612181395292
"185",2010-10-01,-0.00269103143364191
"186",2010-10-04,-0.00460666185244918
"187",2010-10-05,0.00323055405169725
"188",2010-10-06,0.00177199707832187
"189",2010-10-07,-0.00467460229992867
"190",2010-10-08,0.0027923695743084
"191",2010-10-11,0.00194392167031765
"192",2010-10-13,0.00578194111585617
"193",2010-10-14,0.00185173703357577
"194",2010-10-15,0.0032447949051857
"195",2010-10-18,0.000723133562132716
"196",2010-10-19,-0.0088740698993206
"197",2010-10-20,-0.00125317554920912
"198",2010-10-21,-0.00611058948561549
"199",2010-10-22,0.00281608290970325
"200",2010-10-25,-0.00966516509652138
"201",2010-10-26,0.00580005627125502
"202",2010-10-27,0.00340565852820873
"203",2010-10-28,-0.00188646139577031
"204",2010-10-29,-0.00613033678382635
"205",2010-11-01,0.00599703099578619
"206",2010-11-03,0.00241117039695382
"207",2010-11-04,0.00671332748606801
"208",2010-11-05,-0.00167024508118629
"209",2010-11-08,0.00749742798507214
"210",2010-11-09,-0.00842026621103287
"211",2010-11-10,-0.0155188944190741
"212",2010-11-11,-0.00160350603982806
"213",2010-11-12,-0.00441184546798468
"214",2010-11-16,-0.00443851947784424
"215",2010-11-17,0.00026989821344614
"216",2010-11-18,-0.00662179291248322
"217",2010-11-19,-0.000454965513199568
"218",2010-11-22,-0.00571028981357813
"219",2010-11-23,0.00021405890583992
"220",2010-11-24,0.00717347115278244
"221",2010-11-25,-0.00130440329667181
"222",2010-11-26,-0.00264877919107676
"223",2010-11-29,-0.00311410799622536
"224",2010-11-30,0.00340364989824593
"225",2010-12-01,0.00654115248471498
"226",2010-12-02,-0.000931291375309229
"227",2010-12-03,0.0140421027317643
"228",2010-12-06,-0.00570215983316302
"229",2010-12-07,0.00116968108341098
"230",2010-12-08,-0.0061086006462574
"231",2010-12-09,0.00116137228906155
"232",2010-12-10,0.00614294689148664
"233",2010-12-13,0.00304096285253763
"234",2010-12-14,0.00383442407473922
"235",2010-12-15,0.00681357830762863
"236",2010-12-16,0.000174534507095814
"237",2010-12-17,0.00439893128350377
"238",2010-12-20,-0.00185454031452537
"239",2010-12-21,-0.00232320185750723
"240",2010-12-22,0.000415642978623509
"241",2010-12-23,0.00354065652936697
"242",2010-12-27,0.00272584520280361
"243",2010-12-28,0.0018657207256183
"244",2010-12-29,-0.00385666452348232
"245",2010-12-30,0.00115631893277168
"246",2011-01-03,-0.00589782232418656
"247",2011-01-04,0.00780426431447268
"248",2011-01-05,0.00615185499191284
"249",2011-01-06,0.00214380118995905
"250",2011-01-07,-0.000880786683410406
"251",2011-01-10,-0.00610045669600368
"252",2011-01-11,-0.00134666275698692
"253",2011-01-12,0.0118261575698853
"254",2011-01-13,0.00307061336934566
"255",2011-01-14,0.00858843140304089
"256",2011-01-17,-0.000395281240344048
"257",2011-01-18,-0.00144247873686254
"258",2011-01-19,0.000867985188961029
"259",2011-01-20,0.000762097770348191
"260",2011-01-21,0.0013521071523428
"261",2011-01-24,0.00460956012830138
"262",2011-01-26,-0.00455003418028355
"263",2011-01-27,0.00547183491289616
"264",2011-01-28,0.00799723155796528
"265",2011-01-31,0.000555046717636287
"266",2011-02-01,0.00399661064147949
"267",2011-02-02,0.0136607168242335
"268",2011-02-03,0.00817695818841457
"269",2011-02-04,-0.00436682812869549
"270",2011-02-07,-0.000445735640823841
"271",2011-02-08,7.53486528992653e-06
"272",2011-02-09,0.00285341218113899
"273",2011-02-10,0.0020687528885901
"274",2011-02-11,-0.00410771835595369
"275",2011-02-14,-0.000675148330628872
"276",2011-02-15,-0.00601311586797237
"277",2011-02-16,-0.00350235123187304
"278",2011-02-17,0.000993505585938692
"279",2011-02-18,-0.00186337064951658
"280",2011-02-21,0.00177112361416221
"281",2011-02-22,-0.00500704720616341
"282",2011-02-23,0.00131932552903891
"283",2011-02-24,0.000958306016400456
"284",2011-02-25,0.000405107333790511
"285",2011-02-28,-0.000241081230342388
"286",2011-03-01,-0.00295290816575289
"287",2011-03-02,0.00377717427909374
"288",2011-03-03,0.00305181089788675
"289",2011-03-04,-0.00075792521238327
"290",2011-03-10,-0.0068726809695363
"291",2011-03-11,0.00706782983615994
"292",2011-03-14,-0.0072330292314291
"293",2011-03-15,-0.00068840803578496
"294",2011-03-16,-0.00282736076042056
"295",2011-03-17,0.00574742164462805
"296",2011-03-18,0.0107663674280047
"297",2011-03-21,-0.00230542896315455
"298",2011-03-22,-0.00121947843581438
"299",2011-03-23,0.00604193517938256
"300",2011-03-24,-0.00619489513337612
"301",2011-03-25,0.00103925727307796
"302",2011-03-28,-0.00141975050792098
"303",2011-03-29,0.00223128334619105
"304",2011-03-30,-0.00110862124711275
"305",2011-03-31,0.00417730957269669
"306",2011-04-01,0.00491627678275108
"307",2011-04-04,-0.00042054639197886
"308",2011-04-05,0.00610180338844657
"309",2011-04-06,-0.00344739109277725
"310",2011-04-07,-0.0025456752628088
"311",2011-04-08,0.000875786412507296
"312",2011-04-11,-0.00532427523285151
"313",2011-04-12,-0.00742573756724596
"314",2011-04-13,-0.00421361299231648
"315",2011-04-14,0.000590900075621903
"316",2011-04-15,-0.00325128436088562
"317",2011-04-18,7.52951018512249e-05
"318",2011-04-19,0.0052531436085701
"319",2011-04-20,-0.0101030357182026
"320",2011-04-25,0.000915594631806016
"321",2011-04-26,0.00463010650128126
"322",2011-04-27,-0.00794866308569908
"323",2011-04-28,-0.00534139340743423
"324",2011-04-29,-0.000499707646667957
"325",2011-05-02,-0.0136980935931206
"326",2011-05-03,0.00327484402805567
"327",2011-05-04,0.000595670659095049
"328",2011-05-05,-0.00515781994909048
"329",2011-05-06,-0.00506163761019707
"330",2011-05-09,0.00432283338159323
"331",2011-05-10,0.0107951704412699
"332",2011-05-11,-0.00140259694308043
"333",2011-05-12,0.00186921376734972
"334",2011-05-13,-0.0107631087303162
"335",2011-05-16,-0.00415897555649281
"336",2011-05-17,-0.000382938422262669
"337",2011-05-18,0.00211511412635446
"338",2011-05-19,0.00776438135653734
"339",2011-05-20,0.00557311158627272
"340",2011-05-23,-0.00428475486114621
"341",2011-05-24,0.00252793915569782
"342",2011-05-25,0.00343537097796798
"343",2011-05-26,0.000643797568045557
"344",2011-05-27,-0.00333844404667616
"345",2011-05-30,0.0040903021581471
"346",2011-05-31,0.00162020046263933
"347",2011-06-01,0.00079144723713398
"348",2011-06-02,-0.0011548874899745
"349",2011-06-03,0.000782122369855642
"350",2011-06-06,-0.00886600743979216
"351",2011-06-07,-0.00309403287246823
"352",2011-06-08,-0.00717748887836933
"353",2011-06-09,0.00239740824326873
"354",2011-06-10,0.00335787842050195
"355",2011-06-13,0.00477387942373753
"356",2011-06-14,-0.000682011479511857
"357",2011-06-15,-0.00509731192141771
"358",2011-06-16,0.0026011960580945
"359",2011-06-17,0.00877964589744806
"360",2011-06-20,-0.00778005551546812
"361",2011-06-21,-0.00211449014022946
"362",2011-06-22,-0.00569737516343594
"363",2011-06-24,-0.00317853107117116
"364",2011-06-27,0.00263236905448139
"365",2011-06-28,-0.00723377708345652
"366",2011-06-29,0.00818409025669098
"367",2011-06-30,0.0015603278297931
"368",2011-07-01,-0.0086628682911396
"369",2011-07-04,0.00114939687773585
"370",2011-07-05,-0.00542726088315248
"371",2011-07-06,0.00341972289606929
"372",2011-07-07,0.00627197604626417
"373",2011-07-08,0.00124716386198997
"374",2011-07-11,-0.00788663327693939
"375",2011-07-12,-0.00333292130380869
"376",2011-07-13,0.000731443054974079
"377",2011-07-14,-0.00401749089360237
"378",2011-07-15,0.00713758170604706
"379",2011-07-18,-0.00100267212837934
"380",2011-07-19,-0.00380954053252935
"381",2011-07-20,0.0011970407795161
"382",2011-07-21,0.0115103544667363
"383",2011-07-22,-0.00400570221245289
"384",2011-07-25,0.00169106619432569
"385",2011-07-26,-0.00651687989011407
"386",2011-07-27,-0.00523782707750797
"387",2011-07-28,-0.0086045078933239
"388",2011-07-29,0.00287175737321377
"389",2011-08-01,-0.0024389608297497
"390",2011-08-02,-0.00623091589659452
"391",2011-08-03,-0.00772858783602715
"392",2011-08-04,-0.00519470125436783
"393",2011-08-05,0.00172694772481918
"394",2011-08-08,-0.00390128046274185
"395",2011-08-09,0.000869788229465485
"396",2011-08-10,-0.000936788041144609
"397",2011-08-11,0.00368427485227585
"398",2011-08-12,-2.44835573539604e-05
"399",2011-08-15,0.00746742635965347
"400",2011-08-16,-0.00808304827660322
"401",2011-08-17,0.00402900017797947
"402",2011-08-18,-0.0128838876262307
"403",2011-08-19,-0.00567132188007236
"404",2011-08-22,0.000738368486054242
"405",2011-08-23,0.00026029534637928
"406",2011-08-24,-0.00456814095377922
"407",2011-08-25,0.00259948614984751
"408",2011-08-26,-0.00411446020007133
"409",2011-08-29,0.00128416530787945
"410",2011-08-30,-0.00440621841698885
"411",2011-08-31,-0.00457924790680408
"412",2011-09-01,-0.0047070886939764
"413",2011-09-02,-0.00464382022619247
"414",2011-09-05,-0.00269996374845505
"415",2011-09-06,0.0027125608175993
"416",2011-09-08,0.00123321730643511
"417",2011-09-09,-0.00040489062666893
"418",2011-09-12,0.00624929275363684
"419",2011-09-13,-0.00634478917345405
"420",2011-09-14,0.00577473640441895
"421",2011-09-15,0.00852366257458925
"422",2011-09-16,0.0010148836299777
"423",2011-09-19,0.00280408142134547
"424",2011-09-20,-0.00539285689592361
"425",2011-09-21,0.003267761785537
"426",2011-09-22,-0.00263024494051933
"427",2011-09-23,-0.00715217273682356
"428",2011-09-26,-0.0085823992267251
"429",2011-09-27,-0.00447694910690188
"430",2011-09-28,-0.00280539132654667
"431",2011-09-29,0.00600501010194421
"432",2011-09-30,-0.00502719823271036
"433",2011-10-03,-0.000453127548098564
"434",2011-10-04,0.0057970741763711
"435",2011-10-05,-0.00127655360847712
"436",2011-10-06,0.00210687518119812
"437",2011-10-07,-0.00955130439251661
"438",2011-10-10,0.00791145674884319
"439",2011-10-11,0.00665250420570374
"440",2011-10-13,0.0104978419840336
"441",2011-10-14,0.000128017272800207
"442",2011-10-17,-0.00463475845754147
"443",2011-10-18,0.00574957020580769
"444",2011-10-19,-0.0111190918833017
"445",2011-10-20,-0.00138894468545914
"446",2011-10-21,0.0112504111602902
"447",2011-10-24,0.00822820700705051
"448",2011-10-25,-0.00457291910424829
"449",2011-10-26,0.00714634638279676
"450",2011-10-27,0.0197553299367428
"451",2011-10-28,-0.00475895451381803
"452",2011-10-31,0.00771173508837819
"453",2011-11-01,-0.00725778471678495
"454",2011-11-03,-0.000999122858047485
"455",2011-11-04,0.0165705680847168
"456",2011-11-07,0.00632548378780484
"457",2011-11-08,0.00140264956280589
"458",2011-11-09,-0.00543185975402594
"459",2011-11-10,0.0049480302259326
"460",2011-11-11,0.000349227339029312
"461",2011-11-14,-0.0082996403798461
"462",2011-11-16,-0.00293740327470005
"463",2011-11-17,-0.00741550885140896
"464",2011-11-18,0.00276582501828671
"465",2011-11-21,0.00297468528151512
"466",2011-11-22,0.00180463725700974
"467",2011-11-23,-0.00549107603728771
"468",2011-11-24,0.00235504331067204
"469",2011-11-25,-0.00330178858712316
"470",2011-11-28,-0.00197353027760983
"471",2011-11-29,-0.00994999147951603
"472",2011-11-30,0.00776777975261211
"473",2011-12-01,-0.000723563134670258
"474",2011-12-02,0.00320152775384486
"475",2011-12-05,-0.00243234261870384
"476",2011-12-06,-0.00181873049587011
"477",2011-12-07,-0.0076182633638382
"478",2011-12-08,-0.00667812488973141
"479",2011-12-09,0.00124276475980878
"480",2011-12-12,-0.000459589995443821
"481",2011-12-13,0.00724014360457659
"482",2011-12-14,-0.000495446845889091
"483",2011-12-15,-0.00349896820262074
"484",2011-12-16,-0.00972690526396036
"485",2011-12-19,-0.0092255175113678
"486",2011-12-20,0.00753194093704224
"487",2011-12-21,0.00758499000221491
"488",2011-12-22,0.00863029807806015
"489",2011-12-23,0.00594251975417137
"490",2011-12-26,-0.000238540233112872
"491",2011-12-27,0.00143323466181755
"492",2011-12-28,-0.0100015150383115
"493",2011-12-29,-0.00830730050802231
"494",2012-01-02,0.00960004888474941
"495",2012-01-03,0.00393814593553543
"496",2012-01-04,0.00509812962263823
"497",2012-01-05,-0.001079804264009
"498",2012-01-06,0.00290196621790528
"499",2012-01-09,-0.000362464226782322
"500",2012-01-10,0.00148822693154216
"501",2012-01-11,-0.00421383697539568
"502",2012-01-12,-0.00530050043016672
"503",2012-01-13,-0.00630045030266047
"504",2012-01-16,0.00408960785716772
"505",2012-01-18,0.0040996097959578
"506",2012-01-19,-0.000374189577996731
"507",2012-01-20,-0.00186456274241209
"508",2012-01-23,-0.000337911129463464
"509",2012-01-24,-5.10516110807657e-05
"510",2012-01-26,-0.00280501274392009
"511",2012-01-27,0.0110936630517244
"512",2012-01-30,0.00469938572496176
"513",2012-01-31,-0.00635494198650122
"514",2012-02-01,-0.00103057734668255
"515",2012-02-02,0.00830698758363724
"516",2012-02-03,0.00130569003522396
"517",2012-02-06,-0.00821650307625532
"518",2012-02-07,0.00183136016130447
"519",2012-02-08,0.00595003552734852
"520",2012-02-09,4.06566541641951e-05
"521",2012-02-10,-0.00880860351026058
"522",2012-02-13,0.00356946233659983
"523",2012-02-14,-0.00162020954303443
"524",2012-02-15,-0.00154589302837849
"525",2012-02-16,0.00121487211436033
"526",2012-02-17,-0.00263699796050787
"527",2012-02-23,-0.00549210282042623
"528",2012-02-24,-0.00943538639694452
"529",2012-02-27,0.00105721596628428
"530",2012-02-28,0.00907923653721809
"531",2012-02-29,-0.00408152397722006
"532",2012-03-01,0.00569802802056074
"533",2012-03-02,0.0142763946205378
"534",2012-03-05,-0.0063354317098856
"535",2012-03-06,-0.0103991022333503
"536",2012-03-07,0.00507050100713968
"537",2012-03-08,-0.00118365883827209
"538",2012-03-09,0.00129003822803497
"539",2012-03-12,0.00424132030457258
"540",2012-03-13,0.0121681727468967
"541",2012-03-14,-0.00503933010622859
"542",2012-03-15,-0.000113662797957659
"543",2012-03-16,0.00168754160404205
"544",2012-03-19,0.000267665833234787
"545",2012-03-20,-0.00256627798080444
"546",2012-03-21,-0.000695516297128052
"547",2012-03-22,-0.00455573480576277
"548",2012-03-23,-0.00149293779395521
"549",2012-03-26,-0.00556603912264109
"550",2012-03-27,-0.0102570755407214
"551",2012-03-28,-0.00271227117627859
"552",2012-03-29,0.00736934458836913
"553",2012-03-30,0.000961235666181892
"554",2012-04-02,0.00049945805221796
"555",2012-04-03,-0.00465351715683937
"556",2012-04-04,-0.00253396714106202
"557",2012-04-05,0.000537383370101452
"558",2012-04-09,-0.00570117030292749
"559",2012-04-10,-0.0042590256780386
"560",2012-04-11,-0.00533869164064527
"561",2012-04-12,0.00329998321831226
"562",2012-04-13,-0.012343448586762
"563",2012-04-16,-0.00646500149741769
"564",2012-04-17,0.00303454231470823
"565",2012-04-18,0.00953797250986099
"566",2012-04-19,0.000142774340929464
"567",2012-04-20,-0.00629277667030692
"568",2012-04-23,-0.00829197466373444
"569",2012-04-24,0.00304145319387317
"570",2012-04-25,0.00177771307062358
"571",2012-04-26,0.000581794651225209
"572",2012-04-27,-0.0123960431665182
"573",2012-04-30,-0.00291395699605346
"574",2012-05-02,0.000376662705093622
"575",2012-05-03,-0.00560117466375232
"576",2012-05-04,-0.0121939517557621
"577",2012-05-07,0.00150298420339823
"578",2012-05-08,-0.00496299564838409
"579",2012-05-09,-0.00189339346252382
"580",2012-05-10,-0.0052727647125721
"581",2012-05-11,-0.00161043263506144
"582",2012-05-14,-0.00788411870598793
"583",2012-05-15,0.00412980280816555
"584",2012-05-16,0.00352978310547769
"585",2012-05-17,-0.00959950871765614
"586",2012-05-18,-0.00142463739030063
"587",2012-05-21,-0.00218931771814823
"588",2012-05-22,-0.00319527834653854
"589",2012-05-23,0.00802803691476583
"590",2012-05-24,-0.00142671400681138
"591",2012-05-25,-0.00334430020302534
"592",2012-05-28,-0.00147111807018518
"593",2012-05-29,-0.00489362329244614
"594",2012-05-30,-0.00915874447673559
"595",2012-05-31,-0.00789924245327711
"596",2012-06-01,0.0057904738932848
"597",2012-06-04,-0.0107521032914519
"598",2012-06-05,-0.00369514990597963
"599",2012-06-06,0.00230663828551769
"600",2012-06-08,0.00696132425218821
"601",2012-06-11,0.000995386159047484
"602",2012-06-12,0.00361536163836718
"603",2012-06-13,0.00639250688254833
"604",2012-06-14,0.00168880564160645
"605",2012-06-15,0.00617919396609068
"606",2012-06-18,-0.00250200182199478
"607",2012-06-19,0.0015919990837574
"608",2012-06-20,0.00332845654338598
"609",2012-06-21,-0.00921816565096378
"610",2012-06-22,0.0016871658153832
"611",2012-06-25,-0.00476424023509026
"612",2012-06-26,0.00450665829703212
"613",2012-06-27,0.00585972610861063
"614",2012-06-28,0.00156392529606819
"615",2012-06-29,0.00293555296957493
"616",2012-07-02,-0.0099718002602458
"617",2012-07-03,0.00893846619874239
"618",2012-07-04,0.00364248873665929
"619",2012-07-05,0.00265656062401831
"620",2012-07-06,-0.00227653048932552
"621",2012-07-10,-0.00664280075579882
"622",2012-07-11,-0.00554466713219881
"623",2012-07-12,0.0010073846206069
"624",2012-07-13,0.00610333029180765
"625",2012-07-16,-0.0108149517327547
"626",2012-07-17,0.011769070290029
"627",2012-07-18,0.00615380937233567
"628",2012-07-19,0.00499650370329618
"629",2012-07-20,-0.00912538357079029
"630",2012-07-23,-0.0182133298367262
"631",2012-07-24,-0.00288987974636257
"632",2012-07-25,-0.000262477551586926
"633",2012-07-26,0.00985291227698326
"634",2012-07-27,0.0128449890762568
"635",2012-07-30,0.00726622622460127
"636",2012-07-31,-0.00373044889420271
"637",2012-08-01,0.00467767659574747
"638",2012-08-02,-0.00467639230191708
"639",2012-08-03,0.017731873318553
"640",2012-08-06,0.00478469114750624
"641",2012-08-07,-0.00512911379337311
"642",2012-08-08,0.00648136530071497
"643",2012-08-09,0.00114476680755615
"644",2012-08-10,0.0128264734521508
"645",2012-08-13,-0.00165198370814323
"646",2012-08-14,-0.0097590908408165
"647",2012-08-15,0.00287998910062015
"648",2012-08-16,0.0151388747617602
"649",2012-08-17,0.00106522021815181
"650",2012-08-20,0.00261691515333951
"651",2012-08-21,-0.00328765576705337
"652",2012-08-22,0.00470808520913124
"653",2012-08-23,-0.00824844557791948
"654",2012-08-24,0.00203584600239992
"655",2012-08-27,-0.00945671275258064
"656",2012-08-28,0.00455905217677355
"657",2012-08-29,-0.00940118171274662
"658",2012-08-30,-0.000264195492491126
"659",2012-08-31,-0.0139052299782634
"660",2012-09-03,0.00590837933123112
"661",2012-09-04,-0.00140942819416523
"662",2012-09-05,0.00253511872142553
"663",2012-09-06,0.00416070502251387
"664",2012-09-10,-0.0045490562915802
"665",2012-09-11,0.00709016062319279
"666",2012-09-12,0.00355142261832952
"667",2012-09-13,0.0219951160252094
"668",2012-09-14,-0.00274241156876087
"669",2012-09-17,-0.00790279358625412
"670",2012-09-18,0.00217542750760913
"671",2012-09-19,0.00046168448170647
"672",2012-09-20,-0.00144074507988989
"673",2012-09-21,-0.00426700850948691
"674",2012-09-24,0.00523409945890307
"675",2012-09-25,0.0036179912276566
"676",2012-09-26,-0.00195367820560932
"677",2012-09-27,0.00301777361892164
"678",2012-09-28,-0.00464657275006175
"679",2012-10-01,-0.00127373728901148
"680",2012-10-02,-0.00429318659007549
"681",2012-10-03,-0.00807761773467064
"682",2012-10-04,-0.00951316766440868
"683",2012-10-05,0.00378773035481572
"684",2012-10-08,-0.00067144725471735
"685",2012-10-09,0.00113449851050973
"686",2012-10-10,-0.00154721923172474
"687",2012-10-11,0.0102487467229366
"688",2012-10-15,0.0014463784173131
"689",2012-10-16,0.00518657360225916
"690",2012-10-17,-0.00418178830295801
"691",2012-10-18,0.00282146432437003
"692",2012-10-19,-0.00043268408626318
"693",2012-10-22,-0.000676239258609712
"694",2012-10-23,-0.00845472607761621
"695",2012-10-24,-0.00639802683144808
"696",2012-10-25,-0.00114617636427283
"697",2012-10-26,-0.00185757735744119
"698",2012-10-29,-0.00149418599903584
"699",2012-10-30,0.000895699486136436
"700",2012-10-31,-0.0085069453343749
"701",2012-11-01,0.0032363086938858
"702",2012-11-05,-0.00453284895047545
"703",2012-11-06,0.00710565829649568
"704",2012-11-07,-0.00404488807544112
"705",2012-11-08,-0.0108068753033876
"706",2012-11-09,0.00182871520519257
"707",2012-11-12,-0.000232021324336529
"708",2012-11-13,0.00608479138463736
"709",2012-11-14,-0.0111188450828195
"710",2012-11-16,-0.013861489482224
"711",2012-11-19,-0.00372013216838241
"712",2012-11-21,0.00503574125468731
"713",2012-11-22,0.00577035918831825
"714",2012-11-23,0.0167142506688833
"715",2012-11-26,0.00182496663182974
"716",2012-11-27,-0.00156875001266599
"717",2012-11-28,0.0062935957685113
"718",2012-11-29,-0.00875196419656277
"719",2012-11-30,-0.00319028133526444
"720",2012-12-03,0.00909105688333511
"721",2012-12-04,-0.00780119141563773
"722",2012-12-05,0.00332436850294471
"723",2012-12-06,-0.00255100172944367
"724",2012-12-07,0.00747857429087162
"725",2012-12-10,-0.00288428785279393
"726",2012-12-11,5.18684973940253e-05
"727",2012-12-12,-0.00138445501215756
"728",2012-12-13,-0.00119368289597332
"729",2012-12-14,0.00614197924733162
"730",2012-12-17,-0.00131783774122596
"731",2012-12-18,0.0135362697765231
"732",2012-12-19,0.00297128688544035
"733",2012-12-20,-0.000887534581124783
"734",2012-12-21,0.00501982402056456
"735",2012-12-26,-0.00423000426962972
"736",2012-12-27,-0.00370185961946845
"737",2012-12-28,0.00255151838064194
"738",2013-01-02,0.0118070654571056
"739",2013-01-03,0.00555602973327041
"740",2013-01-04,-0.0135160721838474
"741",2013-01-07,0.000383386854082346
"742",2013-01-08,6.47259876132011e-05
"743",2013-01-09,0.00168586801737547
"744",2013-01-10,0.00751798320561647
"745",2013-01-11,0.00250273430719972
"746",2013-01-14,0.00635956879705191
"747",2013-01-15,0.00689034722745419
"748",2013-01-16,-0.00451718177646399
"749",2013-01-17,0.00927676912397146
"750",2013-01-18,0.00519331637769938
"751",2013-01-21,0.00709550688043237
"752",2013-01-22,-0.000189204991329461
"753",2013-01-23,0.00743447104468942
"754",2013-01-24,0.00326197221875191
"755",2013-01-28,-0.0102747566998005
"756",2013-01-29,-0.00214116042479873
"757",2013-01-30,-0.00360202649608254
"758",2013-01-31,-0.00812262110412121
"759",2013-02-01,0.00289777852594852
"760",2013-02-04,-0.0078221233561635
"761",2013-02-05,0.00257584266364574
"762",2013-02-06,-0.00785812176764011
"763",2013-02-07,-0.00772169372066855
"764",2013-02-08,-0.000183222582563758
"765",2013-02-14,-0.00649605179205537
"766",2013-02-15,-0.00359490560367703
"767",2013-02-18,-0.000344561878591776
"768",2013-02-19,0.00171415717341006
"769",2013-02-20,-0.0126579124480486
"770",2013-02-21,-0.000103950733318925
"771",2013-02-22,0.00683272536844015
"772",2013-02-25,0.00571697624400258
"773",2013-02-26,0.00117189483717084
"774",2013-02-27,0.00583592895418406
"775",2013-02-28,0.00313698779791594
"776",2013-03-01,-0.0131693873554468
"777",2013-03-04,0.00498552899807692
"778",2013-03-05,-0.0101763028651476
"779",2013-03-06,0.0125562567263842
"780",2013-03-07,0.0174606572836637
"781",2013-03-08,-0.00231702183373272
"782",2013-03-11,0.00234033586457372
"783",2013-03-12,-0.0004510129801929
"784",2013-03-13,-0.0106397494673729
"785",2013-03-14,-0.00643498403951526
"786",2013-03-15,-0.00199850089848042
"787",2013-03-18,0.00297392182983458
"788",2013-03-19,-0.0126343527808785
"789",2013-03-20,-0.00405319826677442
"790",2013-03-21,-0.00120300194248557
"791",2013-03-22,-0.00023496663197875
"792",2013-03-25,-0.00801821798086166
"793",2013-03-26,0.00925737340003252
"794",2013-03-27,-0.00462985364720225
"795",2013-03-28,-0.0033464995212853
"796",2013-04-01,0.0050673927180469
"797",2013-04-02,-0.0181763619184494
"798",2013-04-03,0.0096085462719202
"799",2013-04-04,0.00572548946365714
"800",2013-04-05,0.0102794803678989
"801",2013-04-08,-0.00066585186868906
"802",2013-04-09,-0.00258037773892283
"803",2013-04-10,0.00339006772264838
"804",2013-04-11,-0.00479045370593667
"805",2013-04-12,-0.00322903878986835
"806",2013-04-15,-0.0161043237894773
"807",2013-04-16,0.00199419911950827
"808",2013-04-17,-0.0198448952287436
"809",2013-04-18,0.00455876719206572
"810",2013-04-19,0.00185005087405443
"811",2013-04-22,0.00494316732510924
"812",2013-04-23,-0.00377664435654879
"813",2013-04-24,-0.00389602757059038
"814",2013-04-25,0.00015677185729146
"815",2013-04-26,-0.00580642465502024
"816",2013-04-29,0.00390371982939541
"817",2013-04-30,-0.00260933954268694
"818",2013-05-02,-0.00822457112371922
"819",2013-05-03,-0.00442929286509752
"820",2013-05-06,-0.00566573021933436
"821",2013-05-07,0.00480024144053459
"822",2013-05-08,-0.00102235842496157
"823",2013-05-09,-0.00405058730393648
"824",2013-05-10,-0.00461651338264346
"825",2013-05-13,-0.00512051908299327
"826",2013-05-14,-0.00731836119666696
"827",2013-05-15,-0.00700558349490166
"828",2013-05-16,0.00521498825401068
"829",2013-05-17,0.00500205205753446
"830",2013-05-20,-0.0023758162278682
"831",2013-05-21,0.00883104745298624
"832",2013-05-22,0.00299788895063102
"833",2013-05-23,0.00897230301052332
"834",2013-05-24,0.00474563986063004
"835",2013-05-27,0.00461074244230986
"836",2013-05-28,-0.00891541223973036
"837",2013-05-29,-0.0086819501593709
"838",2013-05-31,-0.015454457141459
"839",2013-06-03,0.0133570618927479
"840",2013-06-04,0.000528412288986146
"841",2013-06-05,-0.00734818540513515
"842",2013-06-06,0.00417523225769401
"843",2013-06-07,-0.0126292807981372
"844",2013-06-10,-0.00807099975645542
"845",2013-06-11,-0.0145531017333269
"846",2013-06-12,-0.00161351822316647
"847",2013-06-13,0.0204997546970844
"848",2013-06-14,-0.00269002746790648
"849",2013-06-17,-0.0192394312471151
"850",2013-06-18,0.00453119119629264
"851",2013-06-19,-0.0181210078299046
"852",2013-06-20,0.00523069920018315
"853",2013-06-21,-0.0162164308130741
"854",2013-06-24,-0.0058850571513176
"855",2013-06-25,0.01553057692945
"856",2013-06-26,0.00387295242398977
"857",2013-06-27,-0.00322310533374548
"858",2013-06-28,-0.00340336537919939
"859",2013-07-01,0.00260518630966544
"860",2013-07-02,-0.0129327196627855
"861",2013-07-03,0.000278182327747345
"862",2013-07-04,-0.0021285330876708
"863",2013-07-05,0.00236278865486383
"864",2013-07-08,0.00601974548771977
"865",2013-07-10,0.00470448099076748
"866",2013-07-11,0.0116724129766226
"867",2013-07-12,-0.015542957931757
"868",2013-07-15,0.0193282291293144
"869",2013-07-16,-0.00310837430879474
"870",2013-07-17,0.00701660150662065
"871",2013-07-18,0.0113480482250452
"872",2013-07-19,0.0108428532257676
"873",2013-07-22,0.00770354829728603
"874",2013-07-23,0.00301712891086936
"875",2013-07-24,-0.00690140901133418
"876",2013-07-25,0.00839416682720184
"877",2013-07-26,0.00256909197196364
"878",2013-07-29,-0.00549527909606695
"879",2013-07-30,-0.0154940895736217
"880",2013-07-31,-0.00217386335134506
"881",2013-08-01,0.012620085850358
"882",2013-08-02,-0.0108372122049332
"883",2013-08-05,-0.00296923494897783
"884",2013-08-06,-0.0149959232658148
"885",2013-08-07,-0.00071022508200258
"886",2013-08-08,0.0205080304294825
"887",2013-08-09,0.00716748461127281
"888",2013-08-12,0.00860371254384518
"889",2013-08-13,-0.000582523585762829
"890",2013-08-14,0.0094606289640069
"891",2013-08-15,0.0111883580684662
"892",2013-08-16,0.0129064014181495
"893",2013-08-19,0.0117028187960386
"894",2013-08-20,0.00592790031805634
"895",2013-08-21,0.00505139492452145
"896",2013-08-22,0.00393236381933093
"897",2013-08-23,-0.00162809528410435
"898",2013-08-26,-0.00980181246995926
"899",2013-08-27,-0.00550024770200253
"900",2013-08-28,0.00812400504946709
"901",2013-08-29,-0.011929533444345
"902",2013-08-30,-0.00273426901549101
"903",2013-09-02,0.0136274006217718
"904",2013-09-03,0.0084760719910264
"905",2013-09-04,0.00807849876582623
"906",2013-09-05,0.00195522326976061
"907",2013-09-06,-0.00220795348286629
"908",2013-09-09,-0.00531753245741129
"909",2013-09-10,-0.00586775271221995
"910",2013-09-11,-0.00189283187501132
"911",2013-09-12,-0.0019715738017112
"912",2013-09-13,0.00327961519360542
"913",2013-09-16,-0.00939249154180288
"914",2013-09-17,0.00664873328059912
"915",2013-09-18,0.00250499323010445
"916",2013-09-19,-0.00831290148198605
"917",2013-09-20,-0.00102890376001596
"918",2013-09-23,-0.0011817782651633
"919",2013-09-24,-0.00420109694823623
"920",2013-09-25,-0.00170033052563667
"921",2013-09-26,-0.00202131876721978
"922",2013-09-27,0.00609923060983419
"923",2013-09-30,-0.00543840415775776
"924",2013-10-01,0.00492918258532882
"925",2013-10-02,0.00213473779149354
"926",2013-10-03,-0.00485835690051317
"927",2013-10-04,0.000258361629676074
"928",2013-10-07,-0.0123055288568139
"929",2013-10-08,-0.00314909755252302
"930",2013-10-09,-0.00226402841508389
"931",2013-10-10,0.00267567578703165
"932",2013-10-11,0.00667413743212819
"933",2013-10-14,0.0107162734493613
"934",2013-10-15,-0.00118924037087709
"935",2013-10-16,0.0027277423068881
"936",2013-10-17,-0.0117129031568766
"937",2013-10-18,-0.00411101151257753
"938",2013-10-21,0.00144930183887482
"939",2013-10-22,0.00301933009177446
"940",2013-10-23,0.00331644155085087
"941",2013-10-24,-0.00442935200408101
"942",2013-10-25,-0.0115589015185833
"943",2013-10-28,0.00143224583007395
"944",2013-10-29,0.00708383833989501
"945",2013-10-30,-0.00641331914812326
"946",2013-10-31,-0.000302573782391846
"947",2013-11-01,0.00471577793359756
"948",2013-11-04,-0.00222904467955232
"949",2013-11-05,-0.00324657838791609
"950",2013-11-06,-0.0118242548778653
"951",2013-11-07,-0.00582505203783512
"952",2013-11-08,0.000702919438481331
"953",2013-11-11,0.00436849473044276
"954",2013-11-12,0.00579709466546774
"955",2013-11-13,0.00859283935278654
"956",2013-11-14,0.00629248283803463
"957",2013-11-18,0.00717315450310707
"958",2013-11-19,-0.0195938944816589
"959",2013-11-21,-0.00292994175106287
"960",2013-11-22,0.0015291846357286
"961",2013-11-25,-0.00598003156483173
"962",2013-11-26,-0.0203166417777538
"963",2013-11-27,-7.44301360100508e-05
"964",2013-11-28,-0.00430244486778975
"965",2013-11-29,0.00554700661450624
"966",2013-12-02,-0.00909380707889795
"967",2013-12-03,-0.00249764695763588
"968",2013-12-04,0.00193451158702374
"969",2013-12-05,0.000342634972184896
"970",2013-12-06,0.00907634384930134
"971",2013-12-09,0.00282222731038928
"972",2013-12-10,0.00222663255408406
"973",2013-12-11,-0.0031040059402585
"974",2013-12-12,0.00355056393891573
"975",2013-12-13,0.00182571751065552
"976",2013-12-16,0.00261413678526878
"977",2013-12-17,0.00514820078387856
"978",2013-12-18,0.0192397385835648
"979",2013-12-19,0.00931782927364111
"980",2013-12-20,-0.0113230366259813
"981",2013-12-23,-0.0063682054169476
"982",2013-12-26,0.00907531753182411
"983",2013-12-27,-0.00162065250333399
"984",2013-12-30,9.6161849796772e-05
"985",2014-01-02,-0.0181758962571621
"986",2014-01-03,0.0371361821889877
"987",2014-01-06,0.0132669862359762
"988",2014-01-07,-0.00817904248833656
"989",2014-01-08,-0.00161716050934047
"990",2014-01-09,-0.00600575283169746
"991",2014-01-10,-0.000808238750323653
"992",2014-01-13,0.00849626772105694
"993",2014-01-14,-0.00109791313298047
"994",2014-01-15,0.00595206068828702
"995",2014-01-16,-0.00135870464146137
"996",2014-01-17,0.00651386752724648
"997",2014-01-20,0.000846258772071451
"998",2014-01-21,-0.00733089912682772
"999",2014-01-22,0.00704408250749111
"1000",2014-01-23,0.00376986153423786
"1001",2014-01-24,0.00528445094823837
"1002",2014-01-27,-0.00305229378864169
"1003",2014-01-28,0.000632838346064091
"1004",2014-01-29,-0.00475369114428759
"1005",2014-01-30,-0.00221662223339081
"1006",2014-01-31,0.00207264488562942
"1007",2014-02-03,-0.0151901245117188
"1008",2014-02-04,0.00361739005893469
"1009",2014-02-05,-0.0046178842894733
"1010",2014-02-06,0.00508826784789562
"1011",2014-02-07,-0.000555044505745173
"1012",2014-02-10,-0.0065518282353878
"1013",2014-02-11,0.0130913704633713
"1014",2014-02-12,-0.00493438774719834
"1015",2014-02-13,-0.0062258867546916
"1016",2014-02-14,0.00132469506934285
"1017",2014-02-17,-0.00228829868137836
"1018",2014-02-18,-0.0259172171354294
"1019",2014-02-19,0.00845140125602484
"1020",2014-02-20,0.0081419488415122
"1021",2014-02-21,-0.00235520675778389
"1022",2014-02-24,-0.00246789050288498
"1023",2014-02-25,-0.0125330807641149
"1024",2014-02-26,-0.0131748327985406
"1025",2014-02-27,0.0145287374034524
"1026",2014-02-28,-0.00452500022947788
"1027",2014-03-06,-0.00237036449834704
"1028",2014-03-07,-0.0133097870275378
"1029",2014-03-10,-0.014331585727632
"1030",2014-03-11,-0.0120113389566541
"1031",2014-03-12,0.000960714241955429
"1032",2014-03-13,0.00262564234435558
"1033",2014-03-14,0.000292940996587276
"1034",2014-03-17,-0.0141436513513327
"1035",2014-03-18,0.00701576098799706
"1036",2014-03-19,0.0165818594396114
"1037",2014-03-20,0.00557691650465131
"1038",2014-03-21,-0.00184510019607842
"1039",2014-03-24,-0.000333230011165142
"1040",2014-03-25,0.0024567695800215
"1041",2014-03-26,-0.00822708196938038
"1042",2014-03-27,0.00772981718182564
"1043",2014-03-28,0.00234273727983236
"1044",2014-03-31,0.00716710276901722
"1045",2014-04-01,-0.00188875873573124
"1046",2014-04-02,0.00932606216520071
"1047",2014-04-03,0.00102801714092493
"1048",2014-04-04,0.00559442257508636
"1049",2014-04-07,0.0126231163740158
"1050",2014-04-08,-0.0101984022185206
"1051",2014-04-09,-0.0127356545999646
"1052",2014-04-10,-0.0137822348624468
"1053",2014-04-11,-0.0060218870639801
"1054",2014-04-14,-0.000900876126252115
"1055",2014-04-15,-0.0168962776660919
"1056",2014-04-16,0.00279936380684376
"1057",2014-04-17,0.00786861684173346
"1058",2014-04-22,0.000890364462975413
"1059",2014-04-23,0.00259007140994072
"1060",2014-04-24,-8.052634075284e-05
"1061",2014-04-25,-0.00666579976677895
"1062",2014-04-28,-0.00736220413818955
"1063",2014-04-29,-0.0054125627502799
"1064",2014-04-30,-0.00125496508553624
"1065",2014-05-02,0.0189596265554428
"1066",2014-05-05,-0.00191074493341148
"1067",2014-05-06,-0.00758051034063101
"1068",2014-05-07,0.00223125610500574
"1069",2014-05-08,-0.00760073494166136
"1070",2014-05-09,-0.00243557710200548
"1071",2014-05-12,-0.00150244776159525
"1072",2014-05-13,-0.00452672457322478
"1073",2014-05-14,0.00523169618099928
"1074",2014-05-15,0.00034302705898881
"1075",2014-05-16,-0.00426808744668961
"1076",2014-05-19,-0.000689571257680655
"1077",2014-05-20,-0.00698299799114466
"1078",2014-05-21,-0.00485815154388547
"1079",2014-05-22,0.00581856910139322
"1080",2014-05-23,-0.000104189617559314
"1081",2014-05-26,0.00164090888574719
"1082",2014-05-27,0.00564070558175445
"1083",2014-05-28,0.00421393010765314
"1084",2014-05-29,-0.00693101156502962
"1085",2014-05-30,-0.00856360979378223
"1086",2014-06-02,0.00176538387313485
"1087",2014-06-03,-0.000837333500385284
"1088",2014-06-04,-0.00727286888286471
"1089",2014-06-05,-0.00162683264352381
"1090",2014-06-06,-5.13717532157898e-05
"1091",2014-06-09,0.00668809190392494
"1092",2014-06-10,-0.00428704172372818
"1093",2014-06-11,-0.00294887786731124
"1094",2014-06-13,-0.000814646948128939
"1095",2014-06-16,-0.00413834676146507
"1096",2014-06-18,0.0100007662549615
"1097",2014-06-20,-0.00608000950887799
"1098",2014-06-24,-0.0160991083830595
"1099",2014-06-25,-0.00205899495631456
"1100",2014-06-26,0.00196535047143698
"1101",2014-06-27,-0.00449011754244566
"1102",2014-06-30,-0.00137489649932832
"1103",2014-07-01,0.00168710853904486
"1104",2014-07-02,0.00863503012806177
"1105",2014-07-03,0.000223664101213217
"1106",2014-07-07,0.00470885029062629
"1107",2014-07-10,0.000822515692561865
"1108",2014-07-11,0.00478869490325451
"1109",2014-07-14,-0.000761005561798811
"1110",2014-07-15,0.00776301510632038
"1111",2014-07-16,0.00698429718613625
"1112",2014-07-17,-0.00296488311141729
"1113",2014-07-18,0.00324607035145164
"1114",2014-07-21,-0.00944912619888783
"1115",2014-07-22,-0.00816354714334011
"1116",2014-07-23,0.000338050536811352
"1117",2014-07-24,0.00894914753735065
"1118",2014-07-25,-0.0084071159362793
"1119",2014-07-28,-0.00506929075345397
"1120",2014-07-29,-0.0103493249043822
"1121",2014-07-30,0.00658052088692784
"1122",2014-07-31,0.00732531258836389
"1123",2014-08-01,-0.00123078026808798
"1124",2014-08-04,-0.00464021135121584
"1125",2014-08-05,-0.00439913105219603
"1126",2014-08-06,0.0019790967926383
"1127",2014-08-07,-0.00212219497188926
"1128",2014-08-08,0.000753479078412056
"1129",2014-08-11,-0.00407158071175218
"1130",2014-08-12,-0.0088677778840065
"1131",2014-08-13,-0.00237292936071754
"1132",2014-08-14,-0.0111756287515163
"1133",2014-08-15,-0.000472514890134335
"1134",2014-08-18,-0.00495291640982032
"1135",2014-08-19,-0.000146601814776659
"1136",2014-08-20,0.00496205501258373
"1137",2014-08-21,-0.00157098565250635
"1138",2014-08-22,0.00105751655064523
"1139",2014-08-25,-0.00144469831138849
"1140",2014-08-26,0.00325134862214327
"1141",2014-08-27,-0.00110438745468855
"1142",2014-08-28,-0.00762672862038016
"1143",2014-08-29,-0.00439754268154502
"1144",2014-09-01,0.000654322328045964
"1145",2014-09-02,0.00971181318163872
"1146",2014-09-03,-0.000439313560491428
"1147",2014-09-04,-0.000256360741332173
"1148",2014-09-05,-0.00517877284437418
"1149",2014-09-08,-0.0136937601491809
"1150",2014-09-09,-0.00131548661738634
"1151",2014-09-10,-0.0017820755019784
"1152",2014-09-11,0.00472746649757028
"1153",2014-09-12,0.0040117809548974
"1154",2014-09-15,-0.00869719497859478
"1155",2014-09-16,-0.0051026176661253
"1156",2014-09-17,-0.00137431675102562
"1157",2014-09-18,0.00746053224429488
"1158",2014-09-19,-0.00139103946276009
"1159",2014-09-22,-0.0116170831024647
"1160",2014-09-23,-0.00348627148196101
"1161",2014-09-24,-0.0140491779893637
"1162",2014-09-25,0.00748334685340524
"1163",2014-09-26,-0.00636473996564746
"1164",2014-09-29,-0.018382303416729
"1165",2014-09-30,-0.011660379357636
"1166",2014-10-01,-0.00985313951969147
"1167",2014-10-02,-0.00115527783054858
"1168",2014-10-03,-0.00698340591043234
"1169",2014-10-06,-0.0019307155162096
"1170",2014-10-07,0.00374612933956087
"1171",2014-10-08,-0.00552956247702241
"1172",2014-10-09,-0.011633237823844
"1173",2014-10-10,-0.00725962966680527
"1174",2014-10-13,0.0139788407832384
"1175",2014-10-14,-0.000976027455180883
"1176",2014-10-15,0.00346828065812588
"1177",2014-10-16,-0.00870971009135246
"1178",2014-10-17,-0.00293674413114786
"1179",2014-10-20,-0.00569757167249918
"1180",2014-10-21,-0.0128655955195427
"1181",2014-10-22,0.00157310883514583
"1182",2014-10-23,0.00703323259949684
"1183",2014-10-24,0.00723420642316341
"1184",2014-10-27,-0.0345499031245708
"1185",2014-10-28,-0.00158381089568138
"1186",2014-10-29,-0.0102986870333552
"1187",2014-10-30,-0.0089162290096283
"1188",2014-10-31,0.0181622765958309
"1189",2014-11-03,-0.00464605819433928
"1190",2014-11-04,0.00972004327923059
"1191",2014-11-05,-0.0147295705974102
"1192",2014-11-06,-0.00525353383272886
"1193",2014-11-07,0.00139096938073635
"1194",2014-11-10,0.000629496295005083
"1195",2014-11-11,-0.00337555026635528
"1196",2014-11-12,0.0117097934707999
"1197",2014-11-13,0.00384180992841721
"1198",2014-11-14,-0.00664431368932128
"1199",2014-11-17,0.000991796143352985
"1200",2014-11-18,-0.00968446582555771
"1201",2014-11-19,0.0106822736561298
"1202",2014-11-21,0.0191404297947884
"1203",2014-11-24,0.0017637899145484
"1204",2014-11-25,-0.00233017699792981
"1205",2014-11-26,0.00423920154571533
"1206",2014-11-27,-0.0017052658367902
"1207",2014-11-28,0.000723197823390365
"1208",2014-12-01,-0.00546392798423767
"1209",2014-12-02,-0.000491232145577669
"1210",2014-12-03,0.0125495605170727
"1211",2014-12-04,-0.0134109854698181
"1212",2014-12-05,-0.00607943395152688
"1213",2014-12-08,-0.0107710864394903
"1214",2014-12-09,-0.0111756976693869
"1215",2014-12-10,-0.0242482423782349
"1216",2014-12-11,-0.015093102119863
"1217",2014-12-12,0.0133140310645103
"1218",2014-12-15,-0.0194555446505547
"1219",2014-12-16,0.0216178186237812
"1220",2014-12-17,0.0246526543051004
"1221",2014-12-18,-0.00491262692958117
"1222",2014-12-19,0.00547078810632229
"1223",2014-12-22,-0.00376073643565178
"1224",2014-12-23,0.0156144425272942
"1225",2014-12-26,0.000497509667184204
"1226",2014-12-29,0.00253498461097479
"1227",2014-12-30,0.00653256708756089
"1228",2015-01-02,-0.00112660974264145
"1229",2015-01-05,-0.00351304933428764
"1230",2015-01-06,0.0105256997048855
"1231",2015-01-07,0.01121442951262
"1232",2015-01-08,-0.00128157925792038
"1233",2015-01-09,-0.00510808546096087
"1234",2015-01-12,-0.0131263509392738
"1235",2015-01-13,-0.00723259896039963
"1236",2015-01-14,-0.0231479853391647
"1237",2015-01-15,5.91413117945194e-06
"1238",2015-01-16,-0.0101142888888717
"1239",2015-01-19,-0.00689601898193359
"1240",2015-01-20,0.000896690413355827
"1241",2015-01-21,0.010086465626955
"1242",2015-01-22,0.0242183804512024
"1243",2015-01-23,-0.00514569506049156
"1244",2015-01-26,-0.0117288930341601
"1245",2015-01-27,-0.00633731205016375
"1246",2015-01-28,-0.012529268860817
"1247",2015-01-29,-0.00967338308691978
"1248",2015-01-30,0.00151416286826134
"1249",2015-02-02,0.00535179674625397
"1250",2015-02-03,0.0184986367821693
"1251",2015-02-04,0.00457797572016716
"1252",2015-02-05,0.0026146536692977
"1253",2015-02-06,0.00329483859241009
"1254",2015-02-09,0.00922258384525776
"1255",2015-02-10,0.00163879059255123
"1256",2015-02-11,0.0155895799398422
"1257",2015-02-12,-0.00450142100453377
"1258",2015-02-13,0.00059653352946043
"1259",2015-02-19,-0.0141207259148359
"1260",2015-02-20,-0.000465807504951954
"1261",2015-02-23,-0.0224188379943371
"1262",2015-02-24,-0.00294482754543424
"1263",2015-02-25,-0.0018148934468627
"1264",2015-02-26,0.0161842089146376
"1265",2015-02-27,0.0303902085870504
"1266",2015-03-02,-0.0074792904779315
"1267",2015-03-03,0.00621641101315618
"1268",2015-03-04,0.00315497722476721
"1269",2015-03-05,-0.00379874696955085
"1270",2015-03-06,0.00176268722862005
"1271",2015-03-09,0.00446213968098164
"1272",2015-03-10,-0.00781686790287495
"1273",2015-03-11,-0.00938174780458212
"1274",2015-03-12,-0.00101445708423853
"1275",2015-03-13,0.0134190265089273
"1276",2015-03-16,-0.0116342855617404
"1277",2015-03-17,0.0183927826583385
"1278",2015-03-18,0.00510544143617153
"1279",2015-03-19,-0.00417155027389526
"1280",2015-03-20,-0.00516300369054079
"1281",2015-03-23,0.00498463585972786
"1282",2015-03-24,0.00831539649516344
"1283",2015-03-25,0.00178968301042914
"1284",2015-03-26,-0.0005171038210392
"1285",2015-03-27,-0.00833278428763151
"1286",2015-03-30,-0.000765237957239151
"1287",2015-03-31,-0.0068380911834538
"1288",2015-04-01,0.0038964319974184
"1289",2015-04-02,0.00584882963448763
"1290",2015-04-06,0.00554235279560089
"1291",2015-04-07,-0.00558110512793064
"1292",2015-04-08,-0.00524925906211138
"1293",2015-04-09,-0.00401441333815455
"1294",2015-04-10,0.013472868129611
"1295",2015-04-13,-0.000560298562049866
"1296",2015-04-14,-0.00100072659552097
"1297",2015-04-15,0.00412895157933235
"1298",2015-04-16,-0.00168522004969418
"1299",2015-04-17,0.00221903016790748
"1300",2015-04-20,0.00150768831372261
"1301",2015-04-22,0.00755927804857492
"1302",2015-04-23,-0.00301017612218857
"1303",2015-04-24,0.0046547707170248
"1304",2015-04-27,-0.00690788496285677
"1305",2015-04-28,-0.00526544963940978
"1306",2015-04-29,-0.00363241322338581
"1307",2015-04-30,-0.00137634761631489
"1308",2015-05-04,-0.00622173305600882
"1309",2015-05-05,0.0125069972127676
"1310",2015-05-06,-0.00616819597780704
"1311",2015-05-07,-0.0157790780067444
"1312",2015-05-08,-0.00393432518467307
"1313",2015-05-11,0.0178633034229279
"1314",2015-05-12,-0.0142950601875782
"1315",2015-05-13,-0.00314562395215034
"1316",2015-05-14,-0.00816043186932802
"1317",2015-05-15,-0.00248147454112768
"1318",2015-05-18,0.0111412676051259
"1319",2015-05-19,-0.0027564512565732
"1320",2015-05-20,-0.00262741884216666
"1321",2015-05-21,-0.00390696618705988
"1322",2015-05-22,-0.00383663177490234
"1323",2015-05-25,0.00673357583582401
"1324",2015-05-26,0.00405074935406446
"1325",2015-05-27,0.00167347304522991
"1326",2015-05-28,-0.000730031635612249
"1327",2015-05-29,-0.00197677034884691
"1328",2015-06-01,0.0061476225964725
"1329",2015-06-02,0.00132022611796856
"1330",2015-06-03,-0.009282979182899
"1331",2015-06-05,0.00130896572954953
"1332",2015-06-08,-0.00839361269026995
"1333",2015-06-09,-0.00527430977672338
"1334",2015-06-10,-0.00276292115449905
"1335",2015-06-11,0.000449549406766891
"1336",2015-06-12,-0.000268932897597551
"1337",2015-06-15,0.00449414690956473
"1338",2015-06-16,0.0028287167660892
"1339",2015-06-17,0.00221176026389003
"1340",2015-06-18,0.00960349105298519
"1341",2015-06-19,-0.00231849192641675
"1342",2015-06-22,0.00151241361163557
"1343",2015-06-23,0.00415775179862976
"1344",2015-06-24,0.000607381807640195
"1345",2015-06-25,-0.00712455902248621
"1346",2015-06-26,0.0213415902107954
"1347",2015-06-29,-0.00414798781275749
"1348",2015-06-30,-0.0152856763452291
"1349",2015-07-01,-0.00866627413779497
"1350",2015-07-02,-0.0025398344732821
"1351",2015-07-03,-0.00877685844898224
"1352",2015-07-06,-0.00662507396191359
"1353",2015-07-07,-0.00380968023091555
"1354",2015-07-08,0.00439600925892591
"1355",2015-07-10,-0.00054321251809597
"1356",2015-07-13,0.00469824066385627
"1357",2015-07-14,-0.00606471486389637
"1358",2015-07-15,-0.00447595166042447
"1359",2015-07-16,0.00702641252428293
"1360",2015-07-17,-0.00136167742311954
"1361",2015-07-20,-0.0118035664781928
"1362",2015-07-21,-0.00220127473585308
"1363",2015-07-22,-0.0037686163559556
"1364",2015-07-23,0.0135929742828012
"1365",2015-07-24,-0.0139675159007311
"1366",2015-07-27,-0.0125502245500684
"1367",2015-07-28,0.0205774754285812
"1368",2015-07-29,0.00155088002793491
"1369",2015-07-30,-0.00074316217796877
"1370",2015-07-31,-0.00275246379896998
"1371",2015-08-03,0.00458887685090303
"1372",2015-08-04,0.00567432539537549
"1373",2015-08-05,0.00117815122939646
"1374",2015-08-06,0.0109356073662639
"1375",2015-08-07,-0.00604702904820442
"1376",2015-08-10,-0.00209561549127102
"1377",2015-08-11,-0.00743427639827132
"1378",2015-08-12,-0.00204641139134765
"1379",2015-08-13,-0.0104150539264083
"1380",2015-08-14,0.00170089583843946
"1381",2015-08-17,-0.0194408670067787
"1382",2015-08-18,-0.00570167554542422
"1383",2015-08-19,-0.000159889459609985
"1384",2015-08-20,0.00744800362735987
"1385",2015-08-21,-0.0133360037580132
"1386",2015-08-24,-0.0295120514929295
"1387",2015-08-25,-0.0016259141266346
"1388",2015-08-26,0.00676994957029819
"1389",2015-08-27,0.0112183727324009
"1390",2015-08-28,-0.000508463475853205
"1391",2015-08-31,0.016155268996954
"1392",2015-09-01,0.00186391174793243
"1393",2015-09-02,0.0202888362109661
"1394",2015-09-03,-0.00849403254687786
"1395",2015-09-04,0.00549344345927238
"1396",2015-09-08,0.0120019298046827
"1397",2015-09-09,0.000332625582814217
"1398",2015-09-10,0.0166002251207829
"1399",2015-09-11,0.017967252060771
"1400",2015-09-14,-0.00795521214604378
"1401",2015-09-15,0.00105387018993497
"1402",2015-09-16,0.00393848121166229
"1403",2015-09-17,0.00763872778043151
"1404",2015-09-18,0.0149444462731481
"1405",2015-09-21,0.00242281705141068
"1406",2015-09-22,0.00299364607781172
"1407",2015-09-23,-0.0199094973504543
"1408",2015-09-24,0.0160028226673603
"1409",2015-09-25,-0.00495196040719748
"1410",2015-09-28,-0.00590706244111061
"1411",2015-09-29,-0.0171481966972351
"1412",2015-09-30,-0.011500047519803
"1413",2015-10-01,-0.00701143918558955
"1414",2015-10-02,-0.0149591956287622
"1415",2015-10-05,0.0053530614823103
"1416",2015-10-06,-0.00294341379776597
"1417",2015-10-07,0.00333823822438717
"1418",2015-10-08,-0.00337686436250806
"1419",2015-10-09,-0.00360697042196989
"1420",2015-10-13,-0.00402906164526939
"1421",2015-10-14,-0.00202691648155451
"1422",2015-10-15,0.00050415750592947
"1423",2015-10-16,-0.00175003800541162
"1424",2015-10-19,-0.00528114102780819
"1425",2015-10-20,-0.00859763566404581
"1426",2015-10-21,0.00539319822564721
"1427",2015-10-22,-0.00298645393922925
"1428",2015-10-23,-0.00333878374658525
"1429",2015-10-26,0.0038582906126976
"1430",2015-10-27,-0.0136418174952269
"1431",2015-10-28,-0.00485263438895345
"1432",2015-10-29,0.00959052983671427
"1433",2015-10-30,0.00330165214836597
"1434",2015-11-03,-0.0107466299086809
"1435",2015-11-04,0.000158289447426796
"1436",2015-11-05,0.000229539349675179
"1437",2015-11-06,0.00518071185797453
"1438",2015-11-09,0.00828061252832413
"1439",2015-11-10,0.00689760781824589
"1440",2015-11-11,-0.00120240822434425
"1441",2015-11-12,-0.00774338934570551
"1442",2015-11-13,-0.00300086941570044
"1443",2015-11-16,-0.00675838394090533
"1444",2015-11-17,-0.0148373059928417
"1445",2015-11-18,-0.000760703231208026
"1446",2015-11-19,-0.00367149896919727
"1447",2015-11-23,-0.00878079701215029
"1448",2015-11-24,0.00630455603823066
"1449",2015-11-25,-0.00385259464383125
"1450",2015-11-26,0.00305038806982338
"1451",2015-11-27,0.000905910506844521
"1452",2015-11-30,-0.00179473496973515
"1453",2015-12-01,-0.0181650090962648
"1454",2015-12-02,0.0058303726837039
"1455",2015-12-03,-0.00341413915157318
"1456",2015-12-04,-0.0193703509867191
"1457",2015-12-07,-0.0188972521573305
"1458",2015-12-08,-0.00610105693340302
"1459",2015-12-09,0.000360019505023956
"1460",2015-12-10,-0.00336385890841484
"1461",2015-12-11,0.00483423285186291
"1462",2015-12-14,0.00236707273870707
"1463",2015-12-15,0.0147317107766867
"1464",2015-12-16,0.00757013633847237
"1465",2015-12-17,-0.00414327159523964
"1466",2015-12-18,0.0105655621737242
"1467",2015-12-21,-0.0141109516844153
"1468",2015-12-22,0.0122837303206325
"1469",2015-12-23,0.00757273007184267
"1470",2015-12-28,-0.00926698744297028
"1471",2015-12-29,-0.00547724217176437
"1472",2015-12-30,0.00696334894746542
"1473",2016-01-04,-0.0055677592754364
"1474",2016-01-05,-0.0121958758682013
"1475",2016-01-06,-0.0303992200642824
"1476",2016-01-07,-0.0127057023346424
"1477",2016-01-08,0.015244984999299
"1478",2016-01-11,0.00207000784575939
"1479",2016-01-12,-0.0207371730357409
"1480",2016-01-13,-0.0152008198201656
"1481",2016-01-14,2.70125456154346e-05
"1482",2016-01-15,-0.00507460534572601
"1483",2016-01-18,-0.00100616086274385
"1484",2016-01-19,-0.00751899927854538
"1485",2016-01-20,-0.00118627957999706
"1486",2016-01-21,-0.000516615342348814
"1487",2016-01-22,-0.00468006078153849
"1488",2016-01-26,-0.00719666667282581
"1489",2016-01-27,0.00581246800720692
"1490",2016-01-28,-0.00544142071157694
"1491",2016-01-29,-0.0019819512963295
"1492",2016-02-01,0.0146367261186242
"1493",2016-02-02,0.00202894397079945
"1494",2016-02-03,0.0213973522186279
"1495",2016-02-04,0.0324510112404823
"1496",2016-02-05,0.0117988912388682
"1497",2016-02-11,-0.0128270015120506
"1498",2016-02-12,0.0039452682249248
"1499",2016-02-15,0.0235063433647156
"1500",2016-02-16,0.0405051521956921
"1501",2016-02-17,0.00309011805802584
"1502",2016-02-18,-0.0201977975666523
"1503",2016-02-19,0.00820114836096764
"1504",2016-02-22,0.00733955577015877
"1505",2016-02-23,-0.00344889238476753
"1506",2016-02-24,0.00747504271566868
"1507",2016-02-25,-0.00519002042710781
"1508",2016-02-26,0.00878568459302187
"1509",2016-02-29,-0.0144849848002195
"1510",2016-03-01,-0.00586136616766453
"1511",2016-03-02,-0.00170696899294853
"1512",2016-03-03,0.0432730838656425
"1513",2016-03-04,0.015064163133502
"1514",2016-03-07,0.0055402209982276
"1515",2016-03-08,-0.00023479969240725
"1516",2016-03-09,0.0115068918094039
"1517",2016-03-10,0.00540848262608051
"1518",2016-03-11,0.0189719758927822
"1519",2016-03-14,-0.0127569939941168
"1520",2016-03-15,-0.0387439131736755
"1521",2016-03-16,0.00605481583625078
"1522",2016-03-17,0.0231090113520622
"1523",2016-03-18,0.00277760019525886
"1524",2016-03-21,0.00673290621489286
"1525",2016-03-22,0.0119884228333831
"1526",2016-03-23,-0.00514073483645916
"1527",2016-03-24,0.00302451313473284
"1528",2016-03-28,0.00716947671025991
"1529",2016-03-29,-0.00437719840556383
"1530",2016-03-30,0.00720174331218004
"1531",2016-03-31,-0.00594818033277988
"1532",2016-04-01,0.00629014521837234
"1533",2016-04-04,-0.0194232799112797
"1534",2016-04-05,-0.00683334609493613
"1535",2016-04-06,-0.0176522061228752
"1536",2016-04-07,-0.0197502449154854
"1537",2016-04-08,0.0299789980053902
"1538",2016-04-11,0.0149343833327293
"1539",2016-04-12,0.0221371669322252
"1540",2016-04-13,0.0302497278898954
"1541",2016-04-14,-0.0233801957219839
"1542",2016-04-15,0.00174473039805889
"1543",2016-04-18,0.00230443733744323
"1544",2016-04-19,0.0153878098353744
"1545",2016-04-20,0.00202741334214807
"1546",2016-04-22,0.000578559003770351
"1547",2016-04-25,0.000385352410376072
"1548",2016-04-26,0.00427525117993355
"1549",2016-04-27,0.0059036910533905
"1550",2016-04-28,0.000660528428852558
"1551",2016-04-29,-0.00130578083917499
"1552",2016-05-02,-0.00820766109973192
"1553",2016-05-03,-0.0227100215852261
"1554",2016-05-04,0.0125889722257853
"1555",2016-05-05,-0.000160660594701767
"1556",2016-05-06,0.00816957093775272
"1557",2016-05-09,-0.0214999038726091
"1558",2016-05-10,0.00298989936709404
"1559",2016-05-11,0.0181497596204281
"1560",2016-05-12,-0.0130963735282421
"1561",2016-05-13,-0.0102156568318605
"1562",2016-05-16,-0.00953030958771706
"1563",2016-05-17,-0.00898413732647896
"1564",2016-05-18,-0.0173207148909569
"1565",2016-05-19,-0.00991520099341869
"1566",2016-05-20,0.00242083938792348
"1567",2016-05-23,0.00111027900129557
"1568",2016-05-24,-0.0102337468415499
"1569",2016-05-25,0.0082464786246419
"1570",2016-05-27,-0.00267386110499501
"1571",2016-05-30,0.00173842231743038
"1572",2016-05-31,-0.00528815668076277
"1573",2016-06-01,0.00909475795924664
"1574",2016-06-02,-0.00247238017618656
"1575",2016-06-03,0.00319153908640146
"1576",2016-06-06,0.00132467004004866
"1577",2016-06-07,-0.00422491459175944
"1578",2016-06-08,0.020638145506382
"1579",2016-06-09,-0.00919488165527582
"1580",2016-06-10,-0.0073576308786869
"1581",2016-06-13,-0.00137274828739464
"1582",2016-06-14,-0.0100157726556063
"1583",2016-06-15,0.00968248397111893
"1584",2016-06-16,-0.00690427049994469
"1585",2016-06-17,0.000804519047960639
"1586",2016-06-20,-0.00376210175454617
"1587",2016-06-21,-0.0126809384673834
"1588",2016-06-22,0.015992471948266
"1589",2016-06-23,0.0111704226583242
"1590",2016-06-24,-0.00827860273420811
"1591",2016-06-27,-0.0129523472860456
"1592",2016-06-28,0.0166708379983902
"1593",2016-06-29,-0.00324552319943905
"1594",2016-06-30,-0.00283844256773591
"1595",2016-07-01,0.0109204733744264
"1596",2016-07-04,0.00543318130075932
"1597",2016-07-05,0.00524363107979298
"1598",2016-07-06,0.0101072527468204
"1599",2016-07-07,-0.00414293818175793
"1600",2016-07-08,0.0120328580960631
"1601",2016-07-11,0.0196606442332268
"1602",2016-07-12,0.00560313928872347
"1603",2016-07-13,0.00665639247745275
"1604",2016-07-14,0.022829070687294
"1605",2016-07-15,0.00882729515433311
"1606",2016-07-18,0.021026723086834
"1607",2016-07-19,-0.000953780021518469
"1608",2016-07-20,0.00307980482466519
"1609",2016-07-21,0.0118766464293003
"1610",2016-07-22,0.00359789654612541
"1611",2016-07-25,0.0010535423643887
"1612",2016-07-26,-0.0030630873516202
"1613",2016-07-27,0.00847473554313183
"1614",2016-07-28,-0.00258269626647234
"1615",2016-07-29,0.00423433817923069
"1616",2016-08-01,-0.0101873837411404
"1617",2016-08-02,-0.00568478647619486
"1618",2016-08-03,0.0205003898590803
"1619",2016-08-04,0.0192707795649767
"1620",2016-08-05,0.00564274983480573
"1621",2016-08-08,-0.0112684667110443
"1622",2016-08-09,0.00630905432626605
"1623",2016-08-10,-0.005435342900455
"1624",2016-08-11,0.00623056571930647
"1625",2016-08-12,-0.0102823153138161
"1626",2016-08-15,0.00316451722756028
"1627",2016-08-16,0.00531296199187636
"1628",2016-08-17,-0.00318928202614188
"1629",2016-08-18,0.00998880714178085
"1630",2016-08-19,0.00541895115748048
"1631",2016-08-22,-0.00326988287270069
"1632",2016-08-23,-0.00308655900880694
"1633",2016-08-24,-0.00837079063057899
"1634",2016-08-25,-0.00176540156826377
"1635",2016-08-26,0.00658625457435846
"1636",2016-08-29,-0.000450526364147663
"1637",2016-08-30,-0.00458680791780353
"1638",2016-08-31,0.00734815932810307
"1639",2016-09-01,-0.00633741822093725
"1640",2016-09-02,0.0153453350067139
"1641",2016-09-05,0.00772557500749826
"1642",2016-09-06,-0.0168435722589493
"1643",2016-09-08,0.000279178144410253
"1644",2016-09-09,-0.0112801622599363
"1645",2016-09-12,-0.00936121679842472
"1646",2016-09-13,-0.0179630778729916
"1647",2016-09-14,0.00874705146998167
"1648",2016-09-15,0.00244698487222195
"1649",2016-09-16,-0.0161632541567087
"1650",2016-09-19,-0.00960008054971695
"1651",2016-09-20,-0.00231482973322272
"1652",2016-09-21,0.0133325103670359
"1653",2016-09-22,-0.00268943421542645
"1654",2016-09-23,0.00230011902749538
"1655",2016-09-26,-0.00159184355288744
"1656",2016-09-27,-0.00430826470255852
"1657",2016-09-28,0.00778660178184509
"1658",2016-09-29,0.00283337198197842
"1659",2016-09-30,-0.00393548654392362
"1660",2016-10-03,-0.00154242292046547
"1661",2016-10-04,-0.00586827704682946
"1662",2016-10-05,0.00350407231599092
"1663",2016-10-06,0.00489500956609845
"1664",2016-10-07,0.00668802252039313
"1665",2016-10-10,0.00901420880109072
"1666",2016-10-11,0.00357577577233315
"1667",2016-10-13,-0.00795458257198334
"1668",2016-10-14,0.00368804484605789
"1669",2016-10-17,0.000804804731160402
"1670",2016-10-18,0.00583334267139435
"1671",2016-10-19,0.00979249458760023
"1672",2016-10-20,0.00530444690957665
"1673",2016-10-21,0.0113836042582989
"1674",2016-10-24,0.00566831976175308
"1675",2016-10-25,-0.00238030240871012
"1676",2016-10-26,0.00324573274701834
"1677",2016-10-27,0.0149979507550597
"1678",2016-10-28,0.00609658937901258
"1679",2016-10-31,-0.00429479731246829
"1680",2016-11-01,0.00246687978506088
"1681",2016-11-03,-0.00701626390218735
"1682",2016-11-04,0.00313506321981549
"1683",2016-11-07,0.0181533452123404
"1684",2016-11-08,-0.00275935535319149
"1685",2016-11-09,-0.00221313629299402
"1686",2016-11-10,0.00151568278670311
"1687",2016-11-11,-0.032963290810585
"1688",2016-11-14,-0.00496030645444989
"1689",2016-11-16,-0.00984774716198444
"1690",2016-11-17,-0.00457037333399057
"1691",2016-11-18,0.00190611020661891
"1692",2016-11-21,0.0120907537639141
"1693",2016-11-22,-0.000454074703156948
"1694",2016-11-23,0.0160035882145166
"1695",2016-11-24,0.00816056225448847
"1696",2016-11-25,-0.00115127814933658
"1697",2016-11-28,0.00162255950272083
"1698",2016-11-29,-0.00168969389051199
"1699",2016-11-30,0.00571013614535332
"1700",2016-12-01,-0.00274445116519928
"1701",2016-12-02,0.0143465530127287
"1702",2016-12-05,0.0058372993953526
"1703",2016-12-06,-0.0076867863535881
"1704",2016-12-07,-0.000929415691643953
"1705",2016-12-08,-0.00423437776044011
"1706",2016-12-09,0.000456446898169816
"1707",2016-12-12,-0.00386325083673
"1708",2016-12-13,-0.000660586636513472
"1709",2016-12-14,0.00215502269566059
"1710",2016-12-15,0.0149376792833209
"1711",2016-12-16,0.00116118043661118
"1712",2016-12-19,-0.0162381082773209
"1713",2016-12-20,-0.00725241005420685
"1714",2016-12-21,-0.00320952804759145
"1715",2016-12-22,-0.0129748601466417
"1716",2016-12-23,-0.00071056978777051
"1717",2016-12-26,0.00678960513323545
"1718",2016-12-27,-0.00281210104003549
"1719",2016-12-28,0.00318670459091663
"1720",2016-12-29,-0.0141301844269037
