"","date","Rm_minus_Rf"
"1",2010-01-04,0.0214239880442619
"2",2010-01-05,0.00131351198069751
"3",2010-01-06,0.00586169352754951
"4",2010-01-07,-0.00295062223449349
"5",2010-01-08,-0.00186631071846932
"6",2010-01-11,0.00146002974361181
"7",2010-01-12,-0.00462396070361137
"8",2010-01-13,0.00398304034024477
"9",2010-01-14,-0.00694832717999816
"10",2010-01-15,-0.012173623777926
"11",2010-01-18,0.00747942179441452
"12",2010-01-19,0.00625645741820335
"13",2010-01-20,-0.0226080324500799
"14",2010-01-21,-0.0248359274119139
"15",2010-01-22,0.00284302304498851
"16",2010-01-26,-0.0132573945447803
"17",2010-01-27,-0.00795616023242474
"18",2010-01-28,0.00821550935506821
"19",2010-01-29,-0.00528041645884514
"20",2010-02-01,0.0161368101835251
"21",2010-02-02,0.00747546786442399
"22",2010-02-03,8.41615255922079e-05
"23",2010-02-04,-0.0429739244282246
"24",2010-02-05,-0.021490091457963
"25",2010-02-08,0.00427765445783734
"26",2010-02-09,0.0228679068386555
"27",2010-02-10,0.00502645550295711
"28",2010-02-11,0.0158521216362715
"29",2010-02-12,-0.00420998921617866
"30",2010-02-18,0.00727014616131783
"31",2010-02-19,-0.00623871339485049
"32",2010-02-22,-0.00601819111034274
"33",2010-02-23,-0.0158583521842957
"34",2010-02-25,0.00314841046929359
"35",2010-02-26,0.00408152909949422
"36",2010-03-01,0.00875003915280104
"37",2010-03-02,0.00725099630653858
"38",2010-03-03,-0.000912945833988488
"39",2010-03-04,0.000257908191997558
"40",2010-03-05,0.0117158237844706
"41",2010-03-08,-0.00367809156887233
"42",2010-03-09,0.012422252446413
"43",2010-03-10,0.0051519526168704
"44",2010-03-11,0.000192845152923837
"45",2010-03-12,-0.00822431035339832
"46",2010-03-15,-0.00303378608077765
"47",2010-03-16,0.0111326724290848
"48",2010-03-17,-0.00293256808072329
"49",2010-03-18,-0.00170792150311172
"50",2010-03-19,-0.012000173330307
"51",2010-03-22,0.00335158826783299
"52",2010-03-23,0.00125099578872323
"53",2010-03-24,-0.00657544611021876
"54",2010-03-25,-0.00607139058411121
"55",2010-03-26,0.00214154832065105
"56",2010-03-29,0.0135668572038412
"57",2010-03-30,0.00063703436171636
"58",2010-03-31,0.00530392164364457
"59",2010-04-01,0.00888380035758018
"60",2010-04-05,0.00257999286986887
"61",2010-04-06,-0.00250797695480287
"62",2010-04-07,-0.00373537559062243
"63",2010-04-08,0.0128967808559537
"64",2010-04-09,-0.00374063476920128
"65",2010-04-12,-0.0110477665439248
"66",2010-04-13,0.000607363530434668
"67",2010-04-14,0.00405541667714715
"68",2010-04-15,-0.00433788308873773
"69",2010-04-16,-0.0151967722922564
"70",2010-04-19,-0.00261016376316547
"71",2010-04-20,0.00414033001288772
"72",2010-04-22,-0.00155911245383322
"73",2010-04-23,0.0023021032102406
"74",2010-04-26,-0.00977884605526924
"75",2010-04-27,-0.0312367659062147
"76",2010-04-28,0.00161231309175491
"77",2010-04-29,0.0173391923308372
"78",2010-04-30,-0.00463754404336214
"79",2010-05-03,-0.00967888627201319
"80",2010-05-04,-0.0305970851331949
"81",2010-05-05,0.000187232799362391
"82",2010-05-06,-0.017137510702014
"83",2010-05-07,-0.00574625935405493
"84",2010-05-10,0.0337137989699841
"85",2010-05-11,-0.013060319237411
"86",2010-05-12,0.00868306402117014
"87",2010-05-13,-0.00542400404810905
"88",2010-05-14,-0.0173232238739729
"89",2010-05-17,-0.00438703130930662
"90",2010-05-18,-0.025841498747468
"91",2010-05-19,-0.0214820560067892
"92",2010-05-20,-0.0281879100948572
"93",2010-05-21,0.0307070966809988
"94",2010-05-24,-0.00517533393576741
"95",2010-05-25,-0.0133618088439107
"96",2010-05-26,0.0124341379851103
"97",2010-05-27,0.0288888849318027
"98",2010-05-28,-0.00178008223883808
"99",2010-05-31,0.0207205414772034
"100",2010-06-01,-0.0190373212099075
"101",2010-06-02,0.0178672093898058
"102",2010-06-04,-0.016328226774931
"103",2010-06-07,-0.00731076719239354
"104",2010-06-08,0.0072887260466814
"105",2010-06-09,-0.00402467465028167
"106",2010-06-10,0.0199542306363583
"107",2010-06-11,0.00547207100316882
"108",2010-06-14,-0.00317903887480497
"109",2010-06-15,0.0116862989962101
"110",2010-06-16,0.0051653734408319
"111",2010-06-17,-0.00525940442457795
"112",2010-06-18,-0.000700265343766659
"113",2010-06-21,0.00785368867218494
"114",2010-06-22,-0.00161984656006098
"115",2010-06-23,0.00186298554763198
"116",2010-06-24,-0.020636074244976
"117",2010-06-25,0.0122204413637519
"118",2010-06-28,-0.00840341672301292
"119",2010-06-29,-0.0316989421844482
"120",2010-06-30,-0.0159865953028202
"121",2010-07-01,0.00954233482480049
"122",2010-07-02,0.00460802018642426
"123",2010-07-05,-0.0102845132350922
"124",2010-07-06,0.0178473684936762
"125",2010-07-07,0.0184212885797024
"126",2010-07-08,0.00284950877539814
"127",2010-07-12,-0.00796727929264307
"128",2010-07-13,0.00984393619000912
"129",2010-07-14,-0.00436101946979761
"130",2010-07-15,-0.00125788629520684
"131",2010-07-16,-0.0155147491022944
"132",2010-07-19,0.013848289847374
"133",2010-07-20,0.0167436059564352
"134",2010-07-21,-0.0013990537263453
"135",2010-07-22,0.0189186241477728
"136",2010-07-23,0.0052012400701642
"137",2010-07-26,0.00111526786349714
"138",2010-07-27,0.0013022655621171
"139",2010-07-28,0.00595270236954093
"140",2010-07-29,0.000285020301816985
"141",2010-07-30,0.00630846386775374
"142",2010-08-02,0.0125561384484172
"143",2010-08-03,-0.00735115213319659
"144",2010-08-04,0.00189765298273414
"145",2010-08-05,0.00265866029076278
"146",2010-08-06,-0.00453271809965372
"147",2010-08-09,-0.00307889049872756
"148",2010-08-10,-0.00927479285746813
"149",2010-08-11,-0.0190771576017141
"150",2010-08-12,0.00426299450919032
"151",2010-08-13,0.00207127095200121
"152",2010-08-16,0.00639655208215117
"153",2010-08-17,0.0101083414629102
"154",2010-08-18,4.57078858744353e-05
"155",2010-08-19,-0.010462342761457
"156",2010-08-20,-0.0017329587135464
"157",2010-08-23,-0.00925082713365555
"158",2010-08-24,-0.0124634839594364
"159",2010-08-25,-0.0064038229174912
"160",2010-08-26,-0.0120623586699367
"161",2010-08-27,0.0252654086798429
"162",2010-08-30,-0.0193011872470379
"163",2010-08-31,0.0152406441047788
"164",2010-09-01,0.0252574440091848
"165",2010-09-02,-0.00522714061662555
"166",2010-09-03,-0.000211405800655484
"167",2010-09-06,-0.0002332948934054
"168",2010-09-08,-0.00608318252488971
"169",2010-09-09,-0.000149696948938072
"170",2010-09-10,0.00167854351457208
"171",2010-09-13,0.0182218011468649
"172",2010-09-14,-0.00383004848845303
"173",2010-09-15,0.0049450215883553
"174",2010-09-16,-0.0057911965996027
"175",2010-09-17,-0.00775947887450457
"176",2010-09-20,0.0141976745799184
"177",2010-09-21,-0.00856404565274715
"178",2010-09-22,0.00504741165786982
"179",2010-09-23,0.00769623555243015
"180",2010-09-24,-0.00661059422418475
"181",2010-09-27,0.00892788264900446
"182",2010-09-28,0.00607300875708461
"183",2010-09-29,0.008684903383255
"184",2010-09-30,0.00332754920236766
"185",2010-10-01,0.0103468466550112
"186",2010-10-04,0.00205699936486781
"187",2010-10-05,0.00908702425658703
"188",2010-10-06,-0.00934024248272181
"189",2010-10-07,-0.00722485268488526
"190",2010-10-08,0.0137264737859368
"191",2010-10-11,0.00121410156134516
"192",2010-10-13,0.00971763581037521
"193",2010-10-14,0.00111002346966416
"194",2010-10-15,0.00199360493570566
"195",2010-10-18,0.00107422692235559
"196",2010-10-19,-0.0237208604812622
"197",2010-10-20,0.00603834539651871
"198",2010-10-21,-0.0102825658395886
"199",2010-10-22,-0.00150138046592474
"200",2010-10-25,0.00499891443178058
"201",2010-10-26,0.0148381171748042
"202",2010-10-27,-0.00675622699782252
"203",2010-10-28,-0.00395825831219554
"204",2010-10-29,0.00367518444545567
"205",2010-11-01,0.013259151019156
"206",2010-11-03,0.00489351991564035
"207",2010-11-04,0.0159684959799051
"208",2010-11-05,-0.00435516983270645
"209",2010-11-08,0.00342043954879045
"210",2010-11-09,-0.0128132365643978
"211",2010-11-10,0.000445246347226202
"212",2010-11-11,-0.010351350530982
"213",2010-11-12,-0.0109444065019488
"214",2010-11-16,-0.0148247582837939
"215",2010-11-17,0.00502463150769472
"216",2010-11-18,0.0148918423801661
"217",2010-11-19,0.00189913262147456
"218",2010-11-22,-0.014704329892993
"219",2010-11-23,-0.0220203530043364
"220",2010-11-24,0.0196853429079056
"221",2010-11-25,-0.00481207435950637
"222",2010-11-26,-0.0120979212224483
"223",2010-11-29,-0.00395678170025349
"224",2010-11-30,-0.00577371707186103
"225",2010-12-01,0.0218889992684126
"226",2010-12-02,0.00285683711990714
"227",2010-12-03,0.000492062536068261
"228",2010-12-06,-0.00403972528874874
"229",2010-12-07,-0.00508920941501856
"230",2010-12-08,-0.0109790628775954
"231",2010-12-09,-0.00376947829499841
"232",2010-12-10,0.00594322988763452
"233",2010-12-13,0.00912002567201853
"234",2010-12-14,-0.00245307758450508
"235",2010-12-15,-0.00912573374807835
"236",2010-12-16,-0.00580904353410006
"237",2010-12-17,0.00839238334447145
"238",2010-12-20,-0.00921831466257572
"239",2010-12-21,0.0129188969731331
"240",2010-12-22,0.00358476326800883
"241",2010-12-23,0.000442656775703654
"242",2010-12-27,-0.00787143781781197
"243",2010-12-28,0.00210818066261709
"244",2010-12-29,0.0105088520795107
"245",2010-12-30,0.00629659462720156
"246",2011-01-03,0.00776383653283119
"247",2011-01-04,0.00443265167996287
"248",2011-01-05,0.00890921149402857
"249",2011-01-06,-0.00823669414967299
"250",2011-01-07,-0.010181101039052
"251",2011-01-10,0.00328265363350511
"252",2011-01-11,0.0040710000321269
"253",2011-01-12,0.0132979284971952
"254",2011-01-13,-0.0119694881141186
"255",2011-01-14,0.00285864714533091
"256",2011-01-17,-0.00265154894441366
"257",2011-01-18,-3.55429074261338e-05
"258",2011-01-19,-0.0109384441748261
"259",2011-01-20,-0.00747233582660556
"260",2011-01-21,-0.00658605434000492
"261",2011-01-24,0.00535976188257337
"262",2011-01-26,-0.00641785701736808
"263",2011-01-27,-0.00752768339589238
"264",2011-01-28,-0.0193902868777514
"265",2011-01-31,-0.00346838659606874
"266",2011-02-01,0.0137035856023431
"267",2011-02-02,-0.0108773615211248
"268",2011-02-03,-0.00205513555556536
"269",2011-02-04,-0.0205057840794325
"270",2011-02-07,0.00129736273083836
"271",2011-02-08,0.00441486435011029
"272",2011-02-09,-0.0239360947161913
"273",2011-02-10,0.0023323786444962
"274",2011-02-11,0.0170280281454325
"275",2011-02-14,0.00907282251864672
"276",2011-02-15,0.00268537225201726
"277",2011-02-16,0.0174756497144699
"278",2011-02-17,0.00190401473082602
"279",2011-02-18,0.00328258168883622
"280",2011-02-21,-0.00850798096507788
"281",2011-02-22,-0.011454869993031
"282",2011-02-23,0.00622030766680837
"283",2011-02-24,-0.00340140890330076
"284",2011-02-25,0.000527185620740056
"285",2011-02-28,0.00879077147692442
"286",2011-03-01,-0.0114783486351371
"287",2011-03-02,0.0132988383993506
"288",2011-03-03,0.0080976290628314
"289",2011-03-04,-0.00129991909489036
"290",2011-03-10,-0.0188932307064533
"291",2011-03-11,0.00890684127807617
"292",2011-03-14,0.00477364379912615
"293",2011-03-15,-0.00297038536518812
"294",2011-03-16,-0.0171907525509596
"295",2011-03-17,0.00465672602877021
"296",2011-03-18,0.00789377931505442
"297",2011-03-21,0.00145634089130908
"298",2011-03-22,0.0130966072902083
"299",2011-03-23,0.00352066871710122
"300",2011-03-24,-0.00260955863632262
"301",2011-03-25,0.00310136051848531
"302",2011-03-28,-0.00898432824760675
"303",2011-03-29,0.00292985187843442
"304",2011-03-30,0.00970105174928904
"305",2011-03-31,0.0106090977787971
"306",2011-04-01,0.0090061966329813
"307",2011-04-04,0.00213763699866831
"308",2011-04-05,0.000851741060614586
"309",2011-04-06,-0.00829910393804312
"310",2011-04-07,-0.00145596556831151
"311",2011-04-08,-0.00762188527733088
"312",2011-04-11,-0.00706438347697258
"313",2011-04-12,-0.0166860818862915
"314",2011-04-13,-0.00635186349973083
"315",2011-04-14,-0.000826557923574001
"316",2011-04-15,0.0042759133502841
"317",2011-04-18,-0.0149323670193553
"318",2011-04-19,0.0101527571678162
"319",2011-04-20,0.0130214551463723
"320",2011-04-25,-0.000645935419015586
"321",2011-04-26,0.00331272277981043
"322",2011-04-27,-0.0117564247921109
"323",2011-04-28,-0.00930881407111883
"324",2011-04-29,0.00518678035587072
"325",2011-05-02,-0.00524412002414465
"326",2011-05-03,-0.0164546351879835
"327",2011-05-04,-0.0079414052888751
"328",2011-05-05,-0.00122857408132404
"329",2011-05-06,0.0115907117724419
"330",2011-05-09,0.00254160584881902
"331",2011-05-10,0.00324055459350348
"332",2011-05-11,-0.0158635657280684
"333",2011-05-12,0.0014408053830266
"334",2011-05-13,-0.0123823890462518
"335",2011-05-16,-0.00322268158197403
"336",2011-05-17,0.00970145594328642
"337",2011-05-18,-0.00930268596857786
"338",2011-05-19,-0.00441738916561007
"339",2011-05-20,0.00228375452570617
"340",2011-05-23,-0.00572257675230503
"341",2011-05-24,0.0131086716428399
"342",2011-05-25,-0.00121736782602966
"343",2011-05-26,0.0101701552048326
"344",2011-05-27,0.00247950805351138
"345",2011-05-30,-0.00610589236021042
"346",2011-05-31,0.00623930245637894
"347",2011-06-01,-0.0135156596079469
"348",2011-06-02,0.00762306666001678
"349",2011-06-03,0.000479899899801239
"350",2011-06-06,-0.0156721491366625
"351",2011-06-07,0.00167596840765327
"352",2011-06-08,-0.00183559430297464
"353",2011-06-09,0.00346477469429374
"354",2011-06-10,-0.00953753106296062
"355",2011-06-13,-0.0101293521001935
"356",2011-06-14,0.00599254155531526
"357",2011-06-15,-0.00642617326229811
"358",2011-06-16,-0.00872128177434206
"359",2011-06-17,8.77911515999585e-05
"360",2011-06-20,0.00297792349010706
"361",2011-06-21,0.00486374879255891
"362",2011-06-22,-0.00162854266818613
"363",2011-06-24,-0.00164509192109108
"364",2011-06-27,0.00207756739109755
"365",2011-06-28,0.0142718171700835
"366",2011-06-29,0.00176758668385446
"367",2011-06-30,0.00277319271117449
"368",2011-07-01,0.0117479888722301
"369",2011-07-04,0.00511844921857119
"370",2011-07-05,-0.00897092185914516
"371",2011-07-06,-0.00616956409066916
"372",2011-07-07,-0.00656480761244893
"373",2011-07-08,-0.0120627786964178
"374",2011-07-11,-0.0177527405321598
"375",2011-07-12,-0.0085605401545763
"376",2011-07-13,0.013675813563168
"377",2011-07-14,-0.0137845668941736
"378",2011-07-15,-0.0052477321587503
"379",2011-07-18,-0.0080787492915988
"380",2011-07-19,0.0038382513448596
"381",2011-07-20,-0.00156552880071104
"382",2011-07-21,0.0133905410766602
"383",2011-07-22,-0.000777637760620564
"384",2011-07-25,-0.00439423834905028
"385",2011-07-26,-0.00623173033818603
"386",2011-07-27,-0.0147243607789278
"387",2011-07-28,0.00693216780200601
"388",2011-07-29,0.000628084933850914
"389",2011-08-01,-0.00230686413124204
"390",2011-08-02,-0.0199599415063858
"391",2011-08-03,-0.0193600077182055
"392",2011-08-04,-0.0495351068675518
"393",2011-08-05,-0.000405932893045247
"394",2011-08-08,-0.0759845077991486
"395",2011-08-09,0.041773684322834
"396",2011-08-10,0.00396915385499597
"397",2011-08-11,0.0309163704514503
"398",2011-08-12,0.00444122217595577
"399",2011-08-15,0.0223405603319407
"400",2011-08-16,-0.00254012201912701
"401",2011-08-17,0.0112318452447653
"402",2011-08-18,-0.0265542417764664
"403",2011-08-19,-0.0156475249677896
"404",2011-08-22,-0.0032876874320209
"405",2011-08-23,0.0221044290810823
"406",2011-08-24,3.14880744554102e-05
"407",2011-08-25,-0.0104236667975783
"408",2011-08-26,0.00459695886820555
"409",2011-08-29,0.024216054007411
"410",2011-08-30,0.00740644196048379
"411",2011-08-31,0.0199827346950769
"412",2011-09-01,0.0218354817479849
"413",2011-09-02,-0.0206101126968861
"414",2011-09-05,-0.0226782541722059
"415",2011-09-06,0.0211736150085926
"416",2011-09-08,0.012920861132443
"417",2011-09-09,-0.0248378291726112
"418",2011-09-12,-0.000770459999330342
"419",2011-09-13,-0.00161225965712219
"420",2011-09-14,0.0114814341068268
"421",2011-09-15,0.00247476994991302
"422",2011-09-16,0.0128086376935244
"423",2011-09-19,0.00180474412627518
"424",2011-09-20,-0.00607500271871686
"425",2011-09-21,-0.00408904580399394
"426",2011-09-22,-0.0420276336371899
"427",2011-09-23,-0.00810605380684137
"428",2011-09-26,0.00917291268706322
"429",2011-09-27,0.00512441620230675
"430",2011-09-28,-0.00665520410984755
"431",2011-09-29,0.00217303819954395
"432",2011-09-30,-0.00987791735678911
"433",2011-10-03,-0.0223891977220774
"434",2011-10-04,-0.00633517932146788
"435",2011-10-05,0.00506002036854625
"436",2011-10-06,0.0183072797954082
"437",2011-10-07,-0.0164600647985935
"438",2011-10-10,0.0308277457952499
"439",2011-10-11,0.00475961156189442
"440",2011-10-13,0.0106601836159825
"441",2011-10-14,0.00534997601062059
"442",2011-10-17,-0.0115530295297503
"443",2011-10-18,0.0146187348291278
"444",2011-10-19,-0.000910506816580892
"445",2011-10-20,-0.0131936352699995
"446",2011-10-21,0.0166418384760618
"447",2011-10-24,0.0209561288356781
"448",2011-10-25,-0.00749075878411531
"449",2011-10-26,0.0103127406910062
"450",2011-10-27,0.0220461692661047
"451",2011-10-28,0.00480207893997431
"452",2011-10-31,-0.0103492205962539
"453",2011-11-01,-0.0108833340927958
"454",2011-11-03,0.0135775040835142
"455",2011-11-04,0.00518581084907055
"456",2011-11-07,0.0079136760905385
"457",2011-11-08,-0.0033337608911097
"458",2011-11-09,-0.0182732567191124
"459",2011-11-10,-0.00589126022532582
"460",2011-11-11,0.0153614096343517
"461",2011-11-14,-0.000198523935978301
"462",2011-11-16,0.00550157716497779
"463",2011-11-17,-0.0245847683399916
"464",2011-11-18,-0.00422434415668249
"465",2011-11-21,-0.00526953674852848
"466",2011-11-22,-0.00602805241942406
"467",2011-11-23,-0.0123639646917582
"468",2011-11-24,0.00528513919562101
"469",2011-11-25,-0.00752522191032767
"470",2011-11-28,0.0165312122553587
"471",2011-11-29,-0.00853394903242588
"472",2011-11-30,0.0261091236025095
"473",2011-12-01,0.0186877902597189
"474",2011-12-02,-0.00298750936053693
"475",2011-12-05,0.0127738304436207
"476",2011-12-06,0.0102300178259611
"477",2011-12-07,-0.0101377097889781
"478",2011-12-08,-0.0127008948475122
"479",2011-12-09,0.00983531400561333
"480",2011-12-12,-0.0107078440487385
"481",2011-12-13,0.00300844572484493
"482",2011-12-14,-0.0125102400779724
"483",2011-12-15,-0.00480822753161192
"484",2011-12-16,-0.00241843657568097
"485",2011-12-19,-0.00711703347042203
"486",2011-12-20,0.023978378623724
"487",2011-12-21,-0.00301449559628963
"488",2011-12-22,0.00953674037009478
"489",2011-12-23,0.00609309738501906
"490",2011-12-26,-0.00137124233879149
"491",2011-12-27,0.00448550842702389
"492",2011-12-28,-0.0193491987884045
"493",2011-12-29,0.00466832751408219
"494",2012-01-02,0.00765303336083889
"495",2012-01-03,0.0180576164275408
"496",2012-01-04,-0.00089599599596113
"497",2012-01-05,-0.0107619315385818
"498",2012-01-06,-0.000946235377341509
"499",2012-01-09,0.00401277234777808
"500",2012-01-10,0.00532013876363635
"501",2012-01-11,0.00094551092479378
"502",2012-01-12,-0.000101112702395767
"503",2012-01-13,-0.00548856053501368
"504",2012-01-16,0.0107925543561578
"505",2012-01-18,0.0146286692470312
"506",2012-01-19,0.000294175901217386
"507",2012-01-20,0.00210054591298103
"508",2012-01-23,0.00132324325386435
"509",2012-01-24,0.00259469030424953
"510",2012-01-26,0.000966713472735137
"511",2012-01-27,-0.00394771248102188
"512",2012-01-30,-0.00168658967595547
"513",2012-01-31,0.00289180874824524
"514",2012-02-01,0.0158893447369337
"515",2012-02-02,-0.00352833629585803
"516",2012-02-03,0.00537398643791676
"517",2012-02-06,0.000652764574624598
"518",2012-02-07,0.00994634814560413
"519",2012-02-08,-0.00143651873804629
"520",2012-02-09,-0.00243234867230058
"521",2012-02-10,-0.0209800936281681
"522",2012-02-13,0.0198123808950186
"523",2012-02-14,-0.011539495550096
"524",2012-02-15,0.000387729291105643
"525",2012-02-16,0.0126197524368763
"526",2012-02-17,0.00427059177309275
"527",2012-02-23,-0.00288580195046961
"528",2012-02-24,0.00596786104142666
"529",2012-02-27,-0.00597114395350218
"530",2012-02-28,0.0081566721200943
"531",2012-02-29,0.00282419542782009
"532",2012-03-01,0.0133951883763075
"533",2012-03-02,0.0111239310353994
"534",2012-03-05,-0.0104220248758793
"535",2012-03-06,-0.0225663240998983
"536",2012-03-07,0.0117656784132123
"537",2012-03-08,0.0107937715947628
"538",2012-03-09,0.00332561181858182
"539",2012-03-12,-0.00446929922327399
"540",2012-03-13,0.0227647144347429
"541",2012-03-14,0.000130809814436361
"542",2012-03-15,-0.00746764848008752
"543",2012-03-16,0.000611950759775937
"544",2012-03-19,0.00302325724624097
"545",2012-03-20,-0.00536494329571724
"546",2012-03-21,-0.00297801848500967
"547",2012-03-22,-0.0119025399908423
"548",2012-03-23,-0.0010839948663488
"549",2012-03-26,0.0173283088952303
"550",2012-03-27,-0.0053249467164278
"551",2012-03-28,-0.0181224774569273
"552",2012-03-29,-0.0018312269821763
"553",2012-03-30,-0.00330894277431071
"554",2012-04-02,0.0111372489482164
"555",2012-04-03,-0.0130946272984147
"556",2012-04-04,-0.0180683974176645
"557",2012-04-05,0.000546570168808103
"558",2012-04-09,-0.0102145103737712
"559",2012-04-10,-0.0107193700969219
"560",2012-04-11,0.000576370861381292
"561",2012-04-12,0.0231654066592455
"562",2012-04-13,-0.0113207548856735
"563",2012-04-16,-0.00494897877797484
"564",2012-04-17,0.00780956028029323
"565",2012-04-18,0.00610452797263861
"566",2012-04-19,-0.00230122497305274
"567",2012-04-20,0.00302727497182786
"568",2012-04-23,-0.00966376625001431
"569",2012-04-24,0.00165108032524586
"570",2012-04-25,-0.00681742653250694
"571",2012-04-26,0.00552267581224442
"572",2012-04-27,-0.00175651756580919
"573",2012-04-30,0.00268538831733167
"574",2012-05-02,0.00451989891007543
"575",2012-05-03,-0.00674877129495144
"576",2012-05-04,-0.0166625678539276
"577",2012-05-07,0.00650774966925383
"578",2012-05-08,-0.012159570120275
"579",2012-05-09,-0.00802084803581238
"580",2012-05-10,0.000280426174867898
"581",2012-05-11,-0.00545124104246497
"582",2012-05-14,-0.0224203579127789
"583",2012-05-15,-0.0136425020173192
"584",2012-05-16,-0.0028922283090651
"585",2012-05-17,-0.0273104012012482
"586",2012-05-18,0.00775062013417482
"587",2012-05-21,0.0299489311873913
"588",2012-05-22,-0.0124722458422184
"589",2012-05-23,-0.0138353100046515
"590",2012-05-24,-0.0111148878931999
"591",2012-05-25,0.00254319258965552
"592",2012-05-28,0.0104810940101743
"593",2012-05-29,-0.00413330271840096
"594",2012-05-30,-0.0106278657913208
"595",2012-05-31,0.0169298183172941
"596",2012-06-01,-0.0188497789204121
"597",2012-06-04,-0.00186583213508129
"598",2012-06-05,-0.0130631560459733
"599",2012-06-06,0.0276804231107235
"600",2012-06-08,-0.000884915003553033
"601",2012-06-11,-0.00558599270880222
"602",2012-06-12,0.0161716658622026
"603",2012-06-13,0.00314034917391837
"604",2012-06-14,-0.00584578467532992
"605",2012-06-15,0.00917108450084925
"606",2012-06-18,0.00821768958121538
"607",2012-06-19,0.0183981992304325
"608",2012-06-20,-0.00205756910145283
"609",2012-06-21,-0.0243177805095911
"610",2012-06-22,-0.0030386250000447
"611",2012-06-25,-0.0237193759530783
"612",2012-06-26,0.00406672386452556
"613",2012-06-27,-0.0056201764382422
"614",2012-06-28,-0.00359962228685617
"615",2012-06-29,0.023390943184495
"616",2012-07-02,0.000856469152495265
"617",2012-07-03,0.0170858576893806
"618",2012-07-04,0.00430206768214703
"619",2012-07-05,0.00379586452618241
"620",2012-07-06,-0.0121186217293143
"621",2012-07-10,-0.0240014437586069
"622",2012-07-11,-0.00135241157840937
"623",2012-07-12,-0.00378326652571559
"624",2012-07-13,0.0131486812606454
"625",2012-07-16,-0.00854072347283363
"626",2012-07-17,0.00336287962272763
"627",2012-07-18,0.00946285575628281
"628",2012-07-19,0.00888656266033649
"629",2012-07-20,-0.0129095008596778
"630",2012-07-23,-0.0149241471663117
"631",2012-07-24,-0.00640571629628539
"632",2012-07-25,0.00148012361023575
"633",2012-07-26,0.0217079520225525
"634",2012-07-27,0.0355649329721928
"635",2012-07-30,0.00788244139403105
"636",2012-07-31,-0.0170880332589149
"637",2012-08-01,0.00249084061942995
"638",2012-08-02,-0.0102612348273396
"639",2012-08-03,0.018669530749321
"640",2012-08-06,0.0134637029841542
"641",2012-08-07,-0.00250416342169046
"642",2012-08-08,0.0144557598978281
"643",2012-08-09,-0.00533483596518636
"644",2012-08-10,0.0065883188508451
"645",2012-08-13,-0.0043246173299849
"646",2012-08-14,-0.00940595846623182
"647",2012-08-15,0.00110906164627522
"648",2012-08-16,0.0124001018702984
"649",2012-08-17,-0.00577169051393867
"650",2012-08-20,-0.000367366650607437
"651",2012-08-21,-0.00898313708603382
"652",2012-08-22,0.00673826923593879
"653",2012-08-23,-0.0087785953655839
"654",2012-08-24,-0.00155285268556327
"655",2012-08-27,-0.00306022888980806
"656",2012-08-28,0.00165772414766252
"657",2012-08-29,-0.0146683640778065
"658",2012-08-30,-0.00331737520173192
"659",2012-08-31,-0.004208545666188
"660",2012-09-03,0.00416820170357823
"661",2012-09-04,-0.0129561796784401
"662",2012-09-05,0.00949150044471025
"663",2012-09-06,0.0211580116301775
"664",2012-09-10,-0.00141681754030287
"665",2012-09-11,0.00922676455229521
"666",2012-09-12,0.000223159178858623
"667",2012-09-13,0.0234353821724653
"668",2012-09-14,0.00619298918172717
"669",2012-09-17,0.000314426637487486
"670",2012-09-18,-0.00441346224397421
"671",2012-09-19,-0.00464946962893009
"672",2012-09-20,0.00113515905104578
"673",2012-09-21,-0.00209041777998209
"674",2012-09-24,0.00526586966589093
"675",2012-09-25,-0.0208746921271086
"676",2012-09-26,0.000583772663958371
"677",2012-09-27,-0.00142209441401064
"678",2012-09-28,-0.0117010958492756
"679",2012-10-01,0.00793167017400265
"680",2012-10-02,0.00168786360882223
"681",2012-10-03,-0.00998932775110006
"682",2012-10-04,0.0031230968888849
"683",2012-10-05,0.00394422980025411
"684",2012-10-08,0.00869792327284813
"685",2012-10-09,-0.0100980270653963
"686",2012-10-10,-0.00622491771355271
"687",2012-10-11,0.00991778820753098
"688",2012-10-15,0.00548314396291971
"689",2012-10-16,0.00460729654878378
"690",2012-10-17,0.00276270508766174
"691",2012-10-18,-0.00235772808082402
"692",2012-10-19,-0.0101588033139706
"693",2012-10-22,-0.00496386550366879
"694",2012-10-23,-0.0149601008743048
"695",2012-10-24,-0.00224360125139356
"696",2012-10-25,0.0101827438920736
"697",2012-10-26,-0.00277371727861464
"698",2012-10-29,-0.000682656071148813
"699",2012-10-30,0.0051676370203495
"700",2012-10-31,-0.00880047492682934
"701",2012-11-01,0.0177582371979952
"702",2012-11-05,0.000313015858409926
"703",2012-11-06,0.0112700974568725
"704",2012-11-07,-0.0130888829007745
"705",2012-11-08,-0.0152532374486327
"706",2012-11-09,-0.00346989510580897
"707",2012-11-12,-0.00547146610915661
"708",2012-11-13,0.00867542624473572
"709",2012-11-14,-0.0145123498514295
"710",2012-11-16,-0.00478163734078407
"711",2012-11-19,0.0107129095122218
"712",2012-11-21,-0.000337611709255725
"713",2012-11-22,0.00144577736500651
"714",2012-11-23,0.0165132991969585
"715",2012-11-26,-0.00949719361960888
"716",2012-11-27,-0.00779786566272378
"717",2012-11-28,0.00408607674762607
"718",2012-11-29,0.0135984728112817
"719",2012-11-30,0.000807639968115836
"720",2012-12-03,0.00961464829742908
"721",2012-12-04,-0.00914738886058331
"722",2012-12-05,0.00128192664124072
"723",2012-12-06,-0.00142984604462981
"724",2012-12-07,0.00663350662216544
"725",2012-12-10,0.00772978691384196
"726",2012-12-11,0.00898185651749372
"727",2012-12-12,-0.00160111684817821
"728",2012-12-13,-0.00203564134426415
"729",2012-12-14,0.00461371103301644
"730",2012-12-17,0.00119040603749454
"731",2012-12-18,0.00870632100850344
"732",2012-12-19,0.00999286863952875
"733",2012-12-20,-0.00143900525290519
"734",2012-12-21,-0.00181859498843551
"735",2012-12-26,-0.00626480625942349
"736",2012-12-27,-0.00559373665601015
"737",2012-12-28,0.00580423092469573
"738",2013-01-02,0.0182162746787071
"739",2013-01-03,0.0129819409921765
"740",2013-01-04,-0.00719750160351396
"741",2013-01-07,-0.00928719341754913
"742",2013-01-08,-0.00790923088788986
"743",2013-01-09,0.00902016926556826
"744",2013-01-10,-0.000595501915086061
"745",2013-01-11,-0.00351557927206159
"746",2013-01-14,0.00614997697994113
"747",2013-01-15,-0.00409608893096447
"748",2013-01-16,0.00616200780496001
"749",2013-01-17,0.00718152150511742
"750",2013-01-18,-0.00263580377213657
"751",2013-01-21,-0.000801253831014037
"752",2013-01-22,0.00192933366633952
"753",2013-01-23,0.000398097356082872
"754",2013-01-24,-0.00626260600984097
"755",2013-01-28,-0.0167973004281521
"756",2013-01-29,0.00512113189324737
"757",2013-01-30,-0.013107655569911
"758",2013-01-31,0.00838925689458847
"759",2013-02-01,0.00386563129723072
"760",2013-02-04,-0.00796148832887411
"761",2013-02-05,0.000524360162671655
"762",2013-02-06,-0.00767437368631363
"763",2013-02-07,-0.00837295409291983
"764",2013-02-08,0.00325403432361782
"765",2013-02-14,-0.00551747623831034
"766",2013-02-15,0.00265188422054052
"767",2013-02-18,-0.000138172414153814
"768",2013-02-19,-0.00140802620444447
"769",2013-02-20,-0.0147562688216567
"770",2013-02-21,-0.00551502360031009
"771",2013-02-22,0.00743899121880531
"772",2013-02-25,-0.00294521963223815
"773",2013-02-26,0.00265426305122674
"774",2013-02-27,0.000536550185643137
"775",2013-02-28,0.00840650591999292
"776",2013-03-01,-0.00213647983036935
"777",2013-03-04,-0.00638956390321255
"778",2013-03-05,-0.00240444275550544
"779",2013-03-06,0.0265501253306866
"780",2013-03-07,0.00468106707558036
"781",2013-03-08,-0.000759560498408973
"782",2013-03-11,0.00279010296799242
"783",2013-03-12,-0.00740391574800014
"784",2013-03-13,-0.0087408572435379
"785",2013-03-14,0.00254025962203741
"786",2013-03-15,-0.00728694116696715
"787",2013-03-18,0.00103193602990359
"788",2013-03-19,-0.00772316614165902
"789",2013-03-20,-0.00200033094733953
"790",2013-03-21,-0.00780889950692654
"791",2013-03-22,-0.0042920783162117
"792",2013-03-25,-0.00675307679921389
"793",2013-03-26,0.0106120808050036
"794",2013-03-27,0.0046998905017972
"795",2013-03-28,0.00822110380977392
"796",2013-04-01,-0.00699555035680532
"797",2013-04-02,-0.010356156155467
"798",2013-04-03,0.00571478996425867
"799",2013-04-04,-0.013749280013144
"800",2013-04-05,0.00265684630721807
"801",2013-04-08,-0.00136358558665961
"802",2013-04-09,0.0152104096487164
"803",2013-04-10,0.0055761500261724
"804",2013-04-11,-0.00949331000447273
"805",2013-04-12,-0.00773857813328505
"806",2013-04-15,-0.0307241771370173
"807",2013-04-16,0.0204450748860836
"808",2013-04-17,-0.0141651434823871
"809",2013-04-18,0.00240815128199756
"810",2013-04-19,0.0119104338809848
"811",2013-04-22,0.00193055439740419
"812",2013-04-23,0.0141469333320856
"813",2013-04-24,-0.00227715191431344
"814",2013-04-25,-0.00300303031690419
"815",2013-04-26,-0.0147011615335941
"816",2013-04-29,0.00802531000226736
"817",2013-04-30,0.0257882513105869
"818",2013-05-02,-0.00788299925625324
"819",2013-05-03,0.0046718860976398
"820",2013-05-06,-0.000224127667024732
"821",2013-05-07,0.0124151231721044
"822",2013-05-08,-0.00232190382666886
"823",2013-05-09,0.00157441932242364
"824",2013-05-10,-0.0041347686201334
"825",2013-05-13,-0.0111531987786293
"826",2013-05-14,0.00551010994240642
"827",2013-05-15,0.00346540799364448
"828",2013-05-16,-0.00383286271244287
"829",2013-05-17,0.00794652942568064
"830",2013-05-20,0.00844534859061241
"831",2013-05-21,0.00535085657611489
"832",2013-05-22,5.34034916199744e-06
"833",2013-05-23,-0.00489925825968385
"834",2013-05-24,-0.000751663581468165
"835",2013-05-27,-0.00217195623554289
"836",2013-05-28,0.00159376207739115
"837",2013-05-29,-0.0178776979446411
"838",2013-05-31,-0.00887270737439394
"839",2013-06-03,-0.000454340362921357
"840",2013-06-04,-0.00318967527709901
"841",2013-06-05,-0.0193243753165007
"842",2013-06-06,0.00172853551339358
"843",2013-06-07,-0.0148771777749062
"844",2013-06-10,-0.0042402888648212
"845",2013-06-11,-0.0250069126486778
"846",2013-06-12,-0.00956207979470491
"847",2013-06-13,0.0119794914498925
"848",2013-06-14,-0.0135466111823916
"849",2013-06-17,0.00358965108171105
"850",2013-06-18,-1.00436445791274e-05
"851",2013-06-19,-0.0219830889254808
"852",2013-06-20,-0.00503867166116834
"853",2013-06-21,-0.014959049411118
"854",2013-06-24,-0.022680290043354
"855",2013-06-25,0.012665475718677
"856",2013-06-26,0.00739820301532745
"857",2013-06-27,0.0146846836432815
"858",2013-06-28,0.00914707779884338
"859",2013-07-01,0.00187402660958469
"860",2013-07-02,-0.0359862633049488
"861",2013-07-03,-0.00338669936172664
"862",2013-07-04,0.00829544011503458
"863",2013-07-05,-0.0115368748083711
"864",2013-07-08,-0.00241006584838033
"865",2013-07-10,0.00722185615450144
"866",2013-07-11,0.0214004591107368
"867",2013-07-12,-0.0128695368766785
"868",2013-07-15,0.0152891902253032
"869",2013-07-16,0.00314911175519228
"870",2013-07-17,0.00580964516848326
"871",2013-07-18,-0.000137163384351879
"872",2013-07-19,-0.00708792498335242
"873",2013-07-22,0.0199464913457632
"874",2013-07-23,0.00523912068456411
"875",2013-07-24,-0.00736583536490798
"876",2013-07-25,0.00796560384333134
"877",2013-07-26,0.00206103990785778
"878",2013-07-29,-0.00455645518377423
"879",2013-07-30,-0.00534755038097501
"880",2013-07-31,0.00177213689312339
"881",2013-08-01,0.0179360657930374
"882",2013-08-02,-0.0081444289535284
"883",2013-08-05,-0.0049479971639812
"884",2013-08-06,-0.0178809836506844
"885",2013-08-07,-0.000422093900851905
"886",2013-08-08,0.0196019038558006
"887",2013-08-09,0.00975957978516817
"888",2013-08-12,0.00212805648334324
"889",2013-08-13,0.00666408240795135
"890",2013-08-14,-4.90274105686694e-05
"891",2013-08-15,-0.000177897309185937
"892",2013-08-16,0.00509734824299812
"893",2013-08-19,-0.00352568598464131
"894",2013-08-20,-0.0204448495060205
"895",2013-08-21,-0.00410002283751965
"896",2013-08-22,0.0132692288607359
"897",2013-08-23,0.00994285475462675
"898",2013-08-26,-0.0122935306280851
"899",2013-08-27,-0.0191948693245649
"900",2013-08-28,-0.00424744607880712
"901",2013-08-29,0.00670633744448423
"902",2013-08-30,0.00779165839776397
"903",2013-09-02,0.0141246495768428
"904",2013-09-03,-0.012271267361939
"905",2013-09-04,0.0037026284262538
"906",2013-09-05,0.0123015316203237
"907",2013-09-06,0.00906044524163008
"908",2013-09-09,0.0195888709276915
"909",2013-09-10,0.00649608485400677
"910",2013-09-11,-0.0022440894972533
"911",2013-09-12,-0.00855181086808443
"912",2013-09-13,0.00662905583158135
"913",2013-09-16,0.00384559039957821
"914",2013-09-17,0.00360239623114467
"915",2013-09-18,0.0172520577907562
"916",2013-09-19,-7.95569503679872e-05
"917",2013-09-20,-0.0143808657303452
"918",2013-09-23,0.00660403957590461
"919",2013-09-24,-0.0023548963945359
"920",2013-09-25,-0.000902734289411455
"921",2013-09-26,-0.000434362184023485
"922",2013-09-27,0.00338455894961953
"923",2013-09-30,-0.0174682959914207
"924",2013-10-01,0.0105136567726731
"925",2013-10-02,-0.00141056790016592
"926",2013-10-03,-0.00712892552837729
"927",2013-10-04,0.00467726588249207
"928",2013-10-07,-0.00284737348556519
"929",2013-10-08,-0.00624152412638068
"930",2013-10-09,0.00335771520622075
"931",2013-10-10,0.00771876610815525
"932",2013-10-11,0.00361592043191195
"933",2013-10-14,0.010918291285634
"934",2013-10-15,-1.95918255485594e-06
"935",2013-10-16,0.00178550090640783
"936",2013-10-17,0.00178212113678455
"937",2013-10-18,0.00212035165168345
"938",2013-10-21,0.00697858026251197
"939",2013-10-22,0.00529734138399363
"940",2013-10-23,-0.0135533129796386
"941",2013-10-24,-0.0030069537460804
"942",2013-10-25,-0.0012857923284173
"943",2013-10-28,0.0119927981868386
"944",2013-10-29,-0.00171195273287594
"945",2013-10-30,0.00154062337242067
"946",2013-10-31,0.00538133690133691
"947",2013-11-01,-0.00400239462032914
"948",2013-11-04,0.00629372149705887
"949",2013-11-05,-0.00889188703149557
"950",2013-11-06,-0.00312330387532711
"951",2013-11-07,-0.00937261898070574
"952",2013-11-08,-0.00980492867529392
"953",2013-11-11,0.00574303325265646
"954",2013-11-12,-0.0117114409804344
"955",2013-11-13,0.00548621546477079
"956",2013-11-14,0.0161710642278194
"957",2013-11-18,0.0127267511561513
"958",2013-11-19,-0.0169230923056602
"959",2013-11-21,-0.00584177672863007
"960",2013-11-22,-0.00237458338961005
"961",2013-11-25,-0.00868643261492252
"962",2013-11-26,-0.0109055107459426
"963",2013-11-27,0.00695634074509144
"964",2013-11-28,-0.000298388506053016
"965",2013-11-29,0.00980324484407902
"966",2013-12-02,-0.0215390026569366
"967",2013-12-03,-0.0129936542361975
"968",2013-12-04,-0.00602463213726878
"969",2013-12-05,0.00692569278180599
"970",2013-12-06,-0.000502878916449845
"971",2013-12-09,0.00241346540860832
"972",2013-12-10,-0.00412440299987793
"973",2013-12-11,-0.0156571250408888
"974",2013-12-12,-0.000102064368547872
"975",2013-12-13,-0.000475498323794454
"976",2013-12-16,0.00323369354009628
"977",2013-12-17,-0.00275488826446235
"978",2013-12-18,0.00245503964833915
"979",2013-12-19,0.0144648533314466
"980",2013-12-20,-0.00397539883852005
"981",2013-12-23,0.00179914524778724
"982",2013-12-26,-0.00185633427463472
"983",2013-12-27,0.00196485570631921
"984",2013-12-30,0.00435445178300142
"985",2014-01-02,-0.0133824935182929
"986",2014-01-03,-0.000607747700996697
"987",2014-01-06,-0.000911399896722287
"988",2014-01-07,-0.00960418675094843
"989",2014-01-08,0.000554169761016965
"990",2014-01-09,-0.0202823020517826
"991",2014-01-10,0.00592191750183702
"992",2014-01-13,-0.00563428830355406
"993",2014-01-14,0.00464121671393514
"994",2014-01-15,0.00552784092724323
"995",2014-01-16,-0.0070284572429955
"996",2014-01-17,-0.00945091806352139
"997",2014-01-20,-0.00832544639706612
"998",2014-01-21,-0.00205584475770593
"999",2014-01-22,0.0106655787676573
"1000",2014-01-23,-0.0168110467493534
"1001",2014-01-24,-0.0104014547541738
"1002",2014-01-27,-0.00106509809847921
"1003",2014-01-28,0.00170058524236083
"1004",2014-01-29,-0.00683195143938065
"1005",2014-01-30,-0.00513167353346944
"1006",2014-01-31,0.00613935943692923
"1007",2014-02-03,-0.0261523500084877
"1008",2014-02-04,0.0142148109152913
"1009",2014-02-05,-0.00683143502101302
"1010",2014-02-06,0.0180175174027681
"1011",2014-02-07,0.00495445961132646
"1012",2014-02-10,-0.00544284749776125
"1013",2014-02-11,0.010960940271616
"1014",2014-02-12,-0.00322678918018937
"1015",2014-02-13,-0.00837147142738104
"1016",2014-02-14,0.00500594638288021
"1017",2014-02-17,-0.010792650282383
"1018",2014-02-18,-0.0155531046912074
"1019",2014-02-19,0.00796538684517145
"1020",2014-02-20,0.00154939934145659
"1021",2014-02-21,0.000760133960284293
"1022",2014-02-24,0.000207016506465152
"1023",2014-02-25,-0.0114172147586942
"1024",2014-02-26,-0.00237345322966576
"1025",2014-02-27,0.0163408182561398
"1026",2014-02-28,-0.00890544336289167
"1027",2014-03-06,0.00910603255033493
"1028",2014-03-07,-0.0143830729648471
"1029",2014-03-10,-0.0140030598267913
"1030",2014-03-11,0.00457242596894503
"1031",2014-03-12,0.00144508387893438
"1032",2014-03-13,-0.00762985274195671
"1033",2014-03-14,-0.00926917977631092
"1034",2014-03-17,0.00277249049395323
"1035",2014-03-18,0.0191445481032133
"1036",2014-03-19,0.00676761334761977
"1037",2014-03-20,0.0131467282772064
"1038",2014-03-21,0.00235820538364351
"1039",2014-03-24,0.00947328377515078
"1040",2014-03-25,0.00238745054230094
"1041",2014-03-26,-0.00171792856417596
"1042",2014-03-27,0.0267193783074617
"1043",2014-03-28,0.0014501023106277
"1044",2014-03-31,0.0106621123850346
"1045",2014-04-01,-0.00191062071826309
"1046",2014-04-02,0.0222170650959015
"1047",2014-04-03,-0.00509603088721633
"1048",2014-04-04,-0.00512795569375157
"1049",2014-04-07,0.0156591087579727
"1050",2014-04-08,-0.00948423519730568
"1051",2014-04-09,-0.00652018049731851
"1052",2014-04-10,0.000147426646435633
"1053",2014-04-11,0.0116942999884486
"1054",2014-04-14,-0.00455049052834511
"1055",2014-04-15,-0.017419308423996
"1056",2014-04-16,0.013096759095788
"1057",2014-04-17,0.0150737697258592
"1058",2014-04-22,-0.00288768345490098
"1059",2014-04-23,-0.00679104868322611
"1060",2014-04-24,0.00319595541805029
"1061",2014-04-25,-0.00575598375871778
"1062",2014-04-28,0.000608005211688578
"1063",2014-04-29,0.00378346536308527
"1064",2014-04-30,-0.00128329731523991
"1065",2014-05-02,0.0202142540365458
"1066",2014-05-05,0.00519279576838017
"1067",2014-05-06,0.00474011385813355
"1068",2014-05-07,0.00481341406702995
"1069",2014-05-08,-0.0104605285450816
"1070",2014-05-09,-0.00729897059500217
"1071",2014-05-12,0.0143689895048738
"1072",2014-05-13,-0.00251777819357812
"1073",2014-05-14,0.006812390871346
"1074",2014-05-15,-0.0093879597261548
"1075",2014-05-16,0.002725082449615
"1076",2014-05-19,-0.00995646510273218
"1077",2014-05-20,-0.0159619823098183
"1078",2014-05-21,-0.00463871564716101
"1079",2014-05-22,0.00973183289170265
"1080",2014-05-23,-0.00310395588167012
"1081",2014-05-26,0.0046753603965044
"1082",2014-05-27,-0.0112644424661994
"1083",2014-05-28,0.0082336338236928
"1084",2014-05-29,-0.00572349829599261
"1085",2014-05-30,-0.0160678531974554
"1086",2014-06-02,0.00376790622249246
"1087",2014-06-03,0.00734244892373681
"1088",2014-06-04,-0.00260738912038505
"1089",2014-06-05,-0.00360135501250625
"1090",2014-06-06,0.0249651372432709
"1091",2014-06-09,0.019434716552496
"1092",2014-06-10,0.00628159940242767
"1093",2014-06-11,0.00802133046090603
"1094",2014-06-13,-0.00347109604626894
"1095",2014-06-16,-0.00323846703395247
"1096",2014-06-18,0.0127102667465806
"1097",2014-06-20,-0.00973869673907757
"1098",2014-06-24,0.00133139837998897
"1099",2014-06-25,-0.0131662217900157
"1100",2014-06-26,0.000839513260871172
"1101",2014-06-27,-0.00595710380002856
"1102",2014-06-30,-0.000935061369091272
"1103",2014-07-01,-0.0020438083447516
"1104",2014-07-02,-0.00447876797989011
"1105",2014-07-03,0.0116266552358866
"1106",2014-07-07,-0.00375314010307193
"1107",2014-07-10,0.0143253328278661
"1108",2014-07-11,0.00328374723903835
"1109",2014-07-14,0.0147818764671683
"1110",2014-07-15,0.00226003187708557
"1111",2014-07-16,-0.00641474034637213
"1112",2014-07-17,-0.0022815999109298
"1113",2014-07-18,0.018656812608242
"1114",2014-07-21,0.00961692724376917
"1115",2014-07-22,0.0056338612921536
"1116",2014-07-23,-0.00702904863283038
"1117",2014-07-24,0.00642762519419193
"1118",2014-07-25,-0.00312030245549977
"1119",2014-07-28,-0.00260368967428803
"1120",2014-07-29,-0.00977948121726513
"1121",2014-07-30,-0.00514095835387707
"1122",2014-07-31,-0.0149646811187267
"1123",2014-08-01,0.000816004816442728
"1124",2014-08-04,0.0103900022804737
"1125",2014-08-05,-0.00599015085026622
"1126",2014-08-06,0.00218730373308063
"1127",2014-08-07,-0.0054952441714704
"1128",2014-08-08,-0.0107923960313201
"1129",2014-08-11,0.0162316244095564
"1130",2014-08-12,-0.00240106787532568
"1131",2014-08-13,-0.0119250221177936
"1132",2014-08-14,0.00234760250896215
"1133",2014-08-15,0.0179440211504698
"1134",2014-08-18,0.00838063843548298
"1135",2014-08-19,0.0122125586494803
"1136",2014-08-20,0.00611575087532401
"1137",2014-08-21,0.00182495091576129
"1138",2014-08-22,-0.00889673549681902
"1139",2014-08-25,0.0188393574208021
"1140",2014-08-26,0.00170465314295143
"1141",2014-08-27,0.0176796950399876
"1142",2014-08-28,-0.00817865878343582
"1143",2014-08-29,0.0159254912286997
"1144",2014-09-01,-0.00150216848123819
"1145",2014-09-02,0.0113846091553569
"1146",2014-09-03,-0.00198456249199808
"1147",2014-09-04,-0.0158405397087336
"1148",2014-09-05,-0.00169320835266262
"1149",2014-09-08,-0.0212627835571766
"1150",2014-09-09,-0.00923165213316679
"1151",2014-09-10,-0.00854405108839273
"1152",2014-09-11,0.00273350812494755
"1153",2014-09-12,-0.0208777543157339
"1154",2014-09-15,0.0121280457824469
"1155",2014-09-16,0.0171979330480099
"1156",2014-09-17,0.00120194919873029
"1157",2014-09-18,-0.0120582776144147
"1158",2014-09-19,-0.010301218368113
"1159",2014-09-22,-0.0167188588529825
"1160",2014-09-23,-0.00529706431552768
"1161",2014-09-24,0.00437906151637435
"1162",2014-09-25,-0.0134146856144071
"1163",2014-09-26,0.0180993266403675
"1164",2014-09-29,-0.0397773236036301
"1165",2014-09-30,-0.00872978568077087
"1166",2014-10-01,-0.0211004260927439
"1167",2014-10-02,0.00860682036727667
"1168",2014-10-03,0.0167544111609459
"1169",2014-10-06,0.0398930050432682
"1170",2014-10-07,0.00613925885409117
"1171",2014-10-08,-0.00532397767528892
"1172",2014-10-09,0.00283000851050019
"1173",2014-10-10,-0.0295673422515392
"1174",2014-10-13,0.0409681871533394
"1175",2014-10-14,-0.000420138763729483
"1176",2014-10-15,-0.0280374977737665
"1177",2014-10-16,-0.0284038949757814
"1178",2014-10-17,0.0196404736489058
"1179",2014-10-20,-0.0226620864123106
"1180",2014-10-21,-0.0309276785701513
"1181",2014-10-22,-0.0014264858327806
"1182",2014-10-23,-0.0295959748327732
"1183",2014-10-24,0.0189868677407503
"1184",2014-10-27,-0.02458874322474
"1185",2014-10-28,0.0325268395245075
"1186",2014-10-29,-0.0197179727256298
"1187",2014-10-30,0.0213091764599085
"1188",2014-10-31,0.0374853909015656
"1189",2014-11-03,-0.0089681213721633
"1190",2014-11-04,0.00521934498101473
"1191",2014-11-05,-0.0131316212937236
"1192",2014-11-06,-0.0183014422655106
"1193",2014-11-07,0.00952353980392218
"1194",2014-11-10,-0.00742477737367153
"1195",2014-11-11,-0.00336258672177792
"1196",2014-11-12,0.00673427432775497
"1197",2014-11-13,-0.0180181451141834
"1198",2014-11-14,-0.00272073526866734
"1199",2014-11-17,-0.00901555642485619
"1200",2014-11-18,0.0127155994996428
"1201",2014-11-19,0.0217884723097086
"1202",2014-11-21,0.0418340004980564
"1203",2014-11-24,-0.00945323053747416
"1204",2014-11-25,0.00085244164802134
"1205",2014-11-26,-0.00627349223941565
"1206",2014-11-27,-0.00485183531418443
"1207",2014-11-28,-0.000838424428366125
"1208",2014-12-01,-0.0368871688842773
"1209",2014-12-02,-0.00927943084388971
"1210",2014-12-03,0.00956281274557114
"1211",2014-12-04,-0.0142048997804523
"1212",2014-12-05,0.00773429963737726
"1213",2014-12-08,-0.0284403916448355
"1214",2014-12-09,-0.00290531781502068
"1215",2014-12-10,-0.0114283999428153
"1216",2014-12-11,0.00459531601518393
"1217",2014-12-12,-0.0314780250191689
"1218",2014-12-15,-0.0191459991037846
"1219",2014-12-16,-0.00327586708590388
"1220",2014-12-17,0.0287697371095419
"1221",2014-12-18,-0.00378011749126017
"1222",2014-12-19,0.0196284670382738
"1223",2014-12-22,0.00638628378510475
"1224",2014-12-23,0.0138649400323629
"1225",2014-12-26,-0.0111230788752437
"1226",2014-12-29,0.00638118572533131
"1227",2014-12-30,-0.00906881503760815
"1228",2015-01-02,-0.0283574629575014
"1229",2015-01-05,-0.0204158257693052
"1230",2015-01-06,0.00871626660227776
"1231",2015-01-07,0.0266744326800108
"1232",2015-01-08,0.00774690043181181
"1233",2015-01-09,-0.0208403374999762
"1234",2015-01-12,-0.0106326350942254
"1235",2015-01-13,-0.00174580537714064
"1236",2015-01-14,-0.00603454932570457
"1237",2015-01-15,0.00549397198483348
"1238",2015-01-16,0.018795995041728
"1239",2015-01-19,-0.0236648563295603
"1240",2015-01-20,0.00342626729980111
"1241",2015-01-21,0.0235890168696642
"1242",2015-01-22,0.00457575358450413
"1243",2015-01-23,-0.0115660857409239
"1244",2015-01-26,-0.00576625298708677
"1245",2015-01-27,-0.000134987611090764
"1246",2015-01-28,-0.0146504659205675
"1247",2015-01-29,0.00365550932474434
"1248",2015-01-30,-0.0184395033866167
"1249",2015-02-02,0.0114026376977563
"1250",2015-02-03,0.0233429670333862
"1251",2015-02-04,0.00493157142773271
"1252",2015-02-05,0.00154958060011268
"1253",2015-02-06,-0.00791833736002445
"1254",2015-02-09,0.0115025890991092
"1255",2015-02-10,-0.0154390949755907
"1256",2015-02-11,-0.00548016792163253
"1257",2015-02-12,0.0217547435313463
"1258",2015-02-13,0.018883952870965
"1259",2015-02-19,0.000232346181292087
"1260",2015-02-20,-0.00174742052331567
"1261",2015-02-23,0.00107466685585678
"1262",2015-02-24,0.0094757778570056
"1263",2015-02-25,-0.00264096795581281
"1264",2015-02-26,0.000446689955424517
"1265",2015-02-27,-0.00392101565375924
"1266",2015-03-02,-0.00890764780342579
"1267",2015-03-03,0.0054484885185957
"1268",2015-03-04,-0.016040962189436
"1269",2015-03-05,-0.00066696509020403
"1270",2015-03-06,-0.00823360867798328
"1271",2015-03-09,-0.0150279095396399
"1272",2015-03-10,-0.0173331424593925
"1273",2015-03-11,0.01318718213588
"1274",2015-03-12,0.00039080556598492
"1275",2015-03-13,-0.00520590040832758
"1276",2015-03-16,0.00264807930216193
"1277",2015-03-17,0.0243450682610273
"1278",2015-03-18,0.0224524866789579
"1279",2015-03-19,-0.00971243064850569
"1280",2015-03-20,0.0155546460300684
"1281",2015-03-23,-0.0011866083368659
"1282",2015-03-24,-0.00663880771026015
"1283",2015-03-25,0.00519227236509323
"1284",2015-03-26,-0.0243274550884962
"1285",2015-03-27,-0.00658370461314917
"1286",2015-03-30,0.0220393259078264
"1287",2015-03-31,-0.0021726293489337
"1288",2015-04-01,0.0203646663576365
"1289",2015-04-02,0.0126443961635232
"1290",2015-04-06,0.0117635438218713
"1291",2015-04-07,-0.0016560594085604
"1292",2015-04-08,-0.00223473855294287
"1293",2015-04-09,0.00011928309686482
"1294",2015-04-10,0.00821668561547995
"1295",2015-04-13,3.01040417980403e-05
"1296",2015-04-14,-0.00493627041578293
"1297",2015-04-15,0.0138020748272538
"1298",2015-04-16,-0.0031205692794174
"1299",2015-04-17,-0.0123287560418248
"1300",2015-04-20,-0.00355284311808646
"1301",2015-04-22,0.0128663685172796
"1302",2015-04-23,0.0127584543079138
"1303",2015-04-24,0.0114979641512036
"1304",2015-04-27,-0.0168580915778875
"1305",2015-04-28,0.00573252560570836
"1306",2015-04-29,-0.00786351505666971
"1307",2015-04-30,0.0125216748565435
"1308",2015-05-04,0.0180165600031614
"1309",2015-05-05,0.00927401706576347
"1310",2015-05-06,-0.0123402774333954
"1311",2015-05-07,-0.00296807452104986
"1312",2015-05-08,0.00501831574365497
"1313",2015-05-11,-0.000321061874274164
"1314",2015-05-12,-0.00731307128444314
"1315",2015-05-13,-0.00696836039423943
"1316",2015-05-14,0.00430528353899717
"1317",2015-05-15,0.0092260679230094
"1318",2015-05-18,-0.0165212117135525
"1319",2015-05-19,-0.0129280025139451
"1320",2015-05-20,-0.0118343215435743
"1321",2015-05-21,0.00221762130968273
"1322",2015-05-22,-0.0120351100340486
"1323",2015-05-25,0.00377512536942959
"1324",2015-05-26,-0.0176302455365658
"1325",2015-05-27,0.0100754732266068
"1326",2015-05-28,-0.00550942216068506
"1327",2015-05-29,-0.018864281475544
"1328",2015-06-01,0.00440305378288031
"1329",2015-06-02,0.0193123333156109
"1330",2015-06-03,-0.0112862829118967
"1331",2015-06-05,-0.00892034731805325
"1332",2015-06-08,-0.00330248987302184
"1333",2015-06-09,-0.00108808930963278
"1334",2015-06-10,0.0167670156806707
"1335",2015-06-11,-0.00494140572845936
"1336",2015-06-12,-0.00723342411220074
"1337",2015-06-15,-0.00537717947736382
"1338",2015-06-16,0.00998657383024693
"1339",2015-06-17,-0.00758611271157861
"1340",2015-06-18,0.0159129425883293
"1341",2015-06-19,-0.00739422161132097
"1342",2015-06-22,0.00235116528347135
"1343",2015-06-23,-0.00155421672388911
"1344",2015-06-24,7.68169411458075e-05
"1345",2015-06-25,-0.010906707495451
"1346",2015-06-26,0.0148160858079791
"1347",2015-06-29,-0.0172419250011444
"1348",2015-06-30,0.0019305741880089
"1349",2015-07-01,-0.00394501537084579
"1350",2015-07-02,0.00524330185726285
"1351",2015-07-03,-0.00874487031251192
"1352",2015-07-06,-0.00704240426421165
"1353",2015-07-07,0.00198333128355443
"1354",2015-07-08,-0.0110207898542285
"1355",2015-07-10,0.0136724375188351
"1356",2015-07-13,0.006905572488904
"1357",2015-07-14,0.00221696542575955
"1358",2015-07-15,-0.00420438731089234
"1359",2015-07-16,0.00155456422362477
"1360",2015-07-17,-0.0127067668363452
"1361",2015-07-20,-0.0122966701164842
"1362",2015-07-21,-0.00277307047508657
"1363",2015-07-22,-0.0113176014274359
"1364",2015-07-23,-0.0190560445189476
"1365",2015-07-24,-0.0108848102390766
"1366",2015-07-27,-0.0100430846214294
"1367",2015-07-28,0.0125934882089496
"1368",2015-07-29,0.0118776755407453
"1369",2015-07-30,-0.0043764989823103
"1370",2015-07-31,0.0187940411269665
"1371",2015-08-03,-0.0113684935495257
"1372",2015-08-04,-0.00227917265146971
"1373",2015-08-05,0.00315390573814511
"1374",2015-08-06,-0.00799025408923626
"1375",2015-08-07,-0.0248801335692406
"1376",2015-08-10,0.0128502175211906
"1377",2015-08-11,-0.00594176212325692
"1378",2015-08-12,-0.0184098426252604
"1379",2015-08-13,-0.00883988291025162
"1380",2015-08-14,-0.0101477457210422
"1381",2015-08-17,-0.00575245916843414
"1382",2015-08-18,0.00639068242162466
"1383",2015-08-19,-0.0196294989436865
"1384",2015-08-20,0.0005006751162
"1385",2015-08-21,-0.0177070610225201
"1386",2015-08-24,-0.029109250754118
"1387",2015-08-25,0.00640668999403715
"1388",2015-08-26,0.0295907631516457
"1389",2015-08-27,0.0303368382155895
"1390",2015-08-28,-0.00953647866845131
"1391",2015-08-31,-0.0116918692365289
"1392",2015-09-01,-0.0239374581724405
"1393",2015-09-02,0.0182044375687838
"1394",2015-09-03,0.0187756065279245
"1395",2015-09-04,-0.015426897443831
"1396",2015-09-08,0.00234549469314516
"1397",2015-09-09,-0.00456591416150331
"1398",2015-09-10,-0.00549420109018683
"1399",2015-09-11,-0.0024652702268213
"1400",2015-09-14,0.0157728623598814
"1401",2015-09-15,0.002686507999897
"1402",2015-09-16,0.0218841191381216
"1403",2015-09-17,-0.000838153820950538
"1404",2015-09-18,-0.0237743798643351
"1405",2015-09-21,-0.0144427549093962
"1406",2015-09-22,-0.00645118672400713
"1407",2015-09-23,-0.0190916284918785
"1408",2015-09-24,-0.002320610685274
"1409",2015-09-25,-0.00729470886290073
"1410",2015-09-28,-0.0170642901211977
"1411",2015-09-29,0.00378424068912864
"1412",2015-09-30,0.0182323046028614
"1413",2015-10-01,0.00532004656270146
"1414",2015-10-02,0.0328346863389015
"1415",2015-10-05,0.0118005070835352
"1416",2015-10-06,0.000959882454480976
"1417",2015-10-07,0.0189252719283104
"1418",2015-10-08,0.00126111251302063
"1419",2015-10-09,0.0043718945235014
"1420",2015-10-13,-0.0361357070505619
"1421",2015-10-14,-0.0140693048015237
"1422",2015-10-15,0.00996486283838749
"1423",2015-10-16,0.0017422023229301
"1424",2015-10-19,0.00442945165559649
"1425",2015-10-20,-0.00683161756023765
"1426",2015-10-21,-0.00152889220044017
"1427",2015-10-22,0.012221192009747
"1428",2015-10-23,-0.00367389130406082
"1429",2015-10-26,-0.0071871024556458
"1430",2015-10-27,-0.00301976478658617
"1431",2015-10-28,-0.00801410153508186
"1432",2015-10-29,-0.0231630746275187
"1433",2015-10-30,0.00530056608840823
"1434",2015-11-03,0.0391613692045212
"1435",2015-11-04,-0.00455390056595206
"1436",2015-11-05,0.00673708319664001
"1437",2015-11-06,-0.0211576670408249
"1438",2015-11-09,-0.0150602869689465
"1439",2015-11-10,-0.00118865247350186
"1440",2015-11-11,0.0160554256290197
"1441",2015-11-12,-0.003966074436903
"1442",2015-11-13,-0.00759771326556802
"1443",2015-11-16,0.00495137227699161
"1444",2015-11-17,0.00718513689935207
"1445",2015-11-18,0.0041618081741035
"1446",2015-11-19,0.0119006056338549
"1447",2015-11-23,-0.00170617434196174
"1448",2015-11-24,0.000536979525350034
"1449",2015-11-25,-0.0255909040570259
"1450",2015-11-26,0.00716482242569327
"1451",2015-11-27,-0.0232752691954374
"1452",2015-11-30,-0.015727611258626
"1453",2015-12-01,-0.000961054174695164
"1454",2015-12-02,-0.00524367671459913
"1455",2015-12-03,0.029974851757288
"1456",2015-12-04,-0.0208773519843817
"1457",2015-12-07,-0.0026919455267489
"1458",2015-12-08,-0.0181488245725632
"1459",2015-12-09,0.0314034298062325
"1460",2015-12-10,-0.0102696996182203
"1461",2015-12-11,-0.00641015823930502
"1462",2015-12-14,-0.012684803456068
"1463",2015-12-15,0.000514175451826304
"1464",2015-12-16,0.00316981668584049
"1465",2015-12-17,0.00541768036782742
"1466",2015-12-18,-0.0273724049329758
"1467",2015-12-21,-0.015035948716104
"1468",2015-12-22,0.00550202466547489
"1469",2015-12-23,0.0115139614790678
"1470",2015-12-28,-0.00553885521367192
"1471",2015-12-29,-0.00273532047867775
"1472",2015-12-30,-0.0074394871480763
"1473",2016-01-04,-0.0285331830382347
"1474",2016-01-05,0.00671831937506795
"1475",2016-01-06,-0.0140893924981356
"1476",2016-01-07,-0.025546133518219
"1477",2016-01-08,-0.000655018200632185
"1478",2016-01-11,-0.0170949827879667
"1479",2016-01-12,-0.00785478856414557
"1480",2016-01-13,-0.0136752584949136
"1481",2016-01-14,0.0109521932899952
"1482",2016-01-15,-0.0230394173413515
"1483",2016-01-18,-0.0163106359541416
"1484",2016-01-19,0.00420655542984605
"1485",2016-01-20,-0.0121798813343048
"1486",2016-01-21,-0.00215675379149616
"1487",2016-01-22,0.0122385425493121
"1488",2016-01-26,-0.012824522331357
"1489",2016-01-27,0.0264973174780607
"1490",2016-01-28,0.00594426412135363
"1491",2016-01-29,0.0433708839118481
"1492",2016-02-01,0.00299872271716595
"1493",2016-02-02,-0.0442924313247204
"1494",2016-02-03,0.0202038157731295
"1495",2016-02-04,0.0247832369059324
"1496",2016-02-05,-0.00652919989079237
"1497",2016-02-11,-0.0249462835490704
"1498",2016-02-12,0.00900269392877817
"1499",2016-02-15,0.00487731862813234
"1500",2016-02-16,0.0183313116431236
"1501",2016-02-17,0.0139551470056176
"1502",2016-02-18,-0.00196036649867892
"1503",2016-02-19,0.000832917459774762
"1504",2016-02-22,0.0344352498650551
"1505",2016-02-23,-0.0158327929675579
"1506",2016-02-24,-0.0120838182047009
"1507",2016-02-25,-0.00408056657761335
"1508",2016-02-26,-0.00539828184992075
"1509",2016-02-29,0.0232493877410889
"1510",2016-03-01,0.0296157225966454
"1511",2016-03-02,0.0126003120094538
"1512",2016-03-03,0.0464076548814774
"1513",2016-03-04,0.03756083548069
"1514",2016-03-07,0.0038697998970747
"1515",2016-03-08,0.00139775173738599
"1516",2016-03-09,-0.00977809820324183
"1517",2016-03-10,0.0171860530972481
"1518",2016-03-11,-0.00117973051965237
"1519",2016-03-14,-0.0159592907875776
"1520",2016-03-15,-0.0347318574786186
"1521",2016-03-16,0.0124152796342969
"1522",2016-03-17,0.0612703561782837
"1523",2016-03-18,-0.00179099524393678
"1524",2016-03-21,0.00766318570822477
"1525",2016-03-22,-0.0052688755095005
"1526",2016-03-23,-0.0215735919773579
"1527",2016-03-24,-0.00211230898275971
"1528",2016-03-28,0.0238470137119293
"1529",2016-03-29,0.00684132566675544
"1530",2016-03-30,-0.000798932102043182
"1531",2016-03-31,-0.0231116320937872
"1532",2016-04-01,0.00886421930044889
"1533",2016-04-04,-0.0336888693273067
"1534",2016-04-05,0.0046293674968183
"1535",2016-04-06,-0.0192947499454021
"1536",2016-04-07,0.007642921525985
"1537",2016-04-08,0.033852718770504
"1538",2016-04-11,-0.0029035818297416
"1539",2016-04-12,0.0320346280932426
"1540",2016-04-13,0.0202681627124548
"1541",2016-04-14,-0.0108339441940188
"1542",2016-04-15,0.0163686070591211
"1543",2016-04-18,-0.00721864961087704
"1544",2016-04-19,0.0126631911844015
"1545",2016-04-20,-0.00362568977288902
"1546",2016-04-22,-0.00906393956393003
"1547",2016-04-25,-0.0195433739572763
"1548",2016-04-26,0.0209854114800692
"1549",2016-04-27,0.0229308474808931
"1550",2016-04-28,-0.005031225271523
"1551",2016-04-29,-0.00547444401308894
"1552",2016-05-02,-0.00535110104829073
"1553",2016-05-03,-0.0199093651026487
"1554",2016-05-04,0.00478911818936467
"1555",2016-05-05,-0.0160266868770123
"1556",2016-05-06,-0.000772145693190396
"1557",2016-05-09,-0.0129774175584316
"1558",2016-05-10,0.0358391031622887
"1559",2016-05-11,-0.00540468702092767
"1560",2016-05-12,0.00808182172477245
"1561",2016-05-13,-0.0251954402774572
"1562",2016-05-16,-0.00237026019021869
"1563",2016-05-17,-0.017988933250308
"1564",2016-05-18,-0.00590489665046334
"1565",2016-05-19,-0.00802727974951267
"1566",2016-05-20,-0.00678207026794553
"1567",2016-05-23,-0.00863438192754984
"1568",2016-05-24,0.00150080164894462
"1569",2016-05-25,0.00347332470118999
"1570",2016-05-27,-0.00623200368136168
"1571",2016-05-30,-0.00221472000703216
"1572",2016-05-31,-0.0085313031449914
"1573",2016-06-01,0.00921105779707432
"1574",2016-06-02,0.0122559498995543
"1575",2016-06-03,0.0123765068128705
"1576",2016-06-06,-0.00450348202139139
"1577",2016-06-07,-0.000308427988784388
"1578",2016-06-08,0.01979492418468
"1579",2016-06-09,-0.00861331075429916
"1580",2016-06-10,-0.0310705192387104
"1581",2016-06-13,0.00439630122855306
"1582",2016-06-14,-0.0200622510164976
"1583",2016-06-15,0.00425057020038366
"1584",2016-06-16,0.00807550176978111
"1585",2016-06-17,0.00143479788675904
"1586",2016-06-20,0.0140244755893946
"1587",2016-06-21,0.0090706953778863
"1588",2016-06-22,-0.011580515652895
"1589",2016-06-23,0.0256587471812963
"1590",2016-06-24,-0.0255908966064453
"1591",2016-06-27,-0.0148690193891525
"1592",2016-06-28,0.0159886870533228
"1593",2016-06-29,0.0180508606135845
"1594",2016-06-30,0.00755891902372241
"1595",2016-07-01,0.0106964558362961
"1596",2016-07-04,0.00467329472303391
"1597",2016-07-05,-0.0103867948055267
"1598",2016-07-06,-4.1392573621124e-05
"1599",2016-07-07,0.00142824463546276
"1600",2016-07-08,0.0202356316149235
"1601",2016-07-11,0.0154426433146
"1602",2016-07-12,0.00318000861443579
"1603",2016-07-13,0.00539161497727036
"1604",2016-07-14,0.0144887091591954
"1605",2016-07-15,0.000727757404092699
"1606",2016-07-18,0.0149166416376829
"1607",2016-07-19,0.00470461696386337
"1608",2016-07-20,-0.000231856945902109
"1609",2016-07-21,0.000421848788391799
"1610",2016-07-22,0.00643384410068393
"1611",2016-07-25,-0.00186941539868712
"1612",2016-07-26,-0.00361381284892559
"1613",2016-07-27,0.000606619112659246
"1614",2016-07-28,-0.00324056576937437
"1615",2016-07-29,0.00929169915616512
"1616",2016-08-01,-0.0063717276789248
"1617",2016-08-02,-0.00990374758839607
"1618",2016-08-03,0.0136953592300415
"1619",2016-08-04,0.0085136266425252
"1620",2016-08-05,0.00195399834774435
"1621",2016-08-08,-0.00250503211282194
"1622",2016-08-09,0.00019769772188738
"1623",2016-08-10,-0.0113624725490808
"1624",2016-08-11,0.0227680597454309
"1625",2016-08-12,-0.00019245728617534
"1626",2016-08-15,0.0130923930555582
"1627",2016-08-16,-0.00430142832919955
"1628",2016-08-17,0.00639615580439568
"1629",2016-08-18,-0.00233051646500826
"1630",2016-08-19,-0.00252019008621573
"1631",2016-08-22,-0.0218858681619167
"1632",2016-08-23,0.00350519316270947
"1633",2016-08-24,-0.00530111789703369
"1634",2016-08-25,-0.00147046730853617
"1635",2016-08-26,0.000623899279162288
"1636",2016-08-29,0.0140974251553416
"1637",2016-08-30,0.000622049090452492
"1638",2016-08-31,-0.00978811085224152
"1639",2016-09-01,0.00791359227150679
"1640",2016-09-02,0.0214411914348602
"1641",2016-09-05,-0.00126273464411497
"1642",2016-09-06,0.00950191915035248
"1643",2016-09-08,0.000747284735552967
"1644",2016-09-09,-0.0337062105536461
"1645",2016-09-12,0.00741778872907162
"1646",2016-09-13,-0.0280590131878853
"1647",2016-09-14,0.00388672621920705
"1648",2016-09-15,0.0136206494644284
"1649",2016-09-16,-0.0154443504288793
"1650",2016-09-19,0.00319665856659412
"1651",2016-09-20,0.00687182415276766
"1652",2016-09-21,0.00848244968801737
"1653",2016-09-22,0.0110957510769367
"1654",2016-09-23,-0.00471631390973926
"1655",2016-09-26,-0.0112582333385944
"1656",2016-09-27,0.00366279250010848
"1657",2016-09-28,0.0158940311521292
"1658",2016-09-29,-0.0159686598926783
"1659",2016-09-30,-0.000467008561827242
"1660",2016-10-03,0.0157380569726229
"1661",2016-10-04,-0.00198141951113939
"1662",2016-10-05,0.0127598633989692
"1663",2016-10-06,0.00513286329805851
"1664",2016-10-07,0.00600639777258039
"1665",2016-10-10,0.00633499631658196
"1666",2016-10-11,-0.00951748061925173
"1667",2016-10-13,0.00094863265985623
"1668",2016-10-14,0.00996738206595182
"1669",2016-10-17,0.0139693208038807
"1670",2016-10-18,0.0160151310265064
"1671",2016-10-19,-0.00440681120380759
"1672",2016-10-20,0.00430924305692315
"1673",2016-10-21,0.00374558451585472
"1674",2016-10-24,-0.000932949711568654
"1675",2016-10-25,-0.00389538053423166
"1676",2016-10-26,-0.00146112916991115
"1677",2016-10-27,0.00514479354023933
"1678",2016-10-28,-0.000726582307834178
"1679",2016-10-31,0.00659093679860234
"1680",2016-11-01,-0.0250702630728483
"1681",2016-11-03,-0.024593124166131
"1682",2016-11-04,-0.00330117018893361
"1683",2016-11-07,0.0354468189179897
"1684",2016-11-08,0.000383654958568513
"1685",2016-11-09,-0.0160518679767847
"1686",2016-11-10,-0.0330632701516151
"1687",2016-11-11,-0.0359752364456654
"1688",2016-11-14,0.00526906503364444
"1689",2016-11-16,0.0201160795986652
"1690",2016-11-17,-0.0166991613805294
"1691",2016-11-18,0.00202962174080312
"1692",2016-11-21,0.0176092199981213
"1693",2016-11-22,0.0096066789701581
"1694",2016-11-23,0.00072538573294878
"1695",2016-11-24,-0.00917100720107555
"1696",2016-11-25,-0.000733933527953923
"1697",2016-11-28,0.0183827094733715
"1698",2016-11-29,-0.0262625105679035
"1699",2016-11-30,0.0143866185098886
"1700",2016-12-01,-0.0402180030941963
"1701",2016-12-02,0.0111925518140197
"1702",2016-12-05,-0.00733691174536943
"1703",2016-12-06,0.019373482093215
"1704",2016-12-07,0.00328002171590924
"1705",2016-12-08,-0.0120841152966022
"1706",2016-12-09,-0.00116401980631053
"1707",2016-12-12,-0.0233727134764194
"1708",2016-12-13,0.00160314026288688
"1709",2016-12-14,-0.0178350172936916
"1710",2016-12-15,0.00456361984834075
"1711",2016-12-16,0.00104717235080898
"1712",2016-12-19,-0.0206670574843884
"1713",2016-12-20,0.00650694733485579
"1714",2016-12-21,0.00160139251966029
"1715",2016-12-22,-0.00748287560418248
"1716",2016-12-23,0.011548331938684
"1717",2016-12-26,0.0100453356280923
"1718",2016-12-27,0.0006844662129879
"1719",2016-12-28,0.0168978404253721
"1720",2016-12-29,0.00804785545915365
