"","date","IML"
"1",2010-01-04,-0.00625193119049072
"2",2010-01-05,0.00215350324288011
"3",2010-01-06,0.00850622542202473
"4",2010-01-07,0.0126031003892422
"5",2010-01-08,0.0161107555031776
"6",2010-01-11,0.0181536749005318
"7",2010-01-12,-0.00488420948386192
"8",2010-01-13,-0.000394270173273981
"9",2010-01-14,0.00546343997120857
"10",2010-01-15,0.0109060620889068
"11",2010-01-18,0.0027500307187438
"12",2010-01-19,-0.00191297521814704
"13",2010-01-20,0.0120860664173961
"14",2010-01-21,0.00187180005013943
"15",2010-01-22,-0.0066246222704649
"16",2010-01-26,-0.00927784666419029
"17",2010-01-27,0.00146609265357256
"18",2010-01-28,-0.00553215015679598
"19",2010-01-29,0.00387625372968614
"20",2010-02-01,-0.00522806774824858
"21",2010-02-02,-0.0026779742911458
"22",2010-02-03,-0.000752281164750457
"23",2010-02-04,0.00654952973127365
"24",2010-02-05,-0.0111309513449669
"25",2010-02-08,0.0049247513525188
"26",2010-02-09,-0.000279176980257034
"27",2010-02-10,0.0033377343788743
"28",2010-02-11,-0.00221147015690804
"29",2010-02-12,0.00753275630995631
"30",2010-02-18,0.00334618426859379
"31",2010-02-19,0.00193643663078547
"32",2010-02-22,0.00786615256220102
"33",2010-02-23,0.00200912076979876
"34",2010-02-25,-0.00101681752130389
"35",2010-02-26,0.00595427118241787
"36",2010-03-01,-0.0124515974894166
"37",2010-03-02,-0.00662344833835959
"38",2010-03-03,-0.00854103825986385
"39",2010-03-04,-0.00452680792659521
"40",2010-03-05,-0.0161355100572109
"41",2010-03-08,0.00366928242146969
"42",2010-03-09,-0.011261441744864
"43",2010-03-10,-0.00226452155038714
"44",2010-03-11,-0.0013538880739361
"45",2010-03-12,0.00398859800770879
"46",2010-03-15,0.00291167898103595
"47",2010-03-16,-0.00466247461736202
"48",2010-03-17,-0.0028014350682497
"49",2010-03-18,-0.000846750393975526
"50",2010-03-19,0.00912863109260798
"51",2010-03-22,-0.00540073029696941
"52",2010-03-23,-0.000582301872782409
"53",2010-03-24,0.00216178316622972
"54",2010-03-25,0.00446953810751438
"55",2010-03-26,-0.0121271926909685
"56",2010-03-29,-0.0132317235693336
"57",2010-03-30,-0.00318734999746084
"58",2010-03-31,-0.00467289565131068
"59",2010-04-01,-0.00651602586731315
"60",2010-04-05,-0.00620830617845058
"61",2010-04-06,-0.00124430144205689
"62",2010-04-07,0.00225054030306637
"63",2010-04-08,-0.000267216935753822
"64",2010-04-09,0.00720544066280127
"65",2010-04-12,0.00366883585229516
"66",2010-04-13,-0.0013315062969923
"67",2010-04-14,0.0109668271616101
"68",2010-04-15,0.0079874973744154
"69",2010-04-16,0.00513146817684174
"70",2010-04-19,-0.00231775594875216
"71",2010-04-20,-0.00160525529645383
"72",2010-04-22,0.000717124436050653
"73",2010-04-23,0.00076346832793206
"74",2010-04-26,0.00860661640763283
"75",2010-04-27,0.0114274322986603
"76",2010-04-28,-0.0105557721108198
"77",2010-04-29,-0.0108252260833979
"78",2010-04-30,0.00121751881670207
"79",2010-05-03,0.00425387406721711
"80",2010-05-04,0.00922203809022903
"81",2010-05-05,-0.0100175449624658
"82",2010-05-06,-0.00394102185964584
"83",2010-05-07,-0.0108304042369127
"84",2010-05-10,-0.00537363067269325
"85",2010-05-11,0.0124281719326973
"86",2010-05-12,0.00359869934618473
"87",2010-05-13,0.00185374123975635
"88",2010-05-14,0.00300200842320919
"89",2010-05-17,-0.00293450499884784
"90",2010-05-18,0.00402287393808365
"91",2010-05-19,-0.00956803653389215
"92",2010-05-20,-0.00233172625303268
"93",2010-05-21,-0.00243037007749081
"94",2010-05-24,-0.00198778603225946
"95",2010-05-25,-0.000736581161618233
"96",2010-05-26,0.00674518756568432
"97",2010-05-27,0.0125360749661922
"98",2010-05-28,0.0128146568313241
"99",2010-05-31,-0.000567066483199596
"100",2010-06-01,0.00583136267960072
"101",2010-06-02,-0.00145497731864452
"102",2010-06-04,0.00821868889033794
"103",2010-06-07,0.00454405602067709
"104",2010-06-08,-0.00513006001710892
"105",2010-06-09,0.0107374368235469
"106",2010-06-10,-0.00615450739860535
"107",2010-06-11,-0.0061919866129756
"108",2010-06-14,-0.000704582897014916
"109",2010-06-15,-0.00204345770180225
"110",2010-06-16,-0.0111742559820414
"111",2010-06-17,0.00130636838730425
"112",2010-06-18,0.00297810649499297
"113",2010-06-21,-0.00239507528021932
"114",2010-06-22,-0.00295650004409254
"115",2010-06-23,-0.00560986809432507
"116",2010-06-24,0.0048741539940238
"117",2010-06-25,-0.000886285677552223
"118",2010-06-28,0.00499829836189747
"119",2010-06-29,0.00693273544311523
"120",2010-06-30,0.0223239343613386
"121",2010-07-01,-0.0042432420887053
"122",2010-07-02,0.00696456106379628
"123",2010-07-05,0.00778024364262819
"124",2010-07-06,-0.0156965609639883
"125",2010-07-07,-0.0116957603022456
"126",2010-07-08,0.00433648144826293
"127",2010-07-12,0.00200088368728757
"128",2010-07-13,-0.00650831684470177
"129",2010-07-14,0.00156002899166197
"130",2010-07-15,0.00371796311810613
"131",2010-07-16,0.0127342417836189
"132",2010-07-19,-0.0103981681168079
"133",2010-07-20,-0.0136758573353291
"134",2010-07-21,0.0033622735645622
"135",2010-07-22,-0.00284314155578613
"136",2010-07-23,-0.00508916983380914
"137",2010-07-26,0.00186033069621772
"138",2010-07-27,-0.00429960386827588
"139",2010-07-28,-0.00514936959370971
"140",2010-07-29,-0.00261747930198908
"141",2010-07-30,0.000577614642679691
"142",2010-08-02,-0.000920139253139496
"143",2010-08-03,0.00578891951590776
"144",2010-08-04,0.00200185226276517
"145",2010-08-05,0.00828436762094498
"146",2010-08-06,0.0043413988314569
"147",2010-08-09,0.00131809141021222
"148",2010-08-10,0.0045980061404407
"149",2010-08-11,0.00733381044119596
"150",2010-08-12,0.000869658309966326
"151",2010-08-13,0.0110964393243194
"152",2010-08-16,-0.00649315817281604
"153",2010-08-17,-0.00390961207449436
"154",2010-08-18,-0.00102895917370915
"155",2010-08-19,0.00417848629876971
"156",2010-08-20,0.00147530564572662
"157",2010-08-23,0.0092535987496376
"158",2010-08-24,-0.00125118345022202
"159",2010-08-25,-0.00127169257029891
"160",2010-08-26,0.0158772841095924
"161",2010-08-27,-0.00091121718287468
"162",2010-08-30,0.00535636767745018
"163",2010-08-31,-0.0116435820236802
"164",2010-09-01,-0.00730835646390915
"165",2010-09-02,0.00590565102174878
"166",2010-09-03,0.00534924771636724
"167",2010-09-06,0.00397480884566903
"168",2010-09-08,-0.00156568689271808
"169",2010-09-09,-0.00212703482247889
"170",2010-09-10,-0.00194694357924163
"171",2010-09-13,-0.0133486110717058
"172",2010-09-14,-0.0015840899432078
"173",2010-09-15,-0.0118670277297497
"174",2010-09-16,0.00688922358676791
"175",2010-09-17,0.0054249158129096
"176",2010-09-20,-0.00718268100172281
"177",2010-09-21,0.00394560908898711
"178",2010-09-22,-0.0103199724107981
"179",2010-09-23,-0.00344441970810294
"180",2010-09-24,0.00830997712910175
"181",2010-09-27,-0.00531034730374813
"182",2010-09-28,-0.00392159167677164
"183",2010-09-29,-0.000231893500313163
"184",2010-09-30,0.00120962085202336
"185",2010-10-01,0.00332335289567709
"186",2010-10-04,-0.00351777253672481
"187",2010-10-05,3.11192125082016e-05
"188",2010-10-06,0.0100363604724407
"189",2010-10-07,0.00376022420823574
"190",2010-10-08,0.000388888642191887
"191",2010-10-11,0.0109245851635933
"192",2010-10-13,0.00064440630376339
"193",2010-10-14,0.0054391510784626
"194",2010-10-15,-0.00163406762294471
"195",2010-10-18,0.00434100162237883
"196",2010-10-19,-0.000990891829133034
"197",2010-10-20,-0.000461473129689693
"198",2010-10-21,0.00799445807933807
"199",2010-10-22,0.00602360162883997
"200",2010-10-25,0.000484955497086048
"201",2010-10-26,-0.000810716301202774
"202",2010-10-27,0.00190410669893026
"203",2010-10-28,-0.00573192304000258
"204",2010-10-29,-0.00280845770612359
"205",2010-11-01,0.00378536153584719
"206",2010-11-03,-0.00125355273485184
"207",2010-11-04,-0.00374940410256386
"208",2010-11-05,0.00237606791779399
"209",2010-11-08,0.00318066240288317
"210",2010-11-09,0.00714060571044683
"211",2010-11-10,-0.0175480656325817
"212",2010-11-11,0.00089406012557447
"213",2010-11-12,-0.0051638949662447
"214",2010-11-16,-0.000802772119641304
"215",2010-11-17,0.00222857855260372
"216",2010-11-18,-0.000114905647933483
"217",2010-11-19,-0.000953989452682436
"218",2010-11-22,0.00498599093407393
"219",2010-11-23,0.00644939206540585
"220",2010-11-24,-0.00620101951062679
"221",2010-11-25,0.00405543996021152
"222",2010-11-26,0.00699466839432716
"223",2010-11-29,-8.04243609309196e-06
"224",2010-11-30,0.00318671087734401
"225",2010-12-01,-0.0141595788300037
"226",2010-12-02,0.00525565026327968
"227",2010-12-03,-0.00246123643592
"228",2010-12-06,0.00460457149893045
"229",2010-12-07,0.00611177133396268
"230",2010-12-08,0.0090797757729888
"231",2010-12-09,-0.00173069350421429
"232",2010-12-10,5.8456789702177e-05
"233",2010-12-13,-0.00525557342916727
"234",2010-12-14,0.00922320131212473
"235",2010-12-15,0.00561509653925896
"236",2010-12-16,-0.00250989105552435
"237",2010-12-17,-0.00193197745829821
"238",2010-12-20,0.0103976111859083
"239",2010-12-21,-0.0134117854759097
"240",2010-12-22,-0.00969381351023912
"241",2010-12-23,0.00608291896060109
"242",2010-12-27,0.00579343922436237
"243",2010-12-28,-0.00714462110772729
"244",2010-12-29,-0.0065554054453969
"245",2010-12-30,0.00466849142685533
"246",2011-01-03,-0.0090878177434206
"247",2011-01-04,-0.00150812848005444
"248",2011-01-05,-0.0100121116265655
"249",2011-01-06,0.00402228999882936
"250",2011-01-07,0.00178322568535805
"251",2011-01-10,0.00182871008291841
"252",2011-01-11,-0.00331481057219207
"253",2011-01-12,-0.00247916206717491
"254",2011-01-13,0.00392314931377769
"255",2011-01-14,0.0045854402706027
"256",2011-01-17,0.00704237632453442
"257",2011-01-18,0.000255797756835818
"258",2011-01-19,0.00112202949821949
"259",2011-01-20,0.00290059065446258
"260",2011-01-21,0.00610618898645043
"261",2011-01-24,-0.000995619688183069
"262",2011-01-26,0.000602441839873791
"263",2011-01-27,-0.00535302050411701
"264",2011-01-28,-0.00150716491043568
"265",2011-01-31,0.00525168282911181
"266",2011-02-01,0.00029563345015049
"267",2011-02-02,0.0242047589272261
"268",2011-02-03,-0.0173450112342834
"269",2011-02-04,0.00347974896430969
"270",2011-02-07,-0.00776527402922511
"271",2011-02-08,0.00160686951130629
"272",2011-02-09,0.0110018588602543
"273",2011-02-10,-0.002363984240219
"274",2011-02-11,-0.0138752311468124
"275",2011-02-14,-0.000686461105942726
"276",2011-02-15,0.00165284611284733
"277",2011-02-16,-0.00779272802174091
"278",2011-02-17,-0.00204413454048336
"279",2011-02-18,-0.00289946096017957
"280",2011-02-21,0.00160294678062201
"281",2011-02-22,-0.00325643457472324
"282",2011-02-23,-0.00195848545990884
"283",2011-02-24,-0.00867340620607138
"284",2011-02-25,0.00614974647760391
"285",2011-02-28,0.00146724842488766
"286",2011-03-01,0.00989568792283535
"287",2011-03-02,-0.00729401083663106
"288",2011-03-03,-0.0079944645985961
"289",2011-03-04,-0.00422436185181141
"290",2011-03-10,-0.00554230436682701
"291",2011-03-11,-0.00734114926308393
"292",2011-03-14,-0.00803595408797264
"293",2011-03-15,-0.00504645565524697
"294",2011-03-16,0.00723761739209294
"295",2011-03-17,0.00140006956644356
"296",2011-03-18,-0.0102967573329806
"297",2011-03-21,0.00221065012738109
"298",2011-03-22,-0.0045008696615696
"299",2011-03-23,0.00302228797227144
"300",2011-03-24,0.00403443165123463
"301",2011-03-25,0.00168514065444469
"302",2011-03-28,0.00696886051446199
"303",2011-03-29,-0.00213795341551304
"304",2011-03-30,-0.000665965490043163
"305",2011-03-31,0.00161558203399181
"306",2011-04-01,0.000443701632320881
"307",2011-04-04,-0.0033876053057611
"308",2011-04-05,-0.00305385375395417
"309",2011-04-06,0.00827099476009607
"310",2011-04-07,-0.00486024469137192
"311",2011-04-08,0.00180879840627313
"312",2011-04-11,0.00913724955171347
"313",2011-04-12,0.00415960047394037
"314",2011-04-13,-0.00289094727486372
"315",2011-04-14,0.00147915922570974
"316",2011-04-15,-0.00436435732990503
"317",2011-04-18,-0.0018652155995369
"318",2011-04-19,-0.0018143318593502
"319",2011-04-20,0.00438618566840887
"320",2011-04-25,0.00284239021129906
"321",2011-04-26,-0.00479144603013992
"322",2011-04-27,7.87395983934402e-05
"323",2011-04-28,-0.0057466272264719
"324",2011-04-29,0.00120616052299738
"325",2011-05-02,0.00405838713049889
"326",2011-05-03,-0.000545931980013847
"327",2011-05-04,0.00323781277984381
"328",2011-05-05,-0.00465606525540352
"329",2011-05-06,0.00180970504879951
"330",2011-05-09,0.00300714327022433
"331",2011-05-10,0.00322326808236539
"332",2011-05-11,0.00482112448662519
"333",2011-05-12,-0.00442050723358989
"334",2011-05-13,0.00101961847394705
"335",2011-05-16,0.00661573186516762
"336",2011-05-17,-0.0148269608616829
"337",2011-05-18,0.0119017893448472
"338",2011-05-19,0.000146866776049137
"339",2011-05-20,-0.00732299266383052
"340",2011-05-23,-0.00875057186931372
"341",2011-05-24,-0.00867736153304577
"342",2011-05-25,-0.001145641785115
"343",2011-05-26,-0.00548190157860518
"344",2011-05-27,0.00755147961899638
"345",2011-05-30,0.0128551730886102
"346",2011-05-31,0.00170658342540264
"347",2011-06-01,0.00744674075394869
"348",2011-06-02,-0.0109896380454302
"349",2011-06-03,0.00695410091429949
"350",2011-06-06,0.0175356678664684
"351",2011-06-07,-0.00488793244585395
"352",2011-06-08,-0.00177669175900519
"353",2011-06-09,-0.000272238394245505
"354",2011-06-10,0.00352489855140448
"355",2011-06-13,0.00132897403091192
"356",2011-06-14,-0.00223652273416519
"357",2011-06-15,0.00415227236226201
"358",2011-06-16,0.00514788599684834
"359",2011-06-17,0.00183270091656595
"360",2011-06-20,-0.00615344755351543
"361",2011-06-21,0.00136975757777691
"362",2011-06-22,-0.000470046885311604
"363",2011-06-24,0.015564851462841
"364",2011-06-27,-0.00387560459785163
"365",2011-06-28,-0.00569345522671938
"366",2011-06-29,-0.00605643447488546
"367",2011-06-30,0.0030756676569581
"368",2011-07-01,-0.00666617974638939
"369",2011-07-04,-0.00453594559803605
"370",2011-07-05,0.00689627043902874
"371",2011-07-06,0.0112414266914129
"372",2011-07-07,0.00715296762064099
"373",2011-07-08,0.00295979529619217
"374",2011-07-11,0.00098111666738987
"375",2011-07-12,-0.00220470735803246
"376",2011-07-13,-0.00867116171866655
"377",2011-07-14,-0.00495263282209635
"378",2011-07-15,0.0124089196324348
"379",2011-07-18,0.00267906207591295
"380",2011-07-19,-0.00345069658942521
"381",2011-07-20,-0.00431783869862556
"382",2011-07-21,-0.0027900654822588
"383",2011-07-22,0.00244513154029846
"384",2011-07-25,0.00480908108875155
"385",2011-07-26,0.00551106687635183
"386",2011-07-27,0.00037761963903904
"387",2011-07-28,-0.00804689805954695
"388",2011-07-29,-0.00228952104225755
"389",2011-08-01,0.00619561038911343
"390",2011-08-02,0.0117363752797246
"391",2011-08-03,-0.00344438292086124
"392",2011-08-04,0.00271961838006973
"393",2011-08-05,-0.00762731721624732
"394",2011-08-08,0.00436874479055405
"395",2011-08-09,-0.0198894534260035
"396",2011-08-10,0.00533733610063791
"397",2011-08-11,0.00549354776740074
"398",2011-08-12,-0.00584092456847429
"399",2011-08-15,-0.00621840637177229
"400",2011-08-16,0.00205860426649451
"401",2011-08-17,-0.0105893546715379
"402",2011-08-18,0.0119278226047754
"403",2011-08-19,-0.000212863087654114
"404",2011-08-22,-0.000377772201318294
"405",2011-08-23,-0.0111211845651269
"406",2011-08-24,0.00354874692857265
"407",2011-08-25,0.00960794650018215
"408",2011-08-26,-0.00619419757276773
"409",2011-08-29,0.00692838430404663
"410",2011-08-30,0.00101894978433847
"411",2011-08-31,-0.00383659079670906
"412",2011-09-01,-0.00757622346282005
"413",2011-09-02,0.0107254395261407
"414",2011-09-05,0.00399846397340298
"415",2011-09-06,-0.0159083977341652
"416",2011-09-08,-0.00425188336521387
"417",2011-09-09,0.0141978710889816
"418",2011-09-12,-0.00295590376481414
"419",2011-09-13,-0.00071878544986248
"420",2011-09-14,-0.00704443361610174
"421",2011-09-15,0.0103122629225254
"422",2011-09-16,-0.00514862779527903
"423",2011-09-19,0.00753092020750046
"424",2011-09-20,0.00210422649979591
"425",2011-09-21,-0.000139398500323296
"426",2011-09-22,0.00765379145741463
"427",2011-09-23,-0.00231877248734236
"428",2011-09-26,-0.000176119152456522
"429",2011-09-27,-0.000621295068413019
"430",2011-09-28,0.00546566862612963
"431",2011-09-29,0.000722889322787523
"432",2011-09-30,0.0132158286869526
"433",2011-10-03,0.0072614848613739
"434",2011-10-04,-0.0138032911345363
"435",2011-10-05,0.0051661804318428
"436",2011-10-06,0.00209459662437439
"437",2011-10-07,0.0126204248517752
"438",2011-10-10,-0.0215915087610483
"439",2011-10-11,-0.00783137604594231
"440",2011-10-13,-0.00381916668266058
"441",2011-10-14,0.0021777180954814
"442",2011-10-17,0.00612275954335928
"443",2011-10-18,-0.0135367885231972
"444",2011-10-19,-8.8568078354001e-05
"445",2011-10-20,0.00820232089608908
"446",2011-10-21,-0.00543199758976698
"447",2011-10-24,-0.0204934254288673
"448",2011-10-25,0.00928186997771263
"449",2011-10-26,-0.00482495874166489
"450",2011-10-27,-0.00916583649814129
"451",2011-10-28,0.0101960059255362
"452",2011-10-31,0.0164556000381708
"453",2011-11-01,0.00285084825009108
"454",2011-11-03,-0.0107764713466167
"455",2011-11-04,-0.00757013261318207
"456",2011-11-07,-0.00281825708225369
"457",2011-11-08,0.00826973095536232
"458",2011-11-09,0.0021115206182003
"459",2011-11-10,-0.0087492810562253
"460",2011-11-11,-0.00567521341145039
"461",2011-11-14,0.000525450333952904
"462",2011-11-16,-0.00770543701946735
"463",2011-11-17,0.00992162711918354
"464",2011-11-18,0.000106076244264841
"465",2011-11-21,-0.00554527249187231
"466",2011-11-22,0.00186838442459702
"467",2011-11-23,-0.0105429701507092
"468",2011-11-24,-0.0127532044425607
"469",2011-11-25,0.0105249965563416
"470",2011-11-28,-0.0112783247604966
"471",2011-11-29,0.0164184588938951
"472",2011-11-30,-0.0223157182335854
"473",2011-12-01,-0.00747841689735651
"474",2011-12-02,0.0123985726386309
"475",2011-12-05,-0.0116421040147543
"476",2011-12-06,-0.00492999423295259
"477",2011-12-07,0.00822292175143957
"478",2011-12-08,0.00967471860349178
"479",2011-12-09,-0.00348186586052179
"480",2011-12-12,0.00067333597689867
"481",2011-12-13,0.000797848217189312
"482",2011-12-14,0.000715712085366249
"483",2011-12-15,0.00393351772800088
"484",2011-12-16,0.00278007402084768
"485",2011-12-19,-0.00390748959034681
"486",2011-12-20,-0.0118661150336266
"487",2011-12-21,0.00446699373424053
"488",2011-12-22,-0.0108897052705288
"489",2011-12-23,-0.000664644408971071
"490",2011-12-26,0.00185025914106518
"491",2011-12-27,0.000476672779768705
"492",2011-12-28,0.0156193114817142
"493",2011-12-29,-0.00522124674171209
"494",2012-01-02,-0.0133753139525652
"495",2012-01-03,-0.00375610217452049
"496",2012-01-04,0.00411869026720524
"497",2012-01-05,0.00134789990261197
"498",2012-01-06,0.00150777737144381
"499",2012-01-09,-0.0052231652662158
"500",2012-01-10,-0.00418175291270018
"501",2012-01-11,-0.00467093382030725
"502",2012-01-12,0.00399496033787727
"503",2012-01-13,0.0108657293021679
"504",2012-01-16,-0.00165720470249653
"505",2012-01-18,-0.0072788093239069
"506",2012-01-19,0.00179684488102794
"507",2012-01-20,-0.00285519938915968
"508",2012-01-23,0.00764217879623175
"509",2012-01-24,-0.00353007181547582
"510",2012-01-26,-0.00106662698090076
"511",2012-01-27,0.00271099735982716
"512",2012-01-30,-0.00120730325579643
"513",2012-01-31,0.00789294391870499
"514",2012-02-01,-0.00297879241406918
"515",2012-02-02,0.00126225268468261
"516",2012-02-03,0.000630738213658333
"517",2012-02-06,0.0062673999927938
"518",2012-02-07,-0.0077169924043119
"519",2012-02-08,0.00517903780564666
"520",2012-02-09,-0.00816063303500414
"521",2012-02-10,0.00776568800210953
"522",2012-02-13,-0.00545249041169882
"523",2012-02-14,0.00745743419975042
"524",2012-02-15,0.00333231594413519
"525",2012-02-16,-0.00554351136088371
"526",2012-02-17,0.00536733400076628
"527",2012-02-23,0.0107352137565613
"528",2012-02-24,-0.00417005503550172
"529",2012-02-27,0.00297195953316987
"530",2012-02-28,-0.00488975923508406
"531",2012-02-29,-0.000131268054246902
"532",2012-03-01,-0.00408145599067211
"533",2012-03-02,-0.00462074996903539
"534",2012-03-05,-0.000120129203423858
"535",2012-03-06,0.00397798977792263
"536",2012-03-07,0.00352439098060131
"537",2012-03-08,3.43387946486473e-05
"538",2012-03-09,0.00219579436816275
"539",2012-03-12,-0.00267755053937435
"540",2012-03-13,-0.0108809778466821
"541",2012-03-14,0.00140947464387864
"542",2012-03-15,0.00566362589597702
"543",2012-03-16,-0.00385481724515557
"544",2012-03-19,0.00431511271744967
"545",2012-03-20,0.00938105396926403
"546",2012-03-21,0.00953968428075314
"547",2012-03-22,-0.00149411242455244
"548",2012-03-23,-0.00143490906339139
"549",2012-03-26,0.0008188271895051
"550",2012-03-27,0.00653041712939739
"551",2012-03-28,0.00449623167514801
"552",2012-03-29,0.00356702459976077
"553",2012-03-30,0.00900337751954794
"554",2012-04-02,-0.00779929477721453
"555",2012-04-03,0.00407443940639496
"556",2012-04-04,-0.00203641783446074
"557",2012-04-05,-0.00058121548499912
"558",2012-04-09,-0.00217583030462265
"559",2012-04-10,0.00337861850857735
"560",2012-04-11,0.00040769949555397
"561",2012-04-12,-0.00971215683966875
"562",2012-04-13,0.00931144971400499
"563",2012-04-16,-0.00350995222106576
"564",2012-04-17,-0.000981343910098076
"565",2012-04-18,0.00663820840418339
"566",2012-04-19,0.00945974420756102
"567",2012-04-20,-0.000818425789475441
"568",2012-04-23,0.00733114592730999
"569",2012-04-24,-0.00574198272079229
"570",2012-04-25,-0.00293997232802212
"571",2012-04-26,-0.00579255493357778
"572",2012-04-27,0.0131905367597938
"573",2012-04-30,-0.00513996835798025
"574",2012-05-02,-0.014437023550272
"575",2012-05-03,0.00460605043917894
"576",2012-05-04,0.0128873866051435
"577",2012-05-07,-0.00160349532961845
"578",2012-05-08,0.0110377613455057
"579",2012-05-09,0.00346275581978261
"580",2012-05-10,0.00315410806797445
"581",2012-05-11,0.000390661996789277
"582",2012-05-14,0.0072138961404562
"583",2012-05-15,0.0112107843160629
"584",2012-05-16,-0.00190691486932337
"585",2012-05-17,-0.00645579770207405
"586",2012-05-18,-0.00701920967549086
"587",2012-05-21,-0.0155485654249787
"588",2012-05-22,0.0147193092852831
"589",2012-05-23,0.00477487221360207
"590",2012-05-24,-0.00280728284269571
"591",2012-05-25,0.00558728631585836
"592",2012-05-28,0.00164345651865005
"593",2012-05-29,0.0117681343108416
"594",2012-05-30,0.00450980477035046
"595",2012-05-31,-0.00433316919952631
"596",2012-06-01,0.000427374616265297
"597",2012-06-04,-0.0153246093541384
"598",2012-06-05,0.00359118171036243
"599",2012-06-06,-0.0122350975871086
"600",2012-06-08,-0.00150670809671283
"601",2012-06-11,0.0120123419910669
"602",2012-06-12,-0.00507996417582035
"603",2012-06-13,-0.00258928723633289
"604",2012-06-14,-0.00014636293053627
"605",2012-06-15,0.0064086802303791
"606",2012-06-18,0.00466026365756989
"607",2012-06-19,-0.00491384603083134
"608",2012-06-20,0.000534710823558271
"609",2012-06-21,0.0138573879376054
"610",2012-06-22,-0.00144358840771019
"611",2012-06-25,0.00188732892274857
"612",2012-06-26,-0.00771647691726685
"613",2012-06-27,0.00873375963419676
"614",2012-06-28,-0.00379689130932093
"615",2012-06-29,-0.00660252571105957
"616",2012-07-02,-0.00682721380144358
"617",2012-07-03,0.00364930368959904
"618",2012-07-04,0.00612122844904661
"619",2012-07-05,-0.00219958904199302
"620",2012-07-06,0.000578615814447403
"621",2012-07-10,0.0103862155228853
"622",2012-07-11,0.000514746876433492
"623",2012-07-12,-0.00685059931129217
"624",2012-07-13,0.00236459728330374
"625",2012-07-16,0.00388419069349766
"626",2012-07-17,-0.0107468916103244
"627",2012-07-18,-0.00641701789572835
"628",2012-07-19,-0.00479704001918435
"629",2012-07-20,0.0134795345366001
"630",2012-07-23,0.000173384323716164
"631",2012-07-24,0.00622857129201293
"632",2012-07-25,0.00202470761723816
"633",2012-07-26,-0.0178186446428299
"634",2012-07-27,-0.00928320735692978
"635",2012-07-30,-0.00666491221636534
"636",2012-07-31,0.00759490486234426
"637",2012-08-01,0.0180980358272791
"638",2012-08-02,0.00884812325239182
"639",2012-08-03,-0.0166709572076797
"640",2012-08-06,-0.00289479177445173
"641",2012-08-07,0.00838803593069315
"642",2012-08-08,-0.00533187761902809
"643",2012-08-09,-0.00397932156920433
"644",2012-08-10,-0.00341328419744968
"645",2012-08-13,0.000839249230921268
"646",2012-08-14,0.00660990178585052
"647",2012-08-15,-0.00861537456512451
"648",2012-08-16,-0.00620437692850828
"649",2012-08-17,0.00714604509994388
"650",2012-08-20,0.00183460279367864
"651",2012-08-21,0.00232897512614727
"652",2012-08-22,-0.00777597213163972
"653",2012-08-23,-0.00291448459029198
"654",2012-08-24,0.00468968879431486
"655",2012-08-27,0.00528170261532068
"656",2012-08-28,-0.00129244034178555
"657",2012-08-29,0.0123187201097608
"658",2012-08-30,0.00285424431785941
"659",2012-08-31,0.00453370111063123
"660",2012-09-03,0.00169217027723789
"661",2012-09-04,0.0162098668515682
"662",2012-09-05,-0.0129987904801965
"663",2012-09-06,-0.0109233167022467
"664",2012-09-10,0.00734259560704231
"665",2012-09-11,-0.00669057667255402
"666",2012-09-12,0.0135659174993634
"667",2012-09-13,-0.00961345620453358
"668",2012-09-14,-0.00288338446989655
"669",2012-09-17,0.002174889203161
"670",2012-09-18,-0.00622833147644997
"671",2012-09-19,0.00559294549748302
"672",2012-09-20,0.0004398706369102
"673",2012-09-21,0.00192396470811218
"674",2012-09-24,-0.0034099998883903
"675",2012-09-25,0.0106224771589041
"676",2012-09-26,-0.00574818579480052
"677",2012-09-27,0.00774617306888103
"678",2012-09-28,0.0130196493119001
"679",2012-10-01,0.00208547525107861
"680",2012-10-02,0.007772171869874
"681",2012-10-03,0.00929305981844664
"682",2012-10-04,0.00266629294492304
"683",2012-10-05,-0.000733606517314911
"684",2012-10-08,-0.00594290625303984
"685",2012-10-09,2.73180194199085e-05
"686",2012-10-10,0.0114430505782366
"687",2012-10-11,0.00848501734435558
"688",2012-10-15,-0.00265186582691967
"689",2012-10-16,-0.00446426728740335
"690",2012-10-17,-0.000106405699625611
"691",2012-10-18,-0.00495534716174006
"692",2012-10-19,0.00488098431378603
"693",2012-10-22,-0.000483310665003955
"694",2012-10-23,-0.0153519352898002
"695",2012-10-24,0.00860433373600245
"696",2012-10-25,0.00163022777996957
"697",2012-10-26,0.0031915339641273
"698",2012-10-29,0.000271571800112724
"699",2012-10-30,-0.00762677658349276
"700",2012-10-31,0.0146880969405174
"701",2012-11-01,-0.0104693258181214
"702",2012-11-05,-8.42449953779578e-05
"703",2012-11-06,-0.00615981221199036
"704",2012-11-07,0.0104008670896292
"705",2012-11-08,0.00178741477429867
"706",2012-11-09,0.00546323042362928
"707",2012-11-12,-0.00218459498137236
"708",2012-11-13,-0.0154974330216646
"709",2012-11-14,0.0150680504739285
"710",2012-11-16,0.00369759020395577
"711",2012-11-19,-0.0169423334300518
"712",2012-11-21,-0.00760432379320264
"713",2012-11-22,0.00148538977373391
"714",2012-11-23,-0.00433870404958725
"715",2012-11-26,-0.00176801811903715
"716",2012-11-27,0.0144375450909138
"717",2012-11-28,-0.00680514238774776
"718",2012-11-29,-0.0184292737394571
"719",2012-11-30,0.0101427473127842
"720",2012-12-03,-0.0103683760389686
"721",2012-12-04,0.010849324055016
"722",2012-12-05,0.00318691693246365
"723",2012-12-06,-0.00728343706578016
"724",2012-12-07,-0.0017337379977107
"725",2012-12-10,-0.00647534523159266
"726",2012-12-11,0.00295701436698437
"727",2012-12-12,0.0101501252502203
"728",2012-12-13,0.00106029282324016
"729",2012-12-14,0.00599456764757633
"730",2012-12-17,0.00816631130874157
"731",2012-12-18,-0.00697622261941433
"732",2012-12-19,-0.00235388381406665
"733",2012-12-20,0.00138173718005419
"734",2012-12-21,0.00329330423846841
"735",2012-12-26,0.00131884124130011
"736",2012-12-27,0.00522297341376543
"737",2012-12-28,0.00202295277267694
"738",2013-01-02,-0.0185328181833029
"739",2013-01-03,-0.00294911814853549
"740",2013-01-04,0.00615110108628869
"741",2013-01-07,0.00731197651475668
"742",2013-01-08,0.00383321661502123
"743",2013-01-09,0.00144497118890285
"744",2013-01-10,-0.00563381006941199
"745",2013-01-11,0.00451775034889579
"746",2013-01-14,-0.00408197520300746
"747",2013-01-15,-0.000127522274851799
"748",2013-01-16,-0.00407712161540985
"749",2013-01-17,-0.00258060079067945
"750",2013-01-18,0.00821063853800297
"751",2013-01-21,0.00714929588139057
"752",2013-01-22,0.00360453268513083
"753",2013-01-23,0.00443265307694674
"754",2013-01-24,0.00943253003060818
"755",2013-01-28,0.00289619248360395
"756",2013-01-29,-0.00766370072960854
"757",2013-01-30,0.00951006077229977
"758",2013-01-31,-0.0050863828510046
"759",2013-02-01,0.00548511045053601
"760",2013-02-04,-6.70691952109337e-06
"761",2013-02-05,-0.00592348026111722
"762",2013-02-06,-0.00164429191499949
"763",2013-02-07,0.000288054347038269
"764",2013-02-08,0.00612124335020781
"765",2013-02-14,-4.68592625111341e-05
"766",2013-02-15,0.00555030489340425
"767",2013-02-18,0.00384488073177636
"768",2013-02-19,0.0047174422070384
"769",2013-02-20,0.00676026474684477
"770",2013-02-21,-0.000885001034475863
"771",2013-02-22,-0.00368896592408419
"772",2013-02-25,0.00101204006932676
"773",2013-02-26,-0.00391157856211066
"774",2013-02-27,-0.0057211616076529
"775",2013-02-28,0.00834315922111273
"776",2013-03-01,0.00162838539108634
"777",2013-03-04,-0.00227829511277378
"778",2013-03-05,0.00429495330899954
"779",2013-03-06,-0.0120643591508269
"780",2013-03-07,-0.00493271835148335
"781",2013-03-08,0.00407567946240306
"782",2013-03-11,9.8520249594003e-05
"783",2013-03-12,0.00676467129960656
"784",2013-03-13,0.00750114349648356
"785",2013-03-14,0.00527510559186339
"786",2013-03-15,0.0023281192407012
"787",2013-03-18,-0.00121798075269908
"788",2013-03-19,0.00254078069701791
"789",2013-03-20,0.00257973000407219
"790",2013-03-21,0.000139135867357254
"791",2013-03-22,-0.00167223764583468
"792",2013-03-25,0.00227542407810688
"793",2013-03-26,-0.00825500022619963
"794",2013-03-27,-0.00455349078401923
"795",2013-03-28,0.00039354432374239
"796",2013-04-01,0.00304334471002221
"797",2013-04-02,0.00796560011804104
"798",2013-04-03,-0.00843199994415045
"799",2013-04-04,0.00301293469965458
"800",2013-04-05,-0.00270086713135242
"801",2013-04-08,0.000256105093285441
"802",2013-04-09,-0.00527528859674931
"803",2013-04-10,0.00404936727136374
"804",2013-04-11,0.0115437777712941
"805",2013-04-12,0.00094114150851965
"806",2013-04-15,0.003850432112813
"807",2013-04-16,-0.0090836463496089
"808",2013-04-17,-0.00221379566937685
"809",2013-04-18,0.00268041156232357
"810",2013-04-19,0.00208874512463808
"811",2013-04-22,-0.000528301112353802
"812",2013-04-23,-0.00551376352086663
"813",2013-04-24,0.000535285158548504
"814",2013-04-25,-0.00291549973189831
"815",2013-04-26,-0.00190250668674707
"816",2013-04-29,8.27065669000149e-05
"817",2013-04-30,-0.0088645126670599
"818",2013-05-02,0.0108342049643397
"819",2013-05-03,0.000562215689569712
"820",2013-05-06,0.00227082427591085
"821",2013-05-07,-0.00760099291801453
"822",2013-05-08,0.00290460349060595
"823",2013-05-09,0.00083247572183609
"824",2013-05-10,0.00142348965164274
"825",2013-05-13,-0.00281928712502122
"826",2013-05-14,-0.00327716581523418
"827",2013-05-15,-0.000954678049311042
"828",2013-05-16,-0.00489832228049636
"829",2013-05-17,0.00345508381724358
"830",2013-05-20,-0.00943408813327551
"831",2013-05-21,1.78851187229156e-05
"832",2013-05-22,-0.000459171598777175
"833",2013-05-23,-6.25522807240486e-06
"834",2013-05-24,0.0101189045235515
"835",2013-05-27,-0.00129678635857999
"836",2013-05-28,-0.0005190703086555
"837",2013-05-29,0.00774692371487617
"838",2013-05-31,-0.00556865520775318
"839",2013-06-03,0.000279705855064094
"840",2013-06-04,-0.00669328076764941
"841",2013-06-05,0.00790815707296133
"842",2013-06-06,0.00820751301944256
"843",2013-06-07,-0.00660962797701359
"844",2013-06-10,0.000513358972966671
"845",2013-06-11,-0.0012421328574419
"846",2013-06-12,-0.000357707031071186
"847",2013-06-13,-0.0115895541384816
"848",2013-06-14,0.00729474332183599
"849",2013-06-17,-0.00878105778247118
"850",2013-06-18,-0.00968876108527184
"851",2013-06-19,0.000147193670272827
"852",2013-06-20,-0.00909165944904089
"853",2013-06-21,0.00707608368247747
"854",2013-06-24,-0.00138817168772221
"855",2013-06-25,-0.00148645788431168
"856",2013-06-26,0.00954550039023161
"857",2013-06-27,-0.00698189530521631
"858",2013-06-28,-0.00566627457737923
"859",2013-07-01,-0.0101718446239829
"860",2013-07-02,-0.00298764556646347
"861",2013-07-03,0.0105497073382139
"862",2013-07-04,-0.00435650628060102
"863",2013-07-05,-0.00136246392503381
"864",2013-07-08,0.0049585378728807
"865",2013-07-10,-0.00656562577933073
"866",2013-07-11,0.00109020993113518
"867",2013-07-12,-0.00275272876024246
"868",2013-07-15,-0.000494532287120819
"869",2013-07-16,0.00578856421634555
"870",2013-07-17,-0.00437635136768222
"871",2013-07-18,-0.00284817907959223
"872",2013-07-19,0.00529644638299942
"873",2013-07-22,-0.00712656695395708
"874",2013-07-23,0.00248746364377439
"875",2013-07-24,0.00206308532506227
"876",2013-07-25,-2.4864450097084e-05
"877",2013-07-26,-0.0125803612172604
"878",2013-07-29,0.00225221225991845
"879",2013-07-30,0.00334826949983835
"880",2013-07-31,-0.00257758959196508
"881",2013-08-01,-0.00205305218696594
"882",2013-08-02,0.00699046161025763
"883",2013-08-05,-0.00233730697073042
"884",2013-08-06,0.0080143827944994
"885",2013-08-07,0.005614526104182
"886",2013-08-08,-0.00830288045108318
"887",2013-08-09,0.00124042481184006
"888",2013-08-12,-0.00221137283369899
"889",2013-08-13,-0.00790469162166119
"890",2013-08-14,0.0092410696670413
"891",2013-08-15,-0.009358836337924
"892",2013-08-16,-0.0057964650914073
"893",2013-08-19,0.00641559669747949
"894",2013-08-20,0.00681350007653236
"895",2013-08-21,-0.0124573698267341
"896",2013-08-22,-0.0146175641566515
"897",2013-08-23,-0.00178462453186512
"898",2013-08-26,0.00156802963465452
"899",2013-08-27,0.00255157798528671
"900",2013-08-28,-0.0015528507065028
"901",2013-08-29,-0.010891436599195
"902",2013-08-30,0.0155310239642859
"903",2013-09-02,-0.00677035748958588
"904",2013-09-03,0.0213893465697765
"905",2013-09-04,0.0127037595957518
"906",2013-09-05,-0.00876294542104006
"907",2013-09-06,-0.00739236827939749
"908",2013-09-09,-0.0142279025167227
"909",2013-09-10,-0.00544753763824701
"910",2013-09-11,0.00452677812427282
"911",2013-09-12,0.00428803451359272
"912",2013-09-13,-0.0026726289652288
"913",2013-09-16,-0.00105188135057688
"914",2013-09-17,-0.00258208997547626
"915",2013-09-18,-0.00933804642409086
"916",2013-09-19,0.000752836465835571
"917",2013-09-20,0.00102896615862846
"918",2013-09-23,-0.00756789837032557
"919",2013-09-24,-0.000744075805414468
"920",2013-09-25,0.00124718970619142
"921",2013-09-26,0.000650534406304359
"922",2013-09-27,0.00317457411438227
"923",2013-09-30,0.00617746450006962
"924",2013-10-01,-0.0148520199581981
"925",2013-10-02,0.00395490834489465
"926",2013-10-03,-0.0019542807713151
"927",2013-10-04,-0.0104473009705544
"928",2013-10-07,-0.00773368030786514
"929",2013-10-08,-0.00756716309115291
"930",2013-10-09,-0.004358712118119
"931",2013-10-10,0.00557975610718131
"932",2013-10-11,0.00571349076926708
"933",2013-10-14,-0.00632854411378503
"934",2013-10-15,-0.00481923343613744
"935",2013-10-16,-0.0082978755235672
"936",2013-10-17,0.000158211681991816
"937",2013-10-18,-0.0125638647004962
"938",2013-10-21,-0.00863457471132278
"939",2013-10-22,-0.0037700473330915
"940",2013-10-23,0.000659090466797352
"941",2013-10-24,-0.000169685576111078
"942",2013-10-25,0.00430997274816036
"943",2013-10-28,-0.0062540196813643
"944",2013-10-29,-0.00199736095964909
"945",2013-10-30,-0.00618657190352678
"946",2013-10-31,0.00821175239980221
"947",2013-11-01,0.000243701273575425
"948",2013-11-04,-0.00246142665855587
"949",2013-11-05,-0.00224063126370311
"950",2013-11-06,-0.0106476694345474
"951",2013-11-07,0.00409223698079586
"952",2013-11-08,0.000757039524614811
"953",2013-11-11,-0.00725553743541241
"954",2013-11-12,0.00845359265804291
"955",2013-11-13,-0.0107887033373117
"956",2013-11-14,0.000477226451039314
"957",2013-11-18,-0.00801389105618
"958",2013-11-19,-0.00637173093855381
"959",2013-11-21,-0.00301990006119013
"960",2013-11-22,0.00523764220997691
"961",2013-11-25,-0.00272933812811971
"962",2013-11-26,-0.00180576927959919
"963",2013-11-27,-0.00610121386125684
"964",2013-11-28,0.0017699277959764
"965",2013-11-29,-0.00336994742974639
"966",2013-12-02,-0.00215415097773075
"967",2013-12-03,0.00635888800024986
"968",2013-12-04,0.00648003257811069
"969",2013-12-05,-0.00904559530317783
"970",2013-12-06,0.00980020221322775
"971",2013-12-09,-0.00300864665769041
"972",2013-12-10,-0.00151622062548995
"973",2013-12-11,0.00211728736758232
"974",2013-12-12,-0.00319167505949736
"975",2013-12-13,-0.000754009350202978
"976",2013-12-16,-0.00420463178306818
"977",2013-12-17,0.00442245882004499
"978",2013-12-18,-0.00457634869962931
"979",2013-12-19,-0.00668447278439999
"980",2013-12-20,0.00303193833678961
"981",2013-12-23,-0.00412036292254925
"982",2013-12-26,0.012700418010354
"983",2013-12-27,0.00570522900670767
"984",2013-12-30,0.00752990692853928
"985",2014-01-02,-0.010655090212822
"986",2014-01-03,0.0289598498493433
"987",2014-01-06,0.0102968076243997
"988",2014-01-07,0.00305175455287099
"989",2014-01-08,-0.00104098895099014
"990",2014-01-09,0.00419148057699203
"991",2014-01-10,-0.00823834165930748
"992",2014-01-13,0.00385072478093207
"993",2014-01-14,-0.00712211010977626
"994",2014-01-15,0.00165691273286939
"995",2014-01-16,-0.000699815340340137
"996",2014-01-17,0.00871316995471716
"997",2014-01-20,0.00642648199573159
"998",2014-01-21,-0.00448127882555127
"999",2014-01-22,-0.00311266258358955
"1000",2014-01-23,0.00948821566998959
"1001",2014-01-24,-0.00611549243330956
"1002",2014-01-27,0.00417119031772017
"1003",2014-01-28,0.00443604961037636
"1004",2014-01-29,-0.00789128802716732
"1005",2014-01-30,-0.00212409440428019
"1006",2014-01-31,-0.00313956616446376
"1007",2014-02-03,-0.00185205228626728
"1008",2014-02-04,-0.011393278837204
"1009",2014-02-05,0.00536740571260452
"1010",2014-02-06,-0.0125582348555326
"1011",2014-02-07,-0.00690312869846821
"1012",2014-02-10,0.00399704277515411
"1013",2014-02-11,-0.0022349776700139
"1014",2014-02-12,0.000683188438415527
"1015",2014-02-13,0.00104299373924732
"1016",2014-02-14,-0.00190468737855554
"1017",2014-02-17,0.00751790404319763
"1018",2014-02-18,-6.74575567245483e-05
"1019",2014-02-19,-0.0133242160081863
"1020",2014-02-20,0.00293369730934501
"1021",2014-02-21,0.00524625927209854
"1022",2014-02-24,0.0103509081527591
"1023",2014-02-25,0.000815059058368206
"1024",2014-02-26,-0.00860332511365414
"1025",2014-02-27,-0.00477111339569092
"1026",2014-02-28,0.00884693115949631
"1027",2014-03-06,-0.00958064291626215
"1028",2014-03-07,0.000175006687641144
"1029",2014-03-10,-0.00329042784869671
"1030",2014-03-11,-0.0104392170906067
"1031",2014-03-12,-0.00826446712017059
"1032",2014-03-13,2.36267223954201e-05
"1033",2014-03-14,-0.00354758556932211
"1034",2014-03-17,-0.00691103469580412
"1035",2014-03-18,-0.00196709856390953
"1036",2014-03-19,0.000796573236584663
"1037",2014-03-20,-0.000795631669461727
"1038",2014-03-21,0.00104341981932521
"1039",2014-03-24,-0.00801936909556389
"1040",2014-03-25,-0.00398154649883509
"1041",2014-03-26,-0.00853857584297657
"1042",2014-03-27,-0.00779325701296329
"1043",2014-03-28,0.00198349449783564
"1044",2014-03-31,-0.0101430285722017
"1045",2014-04-01,0.00643873866647482
"1046",2014-04-02,-0.0121754053980112
"1047",2014-04-03,0.011528535746038
"1048",2014-04-04,-0.00193127780221403
"1049",2014-04-07,-0.017829168587923
"1050",2014-04-08,0.0138149652630091
"1051",2014-04-09,0.00452536577358842
"1052",2014-04-10,-0.00112959276884794
"1053",2014-04-11,-0.00928623974323273
"1054",2014-04-14,0.00415064953267574
"1055",2014-04-15,0.0024544931948185
"1056",2014-04-16,-0.00498906709253788
"1057",2014-04-17,-0.00802398193627596
"1058",2014-04-22,-0.00287568685598671
"1059",2014-04-23,-0.00228038243949413
"1060",2014-04-24,-0.00674320431426167
"1061",2014-04-25,-0.00388230103999376
"1062",2014-04-28,0.000905144959688187
"1063",2014-04-29,-0.0120791755616665
"1064",2014-04-30,0.012582540512085
"1065",2014-05-02,-0.0178107917308807
"1066",2014-05-05,0.00201099319383502
"1067",2014-05-06,-0.0058851046487689
"1068",2014-05-07,0.00911714043468237
"1069",2014-05-08,0.00236373580992222
"1070",2014-05-09,0.000694857910275459
"1071",2014-05-12,-0.0098442705348134
"1072",2014-05-13,-0.00108358706347644
"1073",2014-05-14,-0.00463910959661007
"1074",2014-05-15,0.00677935499697924
"1075",2014-05-16,-0.00489263329654932
"1076",2014-05-19,0.0180957168340683
"1077",2014-05-20,0.00999196618795395
"1078",2014-05-21,-0.00418074335902929
"1079",2014-05-22,-0.00523877562955022
"1080",2014-05-23,0.00202871020883322
"1081",2014-05-26,-0.00380793050862849
"1082",2014-05-27,0.0122465658932924
"1083",2014-05-28,-0.00166634889319539
"1084",2014-05-29,0.00660580024123192
"1085",2014-05-30,0.00084387231618166
"1086",2014-06-02,-0.0123670129105449
"1087",2014-06-03,-0.00516124069690704
"1088",2014-06-04,8.37099651107565e-05
"1089",2014-06-05,0.00358861614950001
"1090",2014-06-06,-0.00685612484812737
"1091",2014-06-09,-0.00835602171719074
"1092",2014-06-10,-0.000827336218208075
"1093",2014-06-11,-0.00533268135040998
"1094",2014-06-13,0.00334917102009058
"1095",2014-06-16,0.00814417097717524
"1096",2014-06-18,-0.00589835224673152
"1097",2014-06-20,0.00501187704503536
"1098",2014-06-24,-0.00310898758471012
"1099",2014-06-25,0.00161890871822834
"1100",2014-06-26,0.00226841121912003
"1101",2014-06-27,0.00557847134768963
"1102",2014-06-30,0.00670913141220808
"1103",2014-07-01,0.002797661582008
"1104",2014-07-02,-0.0112812863662839
"1105",2014-07-03,-0.0164929777383804
"1106",2014-07-07,-0.00604129675775766
"1107",2014-07-10,-0.0150695350021124
"1108",2014-07-11,0.00533928535878658
"1109",2014-07-14,-0.0164501685649157
"1110",2014-07-15,-0.00546124391257763
"1111",2014-07-16,-0.00584870018064976
"1112",2014-07-17,0.00037698308005929
"1113",2014-07-18,-0.0113805020228028
"1114",2014-07-21,-0.00904256105422974
"1115",2014-07-22,-0.00765188410878181
"1116",2014-07-23,0.014394661411643
"1117",2014-07-24,0.00465865712612867
"1118",2014-07-25,-0.00128836184740067
"1119",2014-07-28,-0.0115913106128573
"1120",2014-07-29,0.00370349921286106
"1121",2014-07-30,0.00268386024981737
"1122",2014-07-31,0.0101237930357456
"1123",2014-08-01,-0.000698680058121681
"1124",2014-08-04,0.00217907596379519
"1125",2014-08-05,0.00467135710641742
"1126",2014-08-06,-0.0045701484195888
"1127",2014-08-07,-0.000194656662642956
"1128",2014-08-08,0.00691299978643656
"1129",2014-08-11,-0.00927411206066608
"1130",2014-08-12,0.00608539301902056
"1131",2014-08-13,0.00901058502495289
"1132",2014-08-14,-0.00736288027837873
"1133",2014-08-15,-0.0127208177000284
"1134",2014-08-18,-0.0105845108628273
"1135",2014-08-19,-0.00559241510927677
"1136",2014-08-20,-0.0119213424623013
"1137",2014-08-21,0.00171250419225544
"1138",2014-08-22,0.00765519263222814
"1139",2014-08-25,-0.0128386858850718
"1140",2014-08-26,-0.00427284464240074
"1141",2014-08-27,-0.0104382988065481
"1142",2014-08-28,0.0123465517535806
"1143",2014-08-29,-0.00741582876071334
"1144",2014-09-01,0.0121108880266547
"1145",2014-09-02,-0.00787555612623692
"1146",2014-09-03,-0.00383864738978446
"1147",2014-09-04,0.00418229773640633
"1148",2014-09-05,0.00324863521382213
"1149",2014-09-08,0.0023716501891613
"1150",2014-09-09,0.00197286251932383
"1151",2014-09-10,-0.00376107962802052
"1152",2014-09-11,0.00102255260571837
"1153",2014-09-12,0.00765219982713461
"1154",2014-09-15,-0.0243989732116461
"1155",2014-09-16,-0.0238361600786448
"1156",2014-09-17,9.86228697001934e-05
"1157",2014-09-18,0.00402252934873104
"1158",2014-09-19,0.00146327284164727
"1159",2014-09-22,-0.00570742413401604
"1160",2014-09-23,-0.00633887248113751
"1161",2014-09-24,-0.00469576194882393
"1162",2014-09-25,0.00475236494094133
"1163",2014-09-26,-0.0095962155610323
"1164",2014-09-29,0.00668986327946186
"1165",2014-09-30,0.000746029196307063
"1166",2014-10-01,-0.00901741534471512
"1167",2014-10-02,-0.00348791782744229
"1168",2014-10-03,-0.0120943784713745
"1169",2014-10-06,-0.0230894107371569
"1170",2014-10-07,0.000141792465001345
"1171",2014-10-08,0.0018909911159426
"1172",2014-10-09,-0.00336585892364383
"1173",2014-10-10,0.0128345200791955
"1174",2014-10-13,-0.0191193576902151
"1175",2014-10-14,-0.0110924215987325
"1176",2014-10-15,0.0075462693348527
"1177",2014-10-16,0.00893460027873516
"1178",2014-10-17,-0.00525171309709549
"1179",2014-10-20,0.00371591933071613
"1180",2014-10-21,0.00441551581025124
"1181",2014-10-22,-0.00421161949634552
"1182",2014-10-23,0.00261777266860008
"1183",2014-10-24,-0.00504689104855061
"1184",2014-10-27,-0.00940147694200277
"1185",2014-10-28,-0.00762422755360603
"1186",2014-10-29,0.0128288958221674
"1187",2014-10-30,-0.0132439322769642
"1188",2014-10-31,-0.0234341491013765
"1189",2014-11-03,0.0069216163828969
"1190",2014-11-04,-0.000219262205064297
"1191",2014-11-05,0.00261680595576763
"1192",2014-11-06,0.00425429362803698
"1193",2014-11-07,-0.00495555158704519
"1194",2014-11-10,0.00226586684584618
"1195",2014-11-11,-0.00150105799548328
"1196",2014-11-12,0.00327277975156903
"1197",2014-11-13,0.0115788718685508
"1198",2014-11-14,-0.0138653293251991
"1199",2014-11-17,-0.00473817484453321
"1200",2014-11-18,-0.00788419973105192
"1201",2014-11-19,0.00406956113874912
"1202",2014-11-21,-0.0157023407518864
"1203",2014-11-24,0.00730448588728905
"1204",2014-11-25,-0.0108584221452475
"1205",2014-11-26,0.0169616620987654
"1206",2014-11-27,0.00680542550981045
"1207",2014-11-28,0.00107083190232515
"1208",2014-12-01,0.0152739156037569
"1209",2014-12-02,0.0111927874386311
"1210",2014-12-03,-0.0043105548247695
"1211",2014-12-04,-0.000769593752920628
"1212",2014-12-05,-0.0127811711281538
"1213",2014-12-08,0.00629185885190964
"1214",2014-12-09,-0.00546470517292619
"1215",2014-12-10,-0.034695066511631
"1216",2014-12-11,-0.0271181762218475
"1217",2014-12-12,0.00427127070724964
"1218",2014-12-15,-0.028868667781353
"1219",2014-12-16,0.00685456767678261
"1220",2014-12-17,-0.00982833653688431
"1221",2014-12-18,0.00235476577654481
"1222",2014-12-19,-0.0202157292515039
"1223",2014-12-22,0.0005464693531394
"1224",2014-12-23,0.00127516500651836
"1225",2014-12-26,0.020365159958601
"1226",2014-12-29,-0.00262247351929545
"1227",2014-12-30,0.0231019258499146
"1228",2015-01-02,0.0083491075783968
"1229",2015-01-05,-0.0156408734619617
"1230",2015-01-06,-0.0282467976212502
"1231",2015-01-07,-0.00777054205536842
"1232",2015-01-08,-0.00785188283771276
"1233",2015-01-09,0.0205378960818052
"1234",2015-01-12,-0.013892600312829
"1235",2015-01-13,0.00396749144420028
"1236",2015-01-14,-0.00517194159328938
"1237",2015-01-15,-0.0168071612715721
"1238",2015-01-16,-0.0177879426628351
"1239",2015-01-19,0.0146316774189472
"1240",2015-01-20,-0.00197690026834607
"1241",2015-01-21,-0.00739838741719723
"1242",2015-01-22,0.010989373549819
"1243",2015-01-23,0.00776182860136032
"1244",2015-01-26,0.00449046120047569
"1245",2015-01-27,0.00223888945765793
"1246",2015-01-28,0.000353214330971241
"1247",2015-01-29,-0.00569530576467514
"1248",2015-01-30,0.00382027588784695
"1249",2015-02-02,-0.00592711009085178
"1250",2015-02-03,-0.00194741226732731
"1251",2015-02-04,0.00273622921667993
"1252",2015-02-05,0.0129714952781796
"1253",2015-02-06,-0.00957179255783558
"1254",2015-02-09,-0.00603833049535751
"1255",2015-02-10,0.00283748749643564
"1256",2015-02-11,-0.0117123480886221
"1257",2015-02-12,-0.00473996624350548
"1258",2015-02-13,-0.0103694815188646
"1259",2015-02-19,-0.00594007736071944
"1260",2015-02-20,-0.00465769972652197
"1261",2015-02-23,0.000319668761221692
"1262",2015-02-24,-0.000614764168858528
"1263",2015-02-25,-0.0102578848600388
"1264",2015-02-26,0.0150698507204652
"1265",2015-02-27,-0.0152568612247705
"1266",2015-03-02,0.00937612168490887
"1267",2015-03-03,-0.00341782113537192
"1268",2015-03-04,0.0012899674475193
"1269",2015-03-05,0.000507494085468352
"1270",2015-03-06,0.00156773556955159
"1271",2015-03-09,-0.00629288423806429
"1272",2015-03-10,-0.00497581902891397
"1273",2015-03-11,-0.00473715178668499
"1274",2015-03-12,0.00551373511552811
"1275",2015-03-13,0.00331262545660138
"1276",2015-03-16,-0.0145192882046103
"1277",2015-03-17,-0.0108504975214601
"1278",2015-03-18,-0.00459345243871212
"1279",2015-03-19,-0.00124760158360004
"1280",2015-03-20,-0.0171881727874279
"1281",2015-03-23,0.00345723424106836
"1282",2015-03-24,0.00379409501329064
"1283",2015-03-25,-0.00344293331727386
"1284",2015-03-26,0.00414684414863586
"1285",2015-03-27,0.00131520302966237
"1286",2015-03-30,-0.0129655227065086
"1287",2015-03-31,0.00931133329868317
"1288",2015-04-01,-0.0107995253056288
"1289",2015-04-02,5.85112720727921e-05
"1290",2015-04-06,0.00418016035109758
"1291",2015-04-07,0.000389584805816412
"1292",2015-04-08,0.0026603692676872
"1293",2015-04-09,-0.00308186910115182
"1294",2015-04-10,0.0119229014962912
"1295",2015-04-13,-0.00310076354071498
"1296",2015-04-14,0.00936474744230509
"1297",2015-04-15,-0.0139133119955659
"1298",2015-04-16,0.00312397605739534
"1299",2015-04-17,0.0212297923862934
"1300",2015-04-20,-0.00470408424735069
"1301",2015-04-22,-0.00834018457680941
"1302",2015-04-23,-0.0131775392219424
"1303",2015-04-24,0.00313375378027558
"1304",2015-04-27,0.00197261478751898
"1305",2015-04-28,-0.0109625048935413
"1306",2015-04-29,0.00840322580188513
"1307",2015-04-30,-0.0183933638036251
"1308",2015-05-04,-0.00824104528874159
"1309",2015-05-05,-0.00423922017216682
"1310",2015-05-06,-0.00171212526038289
"1311",2015-05-07,-0.00291576236486435
"1312",2015-05-08,-0.0113809136673808
"1313",2015-05-11,-0.00810444168746471
"1314",2015-05-12,-0.0043054255656898
"1315",2015-05-13,0.00224210089072585
"1316",2015-05-14,-0.00170752545818686
"1317",2015-05-15,0.00560486316680908
"1318",2015-05-18,0.017296077683568
"1319",2015-05-19,0.00243206368759274
"1320",2015-05-20,0.00336725823581219
"1321",2015-05-21,0.00744724366813898
"1322",2015-05-22,0.00355085358023643
"1323",2015-05-25,-0.00996499788016081
"1324",2015-05-26,0.00298005808144808
"1325",2015-05-27,-0.00559873413294554
"1326",2015-05-28,0.0088116591796279
"1327",2015-05-29,0.0135825807228684
"1328",2015-06-01,-0.00278133992105722
"1329",2015-06-02,-0.011231292039156
"1330",2015-06-03,0.00356739386916161
"1331",2015-06-05,0.00780977122485638
"1332",2015-06-08,-0.00428750738501549
"1333",2015-06-09,-0.00402075611054897
"1334",2015-06-10,-0.0096353217959404
"1335",2015-06-11,-0.00309817842207849
"1336",2015-06-12,2.52583995461464e-05
"1337",2015-06-15,-0.00594496726989746
"1338",2015-06-16,-0.00363505585119128
"1339",2015-06-17,0.000385185703635216
"1340",2015-06-18,-0.00708654429763556
"1341",2015-06-19,0.0028651007451117
"1342",2015-06-22,0.00374535215087235
"1343",2015-06-23,0.00576784648001194
"1344",2015-06-24,0.00266727060079575
"1345",2015-06-25,-0.0113616725429893
"1346",2015-06-26,-8.96425917744637e-05
"1347",2015-06-29,0.0030699223279953
"1348",2015-06-30,-0.000652959570288658
"1349",2015-07-01,0.00174409290775657
"1350",2015-07-02,-0.00318614742718637
"1351",2015-07-03,-0.00258072325959802
"1352",2015-07-06,-0.0115213040262461
"1353",2015-07-07,-0.0113585917279124
"1354",2015-07-08,0.00906617753207684
"1355",2015-07-10,0.00015653483569622
"1356",2015-07-13,-0.00758805172517896
"1357",2015-07-14,-0.00121719460003078
"1358",2015-07-15,-0.00483618257567286
"1359",2015-07-16,0.00529091991484165
"1360",2015-07-17,0.00645619165152311
"1361",2015-07-20,-0.00576748792082071
"1362",2015-07-21,-0.00190738681703806
"1363",2015-07-22,0.00332358735613525
"1364",2015-07-23,0.0165076907724142
"1365",2015-07-24,-0.00592226535081863
"1366",2015-07-27,-0.00699261762201786
"1367",2015-07-28,-0.00217565754428506
"1368",2015-07-29,-0.00437625451013446
"1369",2015-07-30,0.000226714779273607
"1370",2015-07-31,-0.0124055985361338
"1371",2015-08-03,0.00342373736202717
"1372",2015-08-04,-0.00194262072909623
"1373",2015-08-05,-0.00808458216488361
"1374",2015-08-06,0.0075067076832056
"1375",2015-08-07,0.0114748254418373
"1376",2015-08-10,-0.017883513122797
"1377",2015-08-11,-0.00354612618684769
"1378",2015-08-12,0.0028167674317956
"1379",2015-08-13,-0.010257170535624
"1380",2015-08-14,0.00239060679450631
"1381",2015-08-17,-0.00370975187979639
"1382",2015-08-18,-0.0126440832391381
"1383",2015-08-19,0.00625593680888414
"1384",2015-08-20,-0.00567715428769588
"1385",2015-08-21,-0.000369440764188766
"1386",2015-08-24,-0.00374166294932365
"1387",2015-08-25,-0.00121028861030936
"1388",2015-08-26,-0.0107464073225856
"1389",2015-08-27,-0.017415314912796
"1390",2015-08-28,0.0103455279022455
"1391",2015-08-31,0.0130467424169183
"1392",2015-09-01,-0.0088366586714983
"1393",2015-09-02,-0.0125961778685451
"1394",2015-09-03,-0.00448126625269651
"1395",2015-09-04,0.000534841790795326
"1396",2015-09-08,-0.0130350412800908
"1397",2015-09-09,0.00191920530050993
"1398",2015-09-10,-0.0106158684939146
"1399",2015-09-11,0.000860922737047076
"1400",2015-09-14,-0.0133130215108395
"1401",2015-09-15,0.000754611799493432
"1402",2015-09-16,-0.00201610289514065
"1403",2015-09-17,0.00984183326363564
"1404",2015-09-18,0.0148584581911564
"1405",2015-09-21,-0.00393987819552422
"1406",2015-09-22,-0.00549123901873827
"1407",2015-09-23,0.00477353762835264
"1408",2015-09-24,0.00981103163212538
"1409",2015-09-25,0.0147112663835287
"1410",2015-09-28,0.0108199473470449
"1411",2015-09-29,-0.00479445187374949
"1412",2015-09-30,-0.00563393905758858
"1413",2015-10-01,-0.00727288378402591
"1414",2015-10-02,-0.0229599662125111
"1415",2015-10-05,0.0104955360293388
"1416",2015-10-06,0.0196264144033194
"1417",2015-10-07,0.00875901989638805
"1418",2015-10-08,-0.00360685680061579
"1419",2015-10-09,0.0125901317223907
"1420",2015-10-13,-0.000496726483106613
"1421",2015-10-14,0.00288731511682272
"1422",2015-10-15,-0.00165469851344824
"1423",2015-10-16,-0.0176002252846956
"1424",2015-10-19,-0.012173380702734
"1425",2015-10-20,0.00208435417152941
"1426",2015-10-21,-0.00438904389739037
"1427",2015-10-22,-0.00966419000178576
"1428",2015-10-23,0.00645810645073652
"1429",2015-10-26,0.000446051824837923
"1430",2015-10-27,-0.0111020728945732
"1431",2015-10-28,-0.00318602472543716
"1432",2015-10-29,0.00660577230155468
"1433",2015-10-30,-0.00200776802375913
"1434",2015-11-03,-0.0204136054962873
"1435",2015-11-04,0.0121890408918262
"1436",2015-11-05,0.000293226912617683
"1437",2015-11-06,0.0203925538808107
"1438",2015-11-09,0.020856436342001
"1439",2015-11-10,-0.0137565266340971
"1440",2015-11-11,0.00221624597907066
"1441",2015-11-12,-0.00454261107370257
"1442",2015-11-13,-0.00674227625131607
"1443",2015-11-16,9.66317020356655e-05
"1444",2015-11-17,-0.00899453554302454
"1445",2015-11-18,-0.0178158991038799
"1446",2015-11-19,-0.002727753482759
"1447",2015-11-23,-0.0153935411944985
"1448",2015-11-24,-0.00308337179012597
"1449",2015-11-25,0.0125640900805593
"1450",2015-11-26,-0.0038613174110651
"1451",2015-11-27,0.00587560422718525
"1452",2015-11-30,-0.00311503745615482
"1453",2015-12-01,-0.0119769023731351
"1454",2015-12-02,0.00283407908864319
"1455",2015-12-03,-0.00843286514282227
"1456",2015-12-04,-0.00455358810722828
"1457",2015-12-07,-0.0145764332264662
"1458",2015-12-08,-0.000515641644597054
"1459",2015-12-09,-0.0222852565348148
"1460",2015-12-10,-0.00374593958258629
"1461",2015-12-11,0.0107139348983765
"1462",2015-12-14,-0.00449939165264368
"1463",2015-12-15,0.00277553056366742
"1464",2015-12-16,-0.000976417795754969
"1465",2015-12-17,0.0155419912189245
"1466",2015-12-18,0.0149434637278318
"1467",2015-12-21,-0.000455917790532112
"1468",2015-12-22,-0.00694178231060505
"1469",2015-12-23,0.00819687638431787
"1470",2015-12-28,0.0102712940424681
"1471",2015-12-29,0.00371681735850871
"1472",2015-12-30,0.0127142500132322
"1473",2016-01-04,-0.00233126617968082
"1474",2016-01-05,-0.00433818809688091
"1475",2016-01-06,-0.012738055549562
"1476",2016-01-07,0.00227552838623524
"1477",2016-01-08,0.0182568002492189
"1478",2016-01-11,-0.0158800594508648
"1479",2016-01-12,-0.00627537583932281
"1480",2016-01-13,-0.00124633032828569
"1481",2016-01-14,-0.00953180342912674
"1482",2016-01-15,0.015389259904623
"1483",2016-01-18,0.0103421742096543
"1484",2016-01-19,-0.0135243171826005
"1485",2016-01-20,-0.0104049844667315
"1486",2016-01-21,-0.00793693028390408
"1487",2016-01-22,-0.00780014134943485
"1488",2016-01-26,-0.0077770184725523
"1489",2016-01-27,-0.00321912579238415
"1490",2016-01-28,-0.00562683306634426
"1491",2016-01-29,-0.017053734511137
"1492",2016-02-01,0.0247170142829418
"1493",2016-02-02,0.028628857806325
"1494",2016-02-03,0.0144051760435104
"1495",2016-02-04,0.0115926750004292
"1496",2016-02-05,0.0102253574877977
"1497",2016-02-11,-0.00366364978253841
"1498",2016-02-12,0.0003588842228055
"1499",2016-02-15,0.00856007542461157
"1500",2016-02-16,0.0185421202331781
"1501",2016-02-17,-0.0142411785200238
"1502",2016-02-18,-0.000569505384191871
"1503",2016-02-19,-0.000162771379109472
"1504",2016-02-22,-0.0129986573010683
"1505",2016-02-23,0.00655612535774708
"1506",2016-02-24,0.00990168564021587
"1507",2016-02-25,0.00965668074786663
"1508",2016-02-26,0.0191339179873466
"1509",2016-02-29,-0.0109562184661627
"1510",2016-03-01,-0.00266871228814125
"1511",2016-03-02,0.00904963258653879
"1512",2016-03-03,0.0101441293954849
"1513",2016-03-04,-0.0211016237735748
"1514",2016-03-07,-0.00326538877561688
"1515",2016-03-08,0.00509320385754108
"1516",2016-03-09,0.0134648149833083
"1517",2016-03-10,-0.00191263481974602
"1518",2016-03-11,0.00664293067529798
"1519",2016-03-14,-0.0108552519232035
"1520",2016-03-15,-0.0244441628456116
"1521",2016-03-16,-0.00483310967683792
"1522",2016-03-17,-0.000655099749565125
"1523",2016-03-18,0.00166573887690902
"1524",2016-03-21,0.00196444848552346
"1525",2016-03-22,0.00791310612112284
"1526",2016-03-23,0.00204933620989323
"1527",2016-03-24,-0.00643628370016813
"1528",2016-03-28,-0.0064123896881938
"1529",2016-03-29,-0.000469829887151718
"1530",2016-03-30,-0.00205333880148828
"1531",2016-03-31,-0.00774367526173592
"1532",2016-04-01,0.00508829113095999
"1533",2016-04-04,-0.00548995658755302
"1534",2016-04-05,0.0011807200498879
"1535",2016-04-06,0.00338325276970863
"1536",2016-04-07,-0.0185180231928825
"1537",2016-04-08,0.0129373390227556
"1538",2016-04-11,0.00363673525862396
"1539",2016-04-12,-0.000237524509429932
"1540",2016-04-13,0.0146661233156919
"1541",2016-04-14,-0.00427840370684862
"1542",2016-04-15,-0.0035114623606205
"1543",2016-04-18,0.00512061547487974
"1544",2016-04-19,0.0018947459757328
"1545",2016-04-20,-0.0021498273126781
"1546",2016-04-22,0.00523637235164642
"1547",2016-04-25,0.00536307971924543
"1548",2016-04-26,-0.00115550681948662
"1549",2016-04-27,-0.00431587733328342
"1550",2016-04-28,-0.00138289062306285
"1551",2016-04-29,-0.00191316660493612
"1552",2016-05-02,0.00327383680269122
"1553",2016-05-03,0.00148794986307621
"1554",2016-05-04,0.00832933653146029
"1555",2016-05-05,0.00224534887820482
"1556",2016-05-06,0.00779342046007514
"1557",2016-05-09,0.0010136254131794
"1558",2016-05-10,-0.008213110268116
"1559",2016-05-11,0.019715653732419
"1560",2016-05-12,0.000278901308774948
"1561",2016-05-13,0.000704746693372726
"1562",2016-05-16,-0.0103606525808573
"1563",2016-05-17,-0.00290647801011801
"1564",2016-05-18,-0.00879511423408985
"1565",2016-05-19,0.000974236056208611
"1566",2016-05-20,0.00596989411860704
"1567",2016-05-23,-0.00852496642619371
"1568",2016-05-24,0.00756910443305969
"1569",2016-05-25,0.00751477014273405
"1570",2016-05-27,0.00914230570197105
"1571",2016-05-30,-0.00115274440031499
"1572",2016-05-31,-0.00601412588730454
"1573",2016-06-01,0.0023212106898427
"1574",2016-06-02,-0.00282975379377604
"1575",2016-06-03,-0.00694558164104819
"1576",2016-06-06,-0.00241912342607975
"1577",2016-06-07,0.00191956595517695
"1578",2016-06-08,0.0128400856629014
"1579",2016-06-09,0.00911200512200594
"1580",2016-06-10,0.00582106038928032
"1581",2016-06-13,-0.00551532907411456
"1582",2016-06-14,-0.000424699857831001
"1583",2016-06-15,-0.00321028544567525
"1584",2016-06-16,-0.0096145523712039
"1585",2016-06-17,0.00143296411260962
"1586",2016-06-20,-0.00677434168756008
"1587",2016-06-21,-0.0034482330083847
"1588",2016-06-22,0.0126087591052055
"1589",2016-06-23,0.0013043824583292
"1590",2016-06-24,0.0143200047314167
"1591",2016-06-27,-0.00620577018707991
"1592",2016-06-28,0.00933533161878586
"1593",2016-06-29,0.00509333238005638
"1594",2016-06-30,-0.000396799296140671
"1595",2016-07-01,-0.00484708556905389
"1596",2016-07-04,-2.54502519965172e-05
"1597",2016-07-05,0.0101741217076778
"1598",2016-07-06,0.0104290656745434
"1599",2016-07-07,0.00574316177517176
"1600",2016-07-08,0.00283045321702957
"1601",2016-07-11,0.0131136998534203
"1602",2016-07-12,0.00761527754366398
"1603",2016-07-13,0.0109242396429181
"1604",2016-07-14,0.0239848457276821
"1605",2016-07-15,0.00762908533215523
"1606",2016-07-18,0.00855408143252134
"1607",2016-07-19,0.00892847403883934
"1608",2016-07-20,0.0130935600027442
"1609",2016-07-21,0.0136055964976549
"1610",2016-07-22,-0.00293150078505278
"1611",2016-07-25,-0.00462848320603371
"1612",2016-07-26,-0.0106802992522717
"1613",2016-07-27,-0.00364482845179737
"1614",2016-07-28,-0.00329520157538354
"1615",2016-07-29,0.0198353752493858
"1616",2016-08-01,0.00383910606615245
"1617",2016-08-02,0.00386736914515495
"1618",2016-08-03,0.00656225625425577
"1619",2016-08-04,0.00978750828653574
"1620",2016-08-05,0.00812810566276312
"1621",2016-08-08,-0.0155072715133429
"1622",2016-08-09,0.00911312829703093
"1623",2016-08-10,-0.00229792948812246
"1624",2016-08-11,-0.00589514337480068
"1625",2016-08-12,-0.0055088778026402
"1626",2016-08-15,-0.0156778022646904
"1627",2016-08-16,0.00835541635751724
"1628",2016-08-17,-0.00630746176466346
"1629",2016-08-18,0.00704303104430437
"1630",2016-08-19,0.00422096392139792
"1631",2016-08-22,0.00488139502704144
"1632",2016-08-23,-0.00303962989710271
"1633",2016-08-24,-0.00691052852198482
"1634",2016-08-25,-0.00344191747717559
"1635",2016-08-26,0.00900671910494566
"1636",2016-08-29,-0.00697691552340984
"1637",2016-08-30,-0.00521737011149526
"1638",2016-08-31,0.0102033112198114
"1639",2016-09-01,-0.00735959084704518
"1640",2016-09-02,0.00238391570746899
"1641",2016-09-05,0.0169202536344528
"1642",2016-09-06,-0.00931412074714899
"1643",2016-09-08,-0.00215261662378907
"1644",2016-09-09,0.00663087144494057
"1645",2016-09-12,-0.00951240677386522
"1646",2016-09-13,-0.00506400875747204
"1647",2016-09-14,0.00213341484777629
"1648",2016-09-15,-0.00100485142320395
"1649",2016-09-16,0.000435808673501015
"1650",2016-09-19,-0.0100440010428429
"1651",2016-09-20,-0.00417329510673881
"1652",2016-09-21,-0.000292258337140083
"1653",2016-09-22,0.00438887346535921
"1654",2016-09-23,-0.00612877355888486
"1655",2016-09-26,-0.00202992651611567
"1656",2016-09-27,-0.00286157452501357
"1657",2016-09-28,-0.00866650883108377
"1658",2016-09-29,0.00314400251954794
"1659",2016-09-30,-0.000803289469331503
"1660",2016-10-03,-0.000237662345170975
"1661",2016-10-04,0.00548605853691697
"1662",2016-10-05,-0.00766010070219636
"1663",2016-10-06,-0.00133805139921606
"1664",2016-10-07,0.00109987240284681
"1665",2016-10-10,5.36022707819939e-05
"1666",2016-10-11,-0.000347113702446222
"1667",2016-10-13,-0.00615925481542945
"1668",2016-10-14,0.000975663308054209
"1669",2016-10-17,-0.00631991354748607
"1670",2016-10-18,-0.000365961343050003
"1671",2016-10-19,0.0133093111217022
"1672",2016-10-20,-0.00151799328159541
"1673",2016-10-21,-0.00144362705759704
"1674",2016-10-24,0.00308891432359815
"1675",2016-10-25,-0.00405121454969049
"1676",2016-10-26,-0.00149776646867394
"1677",2016-10-27,0.00397287309169769
"1678",2016-10-28,-0.00126403116155416
"1679",2016-10-31,-0.00981654692441225
"1680",2016-11-01,-0.000414280220866203
"1681",2016-11-03,0.00511553883552551
"1682",2016-11-04,0.00269650062546134
"1683",2016-11-07,-0.00456945225596428
"1684",2016-11-08,-0.00710613653063774
"1685",2016-11-09,-0.0127778714522719
"1686",2016-11-10,-0.0178615227341652
"1687",2016-11-11,-0.014266250655055
"1688",2016-11-14,-0.0203568674623966
"1689",2016-11-16,-0.00230205245316029
"1690",2016-11-17,0.00441000051796436
"1691",2016-11-18,0.00701085943728685
"1692",2016-11-21,-0.00677043851464987
"1693",2016-11-22,-0.0149569157510996
"1694",2016-11-23,0.00751661835238338
"1695",2016-11-24,0.010569074191153
"1696",2016-11-25,-0.0114722764119506
"1697",2016-11-28,-0.0128731643781066
"1698",2016-11-29,0.0148409800603986
"1699",2016-11-30,0.00791298970580101
"1700",2016-12-01,0.00320535153150558
"1701",2016-12-02,-0.0119030810892582
"1702",2016-12-05,0.00381044577807188
"1703",2016-12-06,-0.0140738366171718
"1704",2016-12-07,-0.00719443242996931
"1705",2016-12-08,0.00717925745993853
"1706",2016-12-09,0.00728664267808199
"1707",2016-12-12,-0.00183763355016708
"1708",2016-12-13,0.00436955224722624
"1709",2016-12-14,0.00536099448800087
"1710",2016-12-15,0.000747175887227058
"1711",2016-12-16,0.00328779499977827
"1712",2016-12-19,-0.00365285854786634
"1713",2016-12-20,-0.00482602789998055
"1714",2016-12-21,-0.000728592276573181
"1715",2016-12-22,0.00141552439890802
"1716",2016-12-23,-0.000166994519531727
"1717",2016-12-26,-0.00271269958466291
"1718",2016-12-27,0.00232367729768157
"1719",2016-12-28,0.00210808403789997
"1720",2016-12-29,-0.0156194167211652
