"","date","WML"
"1",2010-01-04,-0.00663989037275314
"2",2010-01-05,-0.0072370208799839
"3",2010-01-06,0.00620492547750473
"4",2010-01-07,0.00351548753678799
"5",2010-01-08,-0.00308610266074538
"6",2010-01-11,0.00593103189021349
"7",2010-01-12,0.00335621787235141
"8",2010-01-13,0.00483592040836811
"9",2010-01-14,0.00442339200526476
"10",2010-01-15,0.0112759079784155
"11",2010-01-18,0.00525777414441109
"12",2010-01-19,-0.00275652157142758
"13",2010-01-20,-0.00591029226779938
"14",2010-01-21,-0.0150130921974778
"15",2010-01-22,-0.00384438317269087
"16",2010-01-26,-0.00508160097524524
"17",2010-01-27,-0.00109512964263558
"18",2010-01-28,-0.00467640534043312
"19",2010-01-29,-0.00335641787387431
"20",2010-02-01,0.00955331884324551
"21",2010-02-02,0.0190520454198122
"22",2010-02-03,0.00864950660616159
"23",2010-02-04,-0.0175913702696562
"24",2010-02-05,-0.00225140899419785
"25",2010-02-08,-0.00399310234934092
"26",2010-02-09,0.0133222574368119
"27",2010-02-10,0.00954664219170809
"28",2010-02-11,0.00232333410531282
"29",2010-02-12,0.000201376853510737
"30",2010-02-18,0.00608778139576316
"31",2010-02-19,0.00780778331682086
"32",2010-02-22,0.00222031539306045
"33",2010-02-23,-0.00456968788057566
"34",2010-02-25,-0.00683830305933952
"35",2010-02-26,0.00887120515108109
"36",2010-03-01,0.00391904776915908
"37",2010-03-02,-0.00435749860480428
"38",2010-03-03,-0.00825649872422218
"39",2010-03-04,-0.00547343771904707
"40",2010-03-05,-0.00554821407422423
"41",2010-03-08,0.00111513398587704
"42",2010-03-09,-0.0054217241704464
"43",2010-03-10,0.00107346009463072
"44",2010-03-11,0.00840292870998383
"45",2010-03-12,0.00140763632953167
"46",2010-03-15,-0.0067671611905098
"47",2010-03-16,0.00233456864953041
"48",2010-03-17,-0.0107777137309313
"49",2010-03-18,-0.00257653836160898
"50",2010-03-19,-0.00330842472612858
"51",2010-03-22,0.000345684704370797
"52",2010-03-23,0.00323953502811491
"53",2010-03-24,-0.00406908243894577
"54",2010-03-25,0.00335486861877143
"55",2010-03-26,-0.00247205281630158
"56",2010-03-29,-0.0008469233289361
"57",2010-03-30,-0.0066726659424603
"58",2010-03-31,0.00726300710812211
"59",2010-04-01,0.0030592167750001
"60",2010-04-05,-0.00368210580199957
"61",2010-04-06,0.00192183698527515
"62",2010-04-07,0.00233083963394165
"63",2010-04-08,0.00562876556068659
"64",2010-04-09,0.000366678461432457
"65",2010-04-12,0.00727793853729963
"66",2010-04-13,-0.00221815030090511
"67",2010-04-14,0.00332772312685847
"68",2010-04-15,0.00717608025297523
"69",2010-04-16,-0.0047723101451993
"70",2010-04-19,-0.00931519735604525
"71",2010-04-20,0.00629795296117663
"72",2010-04-22,0.00101138185709715
"73",2010-04-23,0.00272878957912326
"74",2010-04-26,-0.00274748960509896
"75",2010-04-27,-0.00775565393269062
"76",2010-04-28,-0.00457084784284234
"77",2010-04-29,0.00654384354129434
"78",2010-04-30,-0.00167845143005252
"79",2010-05-03,0.00715816579759121
"80",2010-05-04,0.0035718958824873
"81",2010-05-05,-0.00265271286480129
"82",2010-05-06,-0.0180721636861563
"83",2010-05-07,-0.0257238335907459
"84",2010-05-10,0.0357342064380646
"85",2010-05-11,-0.000631977804005146
"86",2010-05-12,-0.000261885114014149
"87",2010-05-13,-0.0153698725625873
"88",2010-05-14,-0.0195270627737045
"89",2010-05-17,-0.00694496696814895
"90",2010-05-18,-0.00889634527266026
"91",2010-05-19,-0.0178858861327171
"92",2010-05-20,0.00552261620759964
"93",2010-05-21,0.0185785125941038
"94",2010-05-24,-0.0019096415489912
"95",2010-05-25,-0.00277046021074057
"96",2010-05-26,4.47928905487061e-05
"97",2010-05-27,0.0329879485070705
"98",2010-05-28,0.00206858944147825
"99",2010-05-31,-0.00461505446583033
"100",2010-06-01,0.00413338746875525
"101",2010-06-02,0.00171673204749823
"102",2010-06-04,-0.00753067806363106
"103",2010-06-07,-0.0149496337398887
"104",2010-06-08,0.00848627742379904
"105",2010-06-09,-0.00374156143516302
"106",2010-06-10,0.00809815153479576
"107",2010-06-11,-0.00119001092389226
"108",2010-06-14,-0.00139326846692711
"109",2010-06-15,0.0147948507219553
"110",2010-06-16,0.00376892485655844
"111",2010-06-17,0.00219458481296897
"112",2010-06-18,-0.00402963114902377
"113",2010-06-21,0.00177980156149715
"114",2010-06-22,0.00103924004361033
"115",2010-06-23,-0.00119121163152158
"116",2010-06-24,0.00070980004966259
"117",2010-06-25,0.00378605257719755
"118",2010-06-28,0.00829705409705639
"119",2010-06-29,-0.0101836584508419
"120",2010-06-30,0.0035230447538197
"121",2010-07-01,0.00705305952578783
"122",2010-07-02,0.00701384991407394
"123",2010-07-05,-0.00411317497491837
"124",2010-07-06,-0.000917756929993629
"125",2010-07-07,0.00784321129322052
"126",2010-07-08,0.0013895514421165
"127",2010-07-12,0.0051858089864254
"128",2010-07-13,0.000393823720514774
"129",2010-07-14,0.012141264975071
"130",2010-07-15,0.00558649469166994
"131",2010-07-16,-0.00425160210579634
"132",2010-07-19,0.00450993049889803
"133",2010-07-20,-0.00394904334098101
"134",2010-07-21,0.000654926465358585
"135",2010-07-22,0.00975962821394205
"136",2010-07-23,0.00265672756358981
"137",2010-07-26,-0.00295515358448029
"138",2010-07-27,0.00536307599395514
"139",2010-07-28,-9.33101400732994e-05
"140",2010-07-29,0.00340346433222294
"141",2010-07-30,0.00483091548085213
"142",2010-08-02,-0.00369212916120887
"143",2010-08-03,-0.00279983785003424
"144",2010-08-04,0.00655864644795656
"145",2010-08-05,-0.00459970161318779
"146",2010-08-06,-0.00297011365182698
"147",2010-08-09,0.0101975100114942
"148",2010-08-10,-0.000518320128321648
"149",2010-08-11,-0.00255437847226858
"150",2010-08-12,-0.000600340776145458
"151",2010-08-13,-0.00894021894782782
"152",2010-08-16,0.00624391157180071
"153",2010-08-17,0.00882603973150253
"154",2010-08-18,0.0013025482185185
"155",2010-08-19,0.0086393216624856
"156",2010-08-20,-0.00256420951336622
"157",2010-08-23,0.00188748678192496
"158",2010-08-24,0.00278485519811511
"159",2010-08-25,-0.00111647043377161
"160",2010-08-26,0.00102135422639549
"161",2010-08-27,-0.00860069878399372
"162",2010-08-30,0.00586902489885688
"163",2010-08-31,0.00788582861423492
"164",2010-09-01,-0.0103774322196841
"165",2010-09-02,-0.00707422383129597
"166",2010-09-03,0.0016013365238905
"167",2010-09-06,-7.48236197978258e-05
"168",2010-09-08,-0.00610334612429142
"169",2010-09-09,0.00360563909634948
"170",2010-09-10,0.0061127096414566
"171",2010-09-13,-0.00328577333129942
"172",2010-09-14,0.00196696165949106
"173",2010-09-15,0.00397651037201285
"174",2010-09-16,0.00443449383601546
"175",2010-09-17,-0.00605004234239459
"176",2010-09-20,0.000696910545229912
"177",2010-09-21,-0.00508463801816106
"178",2010-09-22,-0.00415558833628893
"179",2010-09-23,-0.00425465544685721
"180",2010-09-24,0.00179939810186625
"181",2010-09-27,0.0059053935110569
"182",2010-09-28,-0.0025755176320672
"183",2010-09-29,0.00477023841813207
"184",2010-09-30,0.0132675152271986
"185",2010-10-01,0.0116011472418904
"186",2010-10-04,0.00448360154405236
"187",2010-10-05,0.00711880717426538
"188",2010-10-06,0.00756335956975818
"189",2010-10-07,0.0047614024952054
"190",2010-10-08,0.00129967276006937
"191",2010-10-11,0.00147648993879557
"192",2010-10-13,0.0165867041796446
"193",2010-10-14,-0.0114639448001981
"194",2010-10-15,0.00553793087601662
"195",2010-10-18,-0.00318523496389389
"196",2010-10-19,0.00279724597930908
"197",2010-10-20,0.00775096705183387
"198",2010-10-21,0.0132705457508564
"199",2010-10-22,-0.00628134934231639
"200",2010-10-25,-0.00141832884401083
"201",2010-10-26,-0.00344058871269226
"202",2010-10-27,-0.0130154835060239
"203",2010-10-28,0.00396683905273676
"204",2010-10-29,0.00917052663862705
"205",2010-11-01,-0.00664227362722158
"206",2010-11-03,0.00621478166431189
"207",2010-11-04,-0.00857475586235523
"208",2010-11-05,-0.00521196611225605
"209",2010-11-08,-0.00521630607545376
"210",2010-11-09,0.00375223811715841
"211",2010-11-10,-0.00844680611044168
"212",2010-11-11,0.0088011147454381
"213",2010-11-12,0.00204765750095248
"214",2010-11-16,0.0112188188359141
"215",2010-11-17,0.00695839431136847
"216",2010-11-18,0.00364858284592628
"217",2010-11-19,0.010827855207026
"218",2010-11-22,0.00765323266386986
"219",2010-11-23,0.00100645236670971
"220",2010-11-24,-0.0105893295258284
"221",2010-11-25,0.00367648154497147
"222",2010-11-26,0.00722526572644711
"223",2010-11-29,-0.000977811403572559
"224",2010-11-30,0.000170793500728905
"225",2010-12-01,-0.00240851938724518
"226",2010-12-02,-0.00647697551175952
"227",2010-12-03,-0.0063228327780962
"228",2010-12-06,0.00228247372433543
"229",2010-12-07,-0.0036128896754235
"230",2010-12-08,0.0068904859945178
"231",2010-12-09,-0.0100399870425463
"232",2010-12-10,-0.00714780623093247
"233",2010-12-13,-0.00220347661525011
"234",2010-12-14,0.00343294232152402
"235",2010-12-15,-0.00348793249577284
"236",2010-12-16,0.0016361172311008
"237",2010-12-17,0.004924226552248
"238",2010-12-20,-0.00208986178040504
"239",2010-12-21,-0.0103185102343559
"240",2010-12-22,-0.00241035083308816
"241",2010-12-23,0.00723060127347708
"242",2010-12-27,-0.000161407515406609
"243",2010-12-28,0.00077584688551724
"244",2010-12-29,0.00371832307428122
"245",2010-12-30,0.00374384736642241
"246",2011-01-03,-0.00569330155849457
"247",2011-01-04,-0.00671374797821045
"248",2011-01-05,-0.000304787885397673
"249",2011-01-06,-0.00407205475494266
"250",2011-01-07,0.00668084621429443
"251",2011-01-10,-0.00340874632820487
"252",2011-01-11,0.00140294514130801
"253",2011-01-12,-0.00176429003477097
"254",2011-01-13,0.00322180660441518
"255",2011-01-14,0.00117746670730412
"256",2011-01-17,0.00271569285541773
"257",2011-01-18,-0.00523354625329375
"258",2011-01-19,-0.000345556065440178
"259",2011-01-20,-0.00837170984596014
"260",2011-01-21,-0.00830349698662758
"261",2011-01-24,-0.00472942041233182
"262",2011-01-26,-0.000206724740564823
"263",2011-01-27,-0.00840734597295523
"264",2011-01-28,0.00330926664173603
"265",2011-01-31,0.00329999998211861
"266",2011-02-01,-0.00496875308454037
"267",2011-02-02,-0.0068243034183979
"268",2011-02-03,-0.00633264891803265
"269",2011-02-04,-0.00215346924960613
"270",2011-02-07,-0.00296531594358385
"271",2011-02-08,0.00872054789215326
"272",2011-02-09,-0.0063497219234705
"273",2011-02-10,-0.00464088283479214
"274",2011-02-11,0.00375946238636971
"275",2011-02-14,0.0192044153809547
"276",2011-02-15,0.00660681165754795
"277",2011-02-16,-0.00298020150512457
"278",2011-02-17,-0.000246424926444888
"279",2011-02-18,0.00332156103104353
"280",2011-02-21,-0.000910171307623386
"281",2011-02-22,-0.00344450119882822
"282",2011-02-23,-0.00722273997962475
"283",2011-02-24,-0.00202956120483577
"284",2011-02-25,0.00372741930186749
"285",2011-02-28,0.00791770964860916
"286",2011-03-01,0.0136534459888935
"287",2011-03-02,0.00379070220515132
"288",2011-03-03,-0.00336356461048126
"289",2011-03-04,0.00137679697945714
"290",2011-03-10,0.00851088669151068
"291",2011-03-11,-0.00357405608519912
"292",2011-03-14,0.000340603291988373
"293",2011-03-15,-0.00303273508325219
"294",2011-03-16,0.00288897007703781
"295",2011-03-17,0.00570778641849756
"296",2011-03-18,-0.0129158683121204
"297",2011-03-21,0.0149560458958149
"298",2011-03-22,0.00450351368635893
"299",2011-03-23,-0.00350417662411928
"300",2011-03-24,0.00364588852971792
"301",2011-03-25,-0.00212422315962613
"302",2011-03-28,0.00451479014009237
"303",2011-03-29,0.00128167658112943
"304",2011-03-30,0.00334988255053759
"305",2011-03-31,-0.00188268441706896
"306",2011-04-01,0.00103318691253662
"307",2011-04-04,-0.00673063937574625
"308",2011-04-05,0.00377458543516695
"309",2011-04-06,0.00497635081410408
"310",2011-04-07,-0.00757273286581039
"311",2011-04-08,0.00340968370437622
"312",2011-04-11,0.0096952635794878
"313",2011-04-12,0.00731457583606243
"314",2011-04-13,0.00833275727927685
"315",2011-04-14,0.00511265592649579
"316",2011-04-15,-0.000360918813385069
"317",2011-04-18,0.0104845277965069
"318",2011-04-19,-0.00310930563136935
"319",2011-04-20,0.00337550602853298
"320",2011-04-25,0.00574096571654081
"321",2011-04-26,0.00503335427492857
"322",2011-04-27,0.00420512445271015
"323",2011-04-28,0.00749623496085405
"324",2011-04-29,-0.0034834761172533
"325",2011-05-02,0.019489211961627
"326",2011-05-03,0.0122301448136568
"327",2011-05-04,-0.000146535225212574
"328",2011-05-05,-0.000618227524682879
"329",2011-05-06,0.00254969857633114
"330",2011-05-09,0.0132763478904963
"331",2011-05-10,-0.00417166762053967
"332",2011-05-11,0.00142445554956794
"333",2011-05-12,0.00763561530038714
"334",2011-05-13,0.0148278139531612
"335",2011-05-16,0.00148250954225659
"336",2011-05-17,-0.0120731014758348
"337",2011-05-18,0.0145183578133583
"338",2011-05-19,0.00752633763477206
"339",2011-05-20,-0.00241486099548638
"340",2011-05-23,0.00594462035223842
"341",2011-05-24,-0.00896743126213551
"342",2011-05-25,-0.00150971987750381
"343",2011-05-26,0.000672970898449421
"344",2011-05-27,0.00214629247784615
"345",2011-05-30,-0.0105083156377077
"346",2011-05-31,-0.00113968458026648
"347",2011-06-01,0.00882713031023741
"348",2011-06-02,-0.00812236126512289
"349",2011-06-03,-0.00712567381560802
"350",2011-06-06,0.00962391495704651
"351",2011-06-07,0.00541285332292318
"352",2011-06-08,-0.000985118094831705
"353",2011-06-09,-0.00640145223587751
"354",2011-06-10,0.00364865735173225
"355",2011-06-13,0.00770140625536442
"356",2011-06-14,0.0048011364415288
"357",2011-06-15,0.00130709633231163
"358",2011-06-16,0.00436981860548258
"359",2011-06-17,0.000755012850277126
"360",2011-06-20,-0.00313381478190422
"361",2011-06-21,0.00555502716451883
"362",2011-06-22,-0.00140822911635041
"363",2011-06-24,0.0074114128947258
"364",2011-06-27,0.000994159607216716
"365",2011-06-28,-0.00466294027864933
"366",2011-06-29,-0.000479722511954606
"367",2011-06-30,-0.00219934433698654
"368",2011-07-01,-0.0162267871201038
"369",2011-07-04,-0.0114006074145436
"370",2011-07-05,0.0118624782189727
"371",2011-07-06,-0.00165731250308454
"372",2011-07-07,-0.00342531804926693
"373",2011-07-08,0.00407577399164438
"374",2011-07-11,0.012681832537055
"375",2011-07-12,0.0106864599511027
"376",2011-07-13,0.00363275595009327
"377",2011-07-14,0.00763355288654566
"378",2011-07-15,-0.007811538875103
"379",2011-07-18,0.00523834209889174
"380",2011-07-19,-0.000577772501856089
"381",2011-07-20,0.00347005063667893
"382",2011-07-21,-0.0121793886646628
"383",2011-07-22,0.00435359543189406
"384",2011-07-25,0.000562491361051798
"385",2011-07-26,0.00709545472636819
"386",2011-07-27,0.0118121718987823
"387",2011-07-28,-0.00296288449317217
"388",2011-07-29,0.00779151543974876
"389",2011-08-01,0.00128157343715429
"390",2011-08-02,0.00957531668245792
"391",2011-08-03,0.00902348384261131
"392",2011-08-04,0.0261819958686829
"393",2011-08-05,-0.00379557255655527
"394",2011-08-08,0.0233054310083389
"395",2011-08-09,-0.0127755776047707
"396",2011-08-10,0.00771208992227912
"397",2011-08-11,-0.0156840346753597
"398",2011-08-12,-0.00852301064878702
"399",2011-08-15,0.000898633152246475
"400",2011-08-16,0.0132541218772531
"401",2011-08-17,-0.0104470122605562
"402",2011-08-18,0.0279246438294649
"403",2011-08-19,-0.00751167442649603
"404",2011-08-22,-0.000910110422410071
"405",2011-08-23,-0.0112299006432295
"406",2011-08-24,-0.010089760646224
"407",2011-08-25,0.00400066748261452
"408",2011-08-26,-0.00767767941579223
"409",2011-08-29,-0.00977186672389507
"410",2011-08-30,0.00235730456188321
"411",2011-08-31,0.0113496882840991
"412",2011-09-01,-0.00793567672371864
"413",2011-09-02,0.0134098418056965
"414",2011-09-05,0.0128438901156187
"415",2011-09-06,-0.0139895007014275
"416",2011-09-08,-0.00294771417975426
"417",2011-09-09,0.0100604947656393
"418",2011-09-12,-0.00880048424005508
"419",2011-09-13,-0.00245704129338264
"420",2011-09-14,-0.00612198561429977
"421",2011-09-15,-0.00725959334522486
"422",2011-09-16,-0.00323790404945612
"423",2011-09-19,0.00223623821511865
"424",2011-09-20,0.0149493254721165
"425",2011-09-21,0.000763725955039263
"426",2011-09-22,0.00646867975592613
"427",2011-09-23,-0.00775531260296702
"428",2011-09-26,-0.00651900097727776
"429",2011-09-27,0.00518496427685022
"430",2011-09-28,0.00141850300133228
"431",2011-09-29,0.0109242387115955
"432",2011-09-30,0.0191621202975512
"433",2011-10-03,0.0227319989353418
"434",2011-10-04,-0.00511116068810225
"435",2011-10-05,-0.0138139184564352
"436",2011-10-06,-0.00878430716693401
"437",2011-10-07,0.00972028076648712
"438",2011-10-10,-0.0146295577287674
"439",2011-10-11,-0.0138112362474203
"440",2011-10-13,-0.00257734302431345
"441",2011-10-14,-0.0092762541025877
"442",2011-10-17,0.0171583145856857
"443",2011-10-18,-0.00705511868000031
"444",2011-10-19,0.00287433550693095
"445",2011-10-20,0.004802530631423
"446",2011-10-21,-0.0111469244584441
"447",2011-10-24,-0.017345629632473
"448",2011-10-25,0.00918470323085785
"449",2011-10-26,-0.00320410449057817
"450",2011-10-27,-0.0344970226287842
"451",2011-10-28,-0.00691405916586518
"452",2011-10-31,0.0218427442014217
"453",2011-11-01,0.0168353728950024
"454",2011-11-03,0.00546971242874861
"455",2011-11-04,-0.0029807104729116
"456",2011-11-07,0.00547467824071646
"457",2011-11-08,0.00295209023170173
"458",2011-11-09,0.0207451246678829
"459",2011-11-10,0.0106862932443619
"460",2011-11-11,-0.0124379135668278
"461",2011-11-14,0.00739078922197223
"462",2011-11-16,0.0026965937577188
"463",2011-11-17,0.00191741250455379
"464",2011-11-18,0.00502592790871859
"465",2011-11-21,0.0106014627963305
"466",2011-11-22,0.00873057451099157
"467",2011-11-23,0.0217191986739635
"468",2011-11-24,0.0136479949578643
"469",2011-11-25,-0.00624299747869372
"470",2011-11-28,-0.0161925945430994
"471",2011-11-29,0.00695237098261714
"472",2011-11-30,0.00322300940752029
"473",2011-12-01,-0.0194307137280703
"474",2011-12-02,-0.00320664932951331
"475",2011-12-05,-0.0126807503402233
"476",2011-12-06,0.00580754736438394
"477",2011-12-07,0.00982351135462523
"478",2011-12-08,0.0182204749435186
"479",2011-12-09,-0.00420788675546646
"480",2011-12-12,0.0192503053694963
"481",2011-12-13,-0.00314976600930095
"482",2011-12-14,0.00750960968434811
"483",2011-12-15,0.010868982411921
"484",2011-12-16,0.00876511447131634
"485",2011-12-19,0.0264604650437832
"486",2011-12-20,-0.00485045183449984
"487",2011-12-21,-0.00311475293710828
"488",2011-12-22,-0.00691906921565533
"489",2011-12-23,0.00140666868537664
"490",2011-12-26,0.000637240707874298
"491",2011-12-27,0.00085394037887454
"492",2011-12-28,0.0143020562827587
"493",2011-12-29,0.00388266937807202
"494",2012-01-02,-0.0132589470595121
"495",2012-01-03,-0.00850064307451248
"496",2012-01-04,0.0081311110407114
"497",2012-01-05,0.00257220398634672
"498",2012-01-06,-0.00387331121601164
"499",2012-01-09,0.0059623783454299
"500",2012-01-10,-0.0112568531185389
"501",2012-01-11,-0.0025912958662957
"502",2012-01-12,-0.000391611945815384
"503",2012-01-13,0.0105334585532546
"504",2012-01-16,-0.00369598530232906
"505",2012-01-18,-0.0128592029213905
"506",2012-01-19,0.00143952225334942
"507",2012-01-20,-0.00383391580544412
"508",2012-01-23,-0.00355015299282968
"509",2012-01-24,0.00142804626375437
"510",2012-01-26,-0.00842852704226971
"511",2012-01-27,-0.00888006389141083
"512",2012-01-30,0.00582799594849348
"513",2012-01-31,0.000480016693472862
"514",2012-02-01,-0.0189262293279171
"515",2012-02-02,-0.000430023996159434
"516",2012-02-03,-0.0105629153549671
"517",2012-02-06,0.000953956739977002
"518",2012-02-07,-0.00265399692580104
"519",2012-02-08,0.00289693498052657
"520",2012-02-09,0.00532896118238568
"521",2012-02-10,0.0153494728729129
"522",2012-02-13,-0.0141087379306555
"523",2012-02-14,0.0117934066802263
"524",2012-02-15,-0.00195248890668154
"525",2012-02-16,-0.00329246092587709
"526",2012-02-17,-0.00040103867650032
"527",2012-02-23,0.00156809808686376
"528",2012-02-24,0.00753193441778421
"529",2012-02-27,0.0116834901273251
"530",2012-02-28,-0.00738542759791017
"531",2012-02-29,0.011373576708138
"532",2012-03-01,-0.0114750918000937
"533",2012-03-02,0.000353339128196239
"534",2012-03-05,0.0114370808005333
"535",2012-03-06,0.0161497108638287
"536",2012-03-07,-0.00192369986325502
"537",2012-03-08,-0.00748077128082514
"538",2012-03-09,0.00560923479497433
"539",2012-03-12,0.00448564440011978
"540",2012-03-13,-0.0190591774880886
"541",2012-03-14,0.00376809574663639
"542",2012-03-15,-0.0051958030089736
"543",2012-03-16,0.00319953635334969
"544",2012-03-19,0.00425094738602638
"545",2012-03-20,0.0084022032096982
"546",2012-03-21,0.00529296696186066
"547",2012-03-22,0.00672787800431252
"548",2012-03-23,-0.00251881033182144
"549",2012-03-26,0.00700771808624268
"550",2012-03-27,0.00990251451730728
"551",2012-03-28,0.00346655119210482
"552",2012-03-29,0.00384752918034792
"553",2012-03-30,0.00784648116677999
"554",2012-04-02,0.0115730054676533
"555",2012-04-03,0.00543585326522589
"556",2012-04-04,-0.000129095744341612
"557",2012-04-05,0.000451700296252966
"558",2012-04-09,0.00595551915466785
"559",2012-04-10,0.0131530817598104
"560",2012-04-11,0.00529985129833221
"561",2012-04-12,-0.00874869804829359
"562",2012-04-13,0.000870219431817532
"563",2012-04-16,0.00168638303875923
"564",2012-04-17,-0.00785789452493191
"565",2012-04-18,-0.00190079165622592
"566",2012-04-19,0.00707615073770285
"567",2012-04-20,0.00756638310849667
"568",2012-04-23,0.0084730451926589
"569",2012-04-24,-0.00305979559198022
"570",2012-04-25,0.00413893675431609
"571",2012-04-26,0.00555981229990721
"572",2012-04-27,0.00805605016648769
"573",2012-04-30,0.00508571648970246
"574",2012-05-02,-1.16425799205899e-05
"575",2012-05-03,-0.000232774880714715
"576",2012-05-04,0.00180319929495454
"577",2012-05-07,-0.00456493627279997
"578",2012-05-08,0.0114296739920974
"579",2012-05-09,0.00149771384894848
"580",2012-05-10,0.00694296136498451
"581",2012-05-11,0.00143629056401551
"582",2012-05-14,0.0116443801671267
"583",2012-05-15,0.00544988550245762
"584",2012-05-16,0.00053912028670311
"585",2012-05-17,0.0141812730580568
"586",2012-05-18,-0.000399000942707062
"587",2012-05-21,-0.00713592953979969
"588",2012-05-22,0.0195861700922251
"589",2012-05-23,-0.00713403895497322
"590",2012-05-24,-0.00141170807182789
"591",2012-05-25,-0.00256476923823357
"592",2012-05-28,-0.0039623798802495
"593",2012-05-29,0.00649096490815282
"594",2012-05-30,0.0145400539040565
"595",2012-05-31,0.00515410769730806
"596",2012-06-01,0.0162758659571409
"597",2012-06-04,0.00927432999014854
"598",2012-06-05,0.00898519810289145
"599",2012-06-06,0.000518593937158585
"600",2012-06-08,-0.00958338007330894
"601",2012-06-11,0.00333962915465236
"602",2012-06-12,-0.00302655808627605
"603",2012-06-13,-0.014598336070776
"604",2012-06-14,-0.00157484645023942
"605",2012-06-15,-0.0165390279144049
"606",2012-06-18,0.00828689243644476
"607",2012-06-19,-0.00420982297509909
"608",2012-06-20,-0.00616084318608046
"609",2012-06-21,0.00621886923909187
"610",2012-06-22,0.00104844942688942
"611",2012-06-25,0.0149496728554368
"612",2012-06-26,0.0076358038932085
"613",2012-06-27,0.0241018570959568
"614",2012-06-28,0.0165859181433916
"615",2012-06-29,-0.0173735208809376
"616",2012-07-02,-0.0103860329836607
"617",2012-07-03,-0.00880743842571974
"618",2012-07-04,-0.00926800258457661
"619",2012-07-05,0.00356077589094639
"620",2012-07-06,0.0112450728192925
"621",2012-07-10,0.0146691901609302
"622",2012-07-11,0.00621047895401716
"623",2012-07-12,-0.000715230591595173
"624",2012-07-13,-0.0124990800395608
"625",2012-07-16,0.0193315204232931
"626",2012-07-17,-0.00177597906440496
"627",2012-07-18,-0.0118042286485434
"628",2012-07-19,-0.0136928372085094
"629",2012-07-20,0.00813574250787497
"630",2012-07-23,0.00950352381914854
"631",2012-07-24,-0.00237119500525296
"632",2012-07-25,0.016631968319416
"633",2012-07-26,-0.00801726058125496
"634",2012-07-27,-0.0272815991193056
"635",2012-07-30,-0.0130429472774267
"636",2012-07-31,0.00256877113133669
"637",2012-08-01,-0.0108502106741071
"638",2012-08-02,0.0142872706055641
"639",2012-08-03,-0.0225229375064373
"640",2012-08-06,-0.0168756209313869
"641",2012-08-07,0.0184604432433844
"642",2012-08-08,-0.00989268906414509
"643",2012-08-09,-0.00937355123460293
"644",2012-08-10,-0.000288663897663355
"645",2012-08-13,0.00319037423469126
"646",2012-08-14,0.0172665845602751
"647",2012-08-15,0.00531330704689026
"648",2012-08-16,-0.0143627664074302
"649",2012-08-17,-2.12793238461018e-05
"650",2012-08-20,-0.0165915042161942
"651",2012-08-21,-0.0024534200783819
"652",2012-08-22,-0.0122767966240644
"653",2012-08-23,0.00867140479385853
"654",2012-08-24,0.002427400322631
"655",2012-08-27,0.00920208729803562
"656",2012-08-28,0.00118861231021583
"657",2012-08-29,0.00913760997354984
"658",2012-08-30,-0.00424995459616184
"659",2012-08-31,0.000646123429760337
"660",2012-09-03,-0.00296776322647929
"661",2012-09-04,0.0121601913124323
"662",2012-09-05,-0.00192071031779051
"663",2012-09-06,-0.0105195548385382
"664",2012-09-10,-0.00475677382200956
"665",2012-09-11,-0.0149657474830747
"666",2012-09-12,-0.038114957511425
"667",2012-09-13,-0.0201478265225887
"668",2012-09-14,-0.00545908138155937
"669",2012-09-17,0.0118358917534351
"670",2012-09-18,0.000388603424653411
"671",2012-09-19,-0.00440589431673288
"672",2012-09-20,0.00191675964742899
"673",2012-09-21,0.0132453609257936
"674",2012-09-24,-0.00395915377885103
"675",2012-09-25,0.00569077348336577
"676",2012-09-26,0.0130105027928948
"677",2012-09-27,0.00275063095614314
"678",2012-09-28,0.016414562240243
"679",2012-10-01,-0.0039673219434917
"680",2012-10-02,0.0182722881436348
"681",2012-10-03,0.00307698315009475
"682",2012-10-04,0.013387187384069
"683",2012-10-05,0.00546078756451607
"684",2012-10-08,-0.00750405294820666
"685",2012-10-09,-0.00524082919582725
"686",2012-10-10,-0.0055063022300601
"687",2012-10-11,-0.0098143583163619
"688",2012-10-15,-0.00728871580213308
"689",2012-10-16,0.0107658160850406
"690",2012-10-17,-0.000755199696868658
"691",2012-10-18,-0.00243880553171039
"692",2012-10-19,0.0065084183588624
"693",2012-10-22,0.00160579837393016
"694",2012-10-23,0.0106564052402973
"695",2012-10-24,0.0018923778552562
"696",2012-10-25,-0.00570265389978886
"697",2012-10-26,0.0170888900756836
"698",2012-10-29,0.00807638373225927
"699",2012-10-30,0.0012102690525353
"700",2012-10-31,0.000293234945274889
"701",2012-11-01,-0.002327935770154
"702",2012-11-05,0.00894040800631046
"703",2012-11-06,-0.0220648404210806
"704",2012-11-07,0.00626984611153603
"705",2012-11-08,0.0111547876149416
"706",2012-11-09,-0.00702224997803569
"707",2012-11-12,-0.001221037004143
"708",2012-11-13,-0.00443236669525504
"709",2012-11-14,0.0162098556756973
"710",2012-11-16,0.0221187938004732
"711",2012-11-19,-0.00390279525890946
"712",2012-11-21,0.00808900035917759
"713",2012-11-22,0.00181646575219929
"714",2012-11-23,-0.0174990929663181
"715",2012-11-26,0.0134012727066875
"716",2012-11-27,-0.000980188138782978
"717",2012-11-28,0.0040552681311965
"718",2012-11-29,-0.019233463332057
"719",2012-11-30,0.0034801340661943
"720",2012-12-03,-0.00909308716654778
"721",2012-12-04,-0.00217849249020219
"722",2012-12-05,0.00805346108973026
"723",2012-12-06,0.0103134633973241
"724",2012-12-07,-0.00946441385895014
"725",2012-12-10,-0.0051353476010263
"726",2012-12-11,-0.00392728112637997
"727",2012-12-12,0.00278262002393603
"728",2012-12-13,-0.00219928054139018
"729",2012-12-14,0.00184570124838501
"730",2012-12-17,0.00399615615606308
"731",2012-12-18,-0.0070357583463192
"732",2012-12-19,-0.00584151409566402
"733",2012-12-20,-0.000748536549508572
"734",2012-12-21,-0.0120551772415638
"735",2012-12-26,-0.00207102415151894
"736",2012-12-27,0.0136573826894164
"737",2012-12-28,-0.00492202676832676
"738",2013-01-02,-0.0207535717636347
"739",2013-01-03,-0.0142192672938108
"740",2013-01-04,0.00464422395452857
"741",2013-01-07,0.000837101601064205
"742",2013-01-08,0.0149252228438854
"743",2013-01-09,0.0014364942908287
"744",2013-01-10,0.00317149679176509
"745",2013-01-11,-0.00316102057695389
"746",2013-01-14,-0.00363501440733671
"747",2013-01-15,-0.0076527358032763
"748",2013-01-16,0.0104719717055559
"749",2013-01-17,-0.00704550929367542
"750",2013-01-18,-0.00618142820894718
"751",2013-01-21,0.00376385217532516
"752",2013-01-22,0.00816852040588856
"753",2013-01-23,-0.000638821162283421
"754",2013-01-24,0.00470180436968803
"755",2013-01-28,0.0127497371286154
"756",2013-01-29,0.00330015970394015
"757",2013-01-30,0.0168635249137878
"758",2013-01-31,0.0109738484025002
"759",2013-02-01,-0.00845738500356674
"760",2013-02-04,0.0107026100158691
"761",2013-02-05,0.00155706307850778
"762",2013-02-06,0.0135383289307356
"763",2013-02-07,0.00116531969979405
"764",2013-02-08,0.000384253682568669
"765",2013-02-14,-0.000148593389894813
"766",2013-02-15,-0.00086446269415319
"767",2013-02-18,-0.000165444333106279
"768",2013-02-19,0.00211023073643446
"769",2013-02-20,0.0115816434845328
"770",2013-02-21,-0.00422544544562697
"771",2013-02-22,-0.00937548279762268
"772",2013-02-25,0.00115575257223099
"773",2013-02-26,-0.003489252878353
"774",2013-02-27,-0.00201711757108569
"775",2013-02-28,0.00423152651637793
"776",2013-03-01,0.0121820233762264
"777",2013-03-04,-0.00654195016250014
"778",2013-03-05,0.0146413128823042
"779",2013-03-06,-0.0135343912988901
"780",2013-03-07,-0.0362086743116379
"781",2013-03-08,0.00650689378380775
"782",2013-03-11,0.00557019421830773
"783",2013-03-12,-0.00131434586364776
"784",2013-03-13,0.0121010970324278
"785",2013-03-14,0.010669345036149
"786",2013-03-15,-0.0047985608689487
"787",2013-03-18,8.68493225425482e-06
"788",2013-03-19,0.0113702770322561
"789",2013-03-20,0.0147609617561102
"790",2013-03-21,0.00484599266201258
"791",2013-03-22,0.012111583724618
"792",2013-03-25,0.010608515702188
"793",2013-03-26,-0.0150262918323278
"794",2013-03-27,0.00635161763057113
"795",2013-03-28,0.00437923520803452
"796",2013-04-01,-0.00908893533051014
"797",2013-04-02,0.0145071465522051
"798",2013-04-03,-0.00700179487466812
"799",2013-04-04,-0.000413724221289158
"800",2013-04-05,-0.00624187663197517
"801",2013-04-08,0.00490653980523348
"802",2013-04-09,-0.00529924780130386
"803",2013-04-10,-0.00618558377027512
"804",2013-04-11,0.00286503601819277
"805",2013-04-12,-0.00213618297129869
"806",2013-04-15,0.00635090842843056
"807",2013-04-16,0.000794600695371628
"808",2013-04-17,0.0168304610997438
"809",2013-04-18,0.00265034567564726
"810",2013-04-19,-0.00186172220855951
"811",2013-04-22,-0.00472338870167732
"812",2013-04-23,0.00438506063073874
"813",2013-04-24,0.00380789255723357
"814",2013-04-25,-0.00320834224112332
"815",2013-04-26,-0.00357094686478376
"816",2013-04-29,-0.0105639947578311
"817",2013-04-30,0.00166724249720573
"818",2013-05-02,0.0130075104534626
"819",2013-05-03,0.00292964372783899
"820",2013-05-06,0.00346498959697783
"821",2013-05-07,-0.00515223620459437
"822",2013-05-08,0.00310004875063896
"823",2013-05-09,0.0101713817566633
"824",2013-05-10,0.00138071738183498
"825",2013-05-13,0.00616890657693148
"826",2013-05-14,-0.0106773935258389
"827",2013-05-15,-0.00298761297017336
"828",2013-05-16,-0.00431561097502708
"829",2013-05-17,-0.00902748666703701
"830",2013-05-20,-0.00211961241438985
"831",2013-05-21,-0.00867139920592308
"832",2013-05-22,-0.00103185651823878
"833",2013-05-23,-0.00265249772928655
"834",2013-05-24,-0.0014767530374229
"835",2013-05-27,-0.000698489777278155
"836",2013-05-28,0.00981364957988262
"837",2013-05-29,0.0212885551154613
"838",2013-05-31,0.00572112575173378
"839",2013-06-03,-0.018834013491869
"840",2013-06-04,-0.00239000492729247
"841",2013-06-05,0.000772214494645596
"842",2013-06-06,-0.00396741507574916
"843",2013-06-07,0.0168607234954834
"844",2013-06-10,-0.000968119129538536
"845",2013-06-11,0.00744764134287834
"846",2013-06-12,-0.000304002314805984
"847",2013-06-13,-0.0223864410072565
"848",2013-06-14,0.00680180452764034
"849",2013-06-17,0.0123803215101361
"850",2013-06-18,-0.0202955026179552
"851",2013-06-19,0.00939064286649227
"852",2013-06-20,-0.0227057859301567
"853",2013-06-21,0.0314606167376041
"854",2013-06-24,0.00718053057789803
"855",2013-06-25,-0.0132762528955936
"856",2013-06-26,0.00128786358982325
"857",2013-06-27,0.00784348975867033
"858",2013-06-28,0.00533863017335534
"859",2013-07-01,0.0172935742884874
"860",2013-07-02,0.0152278244495392
"861",2013-07-03,0.00490663107484579
"862",2013-07-04,-0.0121732614934444
"863",2013-07-05,-0.0086081326007843
"864",2013-07-08,-0.00220143399201334
"865",2013-07-10,0.00422219978645444
"866",2013-07-11,-0.00170291028916836
"867",2013-07-12,0.0316831097006798
"868",2013-07-15,-0.0208007842302322
"869",2013-07-16,0.00120353396050632
"870",2013-07-17,-0.00231454754248261
"871",2013-07-18,-0.00759672652930021
"872",2013-07-19,0.000111295259557664
"873",2013-07-22,-0.00610498338937759
"874",2013-07-23,-0.00342209939844906
"875",2013-07-24,0.00787695962935686
"876",2013-07-25,-0.0100918635725975
"877",2013-07-26,0.000794943422079086
"878",2013-07-29,0.00450443057343364
"879",2013-07-30,0.0104862293228507
"880",2013-07-31,0.00644812872633338
"881",2013-08-01,0.00210997648537159
"882",2013-08-02,0.0128747932612896
"883",2013-08-05,-0.00154835148714483
"884",2013-08-06,-0.00174322165548801
"885",2013-08-07,0.000645478954538703
"886",2013-08-08,-0.00853501632809639
"887",2013-08-09,0.00120737589895725
"888",2013-08-12,-0.0108329672366381
"889",2013-08-13,-0.00603050552308559
"890",2013-08-14,-0.0138694485649467
"891",2013-08-15,-0.000614672433584929
"892",2013-08-16,-0.00197151210159063
"893",2013-08-19,-0.00890433415770531
"894",2013-08-20,-0.00992294773459435
"895",2013-08-21,-0.00757318688556552
"896",2013-08-22,-0.00319522432982922
"897",2013-08-23,0.00706024002283812
"898",2013-08-26,0.00364306475967169
"899",2013-08-27,0.0113137029111385
"900",2013-08-28,0.00461925519630313
"901",2013-08-29,0.00995334517210722
"902",2013-08-30,0.0218955557793379
"903",2013-09-02,-0.0254786722362041
"904",2013-09-03,-0.0165873244404793
"905",2013-09-04,-0.00236673094332218
"906",2013-09-05,-0.00259404489770532
"907",2013-09-06,-0.0165902152657509
"908",2013-09-09,0.00678382348269224
"909",2013-09-10,0.0185194741934538
"910",2013-09-11,0.00867205951362848
"911",2013-09-12,-0.00049947015941143
"912",2013-09-13,-0.0149072064086795
"913",2013-09-16,0.00315231690183282
"914",2013-09-17,-0.00571960210800171
"915",2013-09-18,-0.00376765616238117
"916",2013-09-19,0.000172572676092386
"917",2013-09-20,0.00483566429466009
"918",2013-09-23,0.00653586629778147
"919",2013-09-24,-0.000916059943847358
"920",2013-09-25,0.00370976119302213
"921",2013-09-26,0.00361524918116629
"922",2013-09-27,0.000353355892002583
"923",2013-09-30,0.0140593303367496
"924",2013-10-01,0.00369619578123093
"925",2013-10-02,0.000848188356030732
"926",2013-10-03,0.00739184767007828
"927",2013-10-04,0.00629600044339895
"928",2013-10-07,0.0190993063151836
"929",2013-10-08,0.00198096688836813
"930",2013-10-09,0.00618642522022128
"931",2013-10-10,-0.00151711236685514
"932",2013-10-11,-0.00418463069945574
"933",2013-10-14,-0.00985402427613735
"934",2013-10-15,-0.0148549107834697
"935",2013-10-16,-0.0175674520432949
"936",2013-10-17,0.00948888901621103
"937",2013-10-18,0.0052115311846137
"938",2013-10-21,-0.00471892487257719
"939",2013-10-22,-0.00482541369274259
"940",2013-10-23,0.00658522732555866
"941",2013-10-24,0.0127207301557064
"942",2013-10-25,0.013456679880619
"943",2013-10-28,-0.00359740480780602
"944",2013-10-29,0.00907377898693085
"945",2013-10-30,0.0155105562880635
"946",2013-10-31,0.00761187076568604
"947",2013-11-01,0.00338878971524537
"948",2013-11-04,-0.00498785078525543
"949",2013-11-05,0.0114062670618296
"950",2013-11-06,0.0134524060413241
"951",2013-11-07,0.00117818894796073
"952",2013-11-08,-0.00118339946493506
"953",2013-11-11,6.27455301582813e-05
"954",2013-11-12,-0.00759872188791633
"955",2013-11-13,0.000641617458313704
"956",2013-11-14,-0.0138055011630058
"957",2013-11-18,0.00139861693605781
"958",2013-11-19,0.0130966324359179
"959",2013-11-21,0.00530948722735047
"960",2013-11-22,-0.00851299986243248
"961",2013-11-25,0.0038115088827908
"962",2013-11-26,0.0180571880191565
"963",2013-11-27,0.000620049424469471
"964",2013-11-28,0.00291861197911203
"965",2013-11-29,-0.00356928771361709
"966",2013-12-02,0.00629878044128418
"967",2013-12-03,0.0109752649441361
"968",2013-12-04,-0.0138861201703548
"969",2013-12-05,-0.000288802199065685
"970",2013-12-06,-0.00751643627882004
"971",2013-12-09,-0.0105458842590451
"972",2013-12-10,0.00318491761572659
"973",2013-12-11,0.00574639067053795
"974",2013-12-12,-0.000788274686783552
"975",2013-12-13,0.00448803743347526
"976",2013-12-16,0.00382457207888365
"977",2013-12-17,-0.00338663812726736
"978",2013-12-18,-0.00347959855571389
"979",2013-12-19,-0.00797466561198235
"980",2013-12-20,0.00961830653250217
"981",2013-12-23,-0.00234731007367373
"982",2013-12-26,-0.00845849886536598
"983",2013-12-27,0.00363794132135808
"984",2013-12-30,-0.00116563914343715
"985",2014-01-02,0.0131579469889402
"986",2014-01-03,-0.0252730324864388
"987",2014-01-06,-0.0132724847644567
"988",2014-01-07,0.00217217113822699
"989",2014-01-08,-0.003764976747334
"990",2014-01-09,0.00151826627552509
"991",2014-01-10,0.000350024201907218
"992",2014-01-13,-0.00759252347052097
"993",2014-01-14,0.00506171304732561
"994",2014-01-15,-0.00653271842747927
"995",2014-01-16,-0.00293644540943205
"996",2014-01-17,-0.00541765568777919
"997",2014-01-20,-0.00817401986569166
"998",2014-01-21,0.00352821033447981
"999",2014-01-22,-0.00757668446749449
"1000",2014-01-23,-0.00798211805522442
"1001",2014-01-24,0.00807840377092361
"1002",2014-01-27,0.00462077185511589
"1003",2014-01-28,-0.00295612635090947
"1004",2014-01-29,0.00919196009635925
"1005",2014-01-30,-0.00483482889831066
"1006",2014-01-31,0.00369619950652122
"1007",2014-02-03,0.00909827835857868
"1008",2014-02-04,0.00256964797154069
"1009",2014-02-05,-0.00700081000104547
"1010",2014-02-06,0.0102717373520136
"1011",2014-02-07,-0.00168405845761299
"1012",2014-02-10,-0.0051865866407752
"1013",2014-02-11,-0.0026832576841116
"1014",2014-02-12,0.00476487819105387
"1015",2014-02-13,0.000237082131206989
"1016",2014-02-14,-0.00351264281198382
"1017",2014-02-17,-0.0067148869857192
"1018",2014-02-18,0.00685430131852627
"1019",2014-02-19,0.00179205788299441
"1020",2014-02-20,0.000513015314936638
"1021",2014-02-21,-0.00660418067127466
"1022",2014-02-24,-0.00714217964559793
"1023",2014-02-25,0.00119171198457479
"1024",2014-02-26,0.00378892594017088
"1025",2014-02-27,-0.00950191635638475
"1026",2014-02-28,0.00456174928694963
"1027",2014-03-06,0.000606702174991369
"1028",2014-03-07,0.00175039656460285
"1029",2014-03-10,0.00106467492878437
"1030",2014-03-11,0.00624647922813892
"1031",2014-03-12,0.00686136167496443
"1032",2014-03-13,0.0119685074314475
"1033",2014-03-14,0.00229960260912776
"1034",2014-03-17,0.00235658371821046
"1035",2014-03-18,-0.00376837328076363
"1036",2014-03-19,0.00141648203134537
"1037",2014-03-20,-0.00103089772164822
"1038",2014-03-21,0.00203523971140385
"1039",2014-03-24,0.00651775812730193
"1040",2014-03-25,0.00676629832014441
"1041",2014-03-26,0.0105673391371965
"1042",2014-03-27,-0.00383657030761242
"1043",2014-03-28,-0.00879740249365568
"1044",2014-03-31,-0.00435266084969044
"1045",2014-04-01,0.00340616563335061
"1046",2014-04-02,0.00498598348349333
"1047",2014-04-03,0.00172522477805614
"1048",2014-04-04,-0.00447256816551089
"1049",2014-04-07,-0.00413027917966247
"1050",2014-04-08,-0.00608137063682079
"1051",2014-04-09,-0.0076161315664649
"1052",2014-04-10,0.00206439103931189
"1053",2014-04-11,0.00449230894446373
"1054",2014-04-14,0.00230425503104925
"1055",2014-04-15,0.0115053886547685
"1056",2014-04-16,0.000278474763035774
"1057",2014-04-17,0.00702872453257442
"1058",2014-04-22,-0.000706129940226674
"1059",2014-04-23,0.00369583163410425
"1060",2014-04-24,-0.00529804220423102
"1061",2014-04-25,0.00838746037334204
"1062",2014-04-28,0.00214780075475574
"1063",2014-04-29,0.00658584758639336
"1064",2014-04-30,-0.00341616105288267
"1065",2014-05-02,0.000673189759254456
"1066",2014-05-05,-0.000849759206175804
"1067",2014-05-06,0.00320429098792374
"1068",2014-05-07,-0.0086369477212429
"1069",2014-05-08,0.00803754013031721
"1070",2014-05-09,-0.00132737029343843
"1071",2014-05-12,0.00314844492822886
"1072",2014-05-13,0.00857440941035748
"1073",2014-05-14,0.00354712130501866
"1074",2014-05-15,0.00281998608261347
"1075",2014-05-16,0.00249050930142403
"1076",2014-05-19,-0.012275786139071
"1077",2014-05-20,-0.00187560543417931
"1078",2014-05-21,0.00394027959555387
"1079",2014-05-22,0.00465637352317572
"1080",2014-05-23,-0.000557585968635976
"1081",2014-05-26,0.00250065559521317
"1082",2014-05-27,-0.00230260100215673
"1083",2014-05-28,-0.0023980401456356
"1084",2014-05-29,-0.00837698951363564
"1085",2014-05-30,0.00782833062112331
"1086",2014-06-02,0.0137508185580373
"1087",2014-06-03,0.00405852217227221
"1088",2014-06-04,0.00484816357493401
"1089",2014-06-05,0.000104883569292724
"1090",2014-06-06,-0.00519898440688848
"1091",2014-06-09,0.00367269478738308
"1092",2014-06-10,0.000153377186506987
"1093",2014-06-11,0.00425979867577553
"1094",2014-06-13,-0.00438672909513116
"1095",2014-06-16,-0.00533511536195874
"1096",2014-06-18,0.00214129034429789
"1097",2014-06-20,-0.00459074601531029
"1098",2014-06-24,0.00515719642862678
"1099",2014-06-25,0.000921413768082857
"1100",2014-06-26,-0.000927314336877316
"1101",2014-06-27,-0.00640478124842048
"1102",2014-06-30,0.00199119979515672
"1103",2014-07-01,-8.41794535517693e-05
"1104",2014-07-02,0.00545268319547176
"1105",2014-07-03,0.0104264859110117
"1106",2014-07-07,0.00850304402410984
"1107",2014-07-10,0.0235331617295742
"1108",2014-07-11,-0.00414949981495738
"1109",2014-07-14,0.00600091367959976
"1110",2014-07-15,0.00484249461442232
"1111",2014-07-16,0.00128199672326446
"1112",2014-07-17,-0.00540584744885564
"1113",2014-07-18,0.00990995392203331
"1114",2014-07-21,0.0140640791505575
"1115",2014-07-22,0.00152142252773046
"1116",2014-07-23,-0.00605909340083599
"1117",2014-07-24,-0.0027675237506628
"1118",2014-07-25,0.00361731299199164
"1119",2014-07-28,0.0100822132080793
"1120",2014-07-29,0.00480025168508291
"1121",2014-07-30,-0.0109071908518672
"1122",2014-07-31,-0.00123229343444109
"1123",2014-08-01,0.00561230257153511
"1124",2014-08-04,-0.00329960975795984
"1125",2014-08-05,-0.00144408643245697
"1126",2014-08-06,0.00234409281983972
"1127",2014-08-07,-0.00016486644744873
"1128",2014-08-08,-0.00668957456946373
"1129",2014-08-11,0.0120838358998299
"1130",2014-08-12,-0.00108414376154542
"1131",2014-08-13,0.00174070266075432
"1132",2014-08-14,-0.000393575057387352
"1133",2014-08-15,0.00457866583019495
"1134",2014-08-18,0.0144270434975624
"1135",2014-08-19,-0.00219290796667337
"1136",2014-08-20,-0.00301245856098831
"1137",2014-08-21,-0.00336339371278882
"1138",2014-08-22,-0.0022528818808496
"1139",2014-08-25,0.00829439889639616
"1140",2014-08-26,0.000237469095736742
"1141",2014-08-27,0.00967641361057758
"1142",2014-08-28,-0.0102449897676706
"1143",2014-08-29,-0.0014804657548666
"1144",2014-09-01,-0.0071101700887084
"1145",2014-09-02,-0.00560831464827061
"1146",2014-09-03,-0.000529982382431626
"1147",2014-09-04,-0.00342303235083818
"1148",2014-09-05,-0.000269502750597894
"1149",2014-09-08,0.00690507143735886
"1150",2014-09-09,0.00179193448275328
"1151",2014-09-10,0.00256481440737844
"1152",2014-09-11,-0.00124341226182878
"1153",2014-09-12,-0.00481461081653833
"1154",2014-09-15,0.00632695574313402
"1155",2014-09-16,0.0100422399118543
"1156",2014-09-17,-0.00823828764259815
"1157",2014-09-18,-0.00587813602760434
"1158",2014-09-19,-0.00937496963888407
"1159",2014-09-22,0.0078404862433672
"1160",2014-09-23,0.000961494632065296
"1161",2014-09-24,0.00883659720420837
"1162",2014-09-25,-0.00209333887323737
"1163",2014-09-26,0.00806303694844246
"1164",2014-09-29,0.00377888046205044
"1165",2014-09-30,0.00364913628436625
"1166",2014-10-01,0.0147189721465111
"1167",2014-10-02,0.00544975697994232
"1168",2014-10-03,0.00540611986070871
"1169",2014-10-06,0.00990898720920086
"1170",2014-10-07,0.00235569011420012
"1171",2014-10-08,0.0065229251049459
"1172",2014-10-09,0.00490964995697141
"1173",2014-10-10,-0.00493375957012177
"1174",2014-10-13,1.89878046512604e-05
"1175",2014-10-14,0.00631919642910361
"1176",2014-10-15,-0.00473308749496937
"1177",2014-10-16,0.00879712961614132
"1178",2014-10-17,0.00771145801991224
"1179",2014-10-20,-0.00350754801183939
"1180",2014-10-21,-0.000149047002196312
"1181",2014-10-22,0.000837342347949743
"1182",2014-10-23,-0.00299691222608089
"1183",2014-10-24,-0.00784767419099808
"1184",2014-10-27,0.0128784142434597
"1185",2014-10-28,0.00720314681529999
"1186",2014-10-29,-0.000885977409780025
"1187",2014-10-30,0.011401591822505
"1188",2014-10-31,-0.00316876918077469
"1189",2014-11-03,-0.00367013644427061
"1190",2014-11-04,-0.000769909471273422
"1191",2014-11-05,0.00301593542098999
"1192",2014-11-06,0.0066080167889595
"1193",2014-11-07,0.00622010929509997
"1194",2014-11-10,0.00453128665685654
"1195",2014-11-11,-0.000818581145722419
"1196",2014-11-12,-0.00426816567778587
"1197",2014-11-13,-0.00753756705671549
"1198",2014-11-14,0.0013938145712018
"1199",2014-11-17,0.00993015803396702
"1200",2014-11-18,0.00825824402272701
"1201",2014-11-19,-0.002534044906497
"1202",2014-11-21,0.0130364969372749
"1203",2014-11-24,-0.00225526629947126
"1204",2014-11-25,0.00369809661060572
"1205",2014-11-26,0.00168282212689519
"1206",2014-11-27,-0.00402648653835058
"1207",2014-11-28,-0.00696016103029251
"1208",2014-12-01,0.00132368132472038
"1209",2014-12-02,0.00688080722466111
"1210",2014-12-03,0.00085588451474905
"1211",2014-12-04,0.00800777226686478
"1212",2014-12-05,0.00446405494585633
"1213",2014-12-08,0.0137188155204058
"1214",2014-12-09,0.014834308065474
"1215",2014-12-10,0.0306237563490868
"1216",2014-12-11,0.0281173549592495
"1217",2014-12-12,0.00856400653719902
"1218",2014-12-15,0.00652594864368439
"1219",2014-12-16,-0.00886455364525318
"1220",2014-12-17,-0.00395386479794979
"1221",2014-12-18,-0.00593872927129269
"1222",2014-12-19,0.00792672671377659
"1223",2014-12-22,-0.00488350307568908
"1224",2014-12-23,-0.0126907825469971
"1225",2014-12-26,0.00331645784899592
"1226",2014-12-29,0.000329969450831413
"1227",2014-12-30,-0.00787948537617922
"1228",2015-01-02,-0.000932294875383377
"1229",2015-01-05,0.0225585959851742
"1230",2015-01-06,-0.00508617144078016
"1231",2015-01-07,-0.0136452242732048
"1232",2015-01-08,0.000516387633979321
"1233",2015-01-09,-0.0030269343405962
"1234",2015-01-12,0.017275508493185
"1235",2015-01-13,0.00755358161404729
"1236",2015-01-14,0.0247704237699509
"1237",2015-01-15,0.00610216613858938
"1238",2015-01-16,0.0151435984298587
"1239",2015-01-19,-0.00577419437468052
"1240",2015-01-20,0.000361403683200479
"1241",2015-01-21,-0.00380055606365204
"1242",2015-01-22,-0.0129618132486939
"1243",2015-01-23,0.011633763089776
"1244",2015-01-26,-0.000686834566295147
"1245",2015-01-27,0.0109690269455314
"1246",2015-01-28,0.00694964732974768
"1247",2015-01-29,0.00809281971305609
"1248",2015-01-30,0.00440731085836887
"1249",2015-02-02,-0.00536854285746813
"1250",2015-02-03,-0.0222932677716017
"1251",2015-02-04,-0.000175491441041231
"1252",2015-02-05,-0.0127181522548199
"1253",2015-02-06,-0.00127044878900051
"1254",2015-02-09,-0.00586670078337193
"1255",2015-02-10,-0.00217814650386572
"1256",2015-02-11,0.00495605450123549
"1257",2015-02-12,0.0225799232721329
"1258",2015-02-13,0.00441402290016413
"1259",2015-02-19,0.0133387669920921
"1260",2015-02-20,-0.00289017427712679
"1261",2015-02-23,0.0145627148449421
"1262",2015-02-24,-0.00376244634389877
"1263",2015-02-25,0.00772509118542075
"1264",2015-02-26,-0.0196050722151995
"1265",2015-02-27,-0.00623903330415487
"1266",2015-03-02,-0.00302175665274262
"1267",2015-03-03,-0.00284728407859802
"1268",2015-03-04,-0.00198750291019678
"1269",2015-03-05,0.00561212003231049
"1270",2015-03-06,0.00412185769528151
"1271",2015-03-09,-0.00457760691642761
"1272",2015-03-10,0.0061839553527534
"1273",2015-03-11,0.0114047843962908
"1274",2015-03-12,-6.29853457212448e-05
"1275",2015-03-13,-0.0182002335786819
"1276",2015-03-16,0.001427082112059
"1277",2015-03-17,-0.00448415149003267
"1278",2015-03-18,0.00806926749646664
"1279",2015-03-19,0.00989799201488495
"1280",2015-03-20,0.00699095893651247
"1281",2015-03-23,-0.00199186569079757
"1282",2015-03-24,-0.00754354521632195
"1283",2015-03-25,-0.00640853028744459
"1284",2015-03-26,-0.00438449997454882
"1285",2015-03-27,0.0130292326211929
"1286",2015-03-30,0.0172680858522654
"1287",2015-03-31,0.00997364707291126
"1288",2015-04-01,-0.00452268775552511
"1289",2015-04-02,-0.00103110074996948
"1290",2015-04-06,-0.00601588934659958
"1291",2015-04-07,0.00512537732720375
"1292",2015-04-08,0.00443712389096618
"1293",2015-04-09,-0.00329154171049595
"1294",2015-04-10,-0.00763725303113461
"1295",2015-04-13,-0.00402964744716883
"1296",2015-04-14,-0.00797928683459759
"1297",2015-04-15,-0.00789010338485241
"1298",2015-04-16,-0.00110449607018381
"1299",2015-04-17,-0.00705596571788192
"1300",2015-04-20,-0.00353368977084756
"1301",2015-04-22,-0.00688066799193621
"1302",2015-04-23,-0.00186983216553926
"1303",2015-04-24,-0.0148241268470883
"1304",2015-04-27,0.00464327167719603
"1305",2015-04-28,0.0141715472564101
"1306",2015-04-29,0.000348135596141219
"1307",2015-04-30,0.00488187419250607
"1308",2015-05-04,-0.00558447651565075
"1309",2015-05-05,-0.00266190012916923
"1310",2015-05-06,-0.00145316310226917
"1311",2015-05-07,0.0176454912871122
"1312",2015-05-08,0.0196459293365479
"1313",2015-05-11,0.00108170171733946
"1314",2015-05-12,0.00841789785772562
"1315",2015-05-13,0.00643632793799043
"1316",2015-05-14,0.000345864333212376
"1317",2015-05-15,-0.00573747139424086
"1318",2015-05-18,-0.0106330411508679
"1319",2015-05-19,0.00906566716730595
"1320",2015-05-20,-0.00357591710053384
"1321",2015-05-21,-0.0149922519922256
"1322",2015-05-22,0.00840343814343214
"1323",2015-05-25,0.00900538731366396
"1324",2015-05-26,6.81169331073761e-06
"1325",2015-05-27,0.00161711592227221
"1326",2015-05-28,-0.00214956281706691
"1327",2015-05-29,-0.00263847690075636
"1328",2015-06-01,0.00104325963184237
"1329",2015-06-02,-0.00758397579193115
"1330",2015-06-03,0.00642158836126328
"1331",2015-06-05,-0.00100368494167924
"1332",2015-06-08,0.00745309982448816
"1333",2015-06-09,0.00247468124143779
"1334",2015-06-10,0.00217255344614387
"1335",2015-06-11,-0.00591144897043705
"1336",2015-06-12,0.00287270592525601
"1337",2015-06-15,0.00834439508616924
"1338",2015-06-16,0.0113475956022739
"1339",2015-06-17,0.000608664471656084
"1340",2015-06-18,0.000616546720266342
"1341",2015-06-19,-0.00105801317840815
"1342",2015-06-22,0.00411227159202099
"1343",2015-06-23,0.00113164389040321
"1344",2015-06-24,-0.00691135367378592
"1345",2015-06-25,0.0161119643598795
"1346",2015-06-26,0.00247381255030632
"1347",2015-06-29,0.00765118934214115
"1348",2015-06-30,0.0116405552253127
"1349",2015-07-01,0.00965924747288227
"1350",2015-07-02,0.00421970663592219
"1351",2015-07-03,0.0177825707942247
"1352",2015-07-06,0.00802263244986534
"1353",2015-07-07,0.012775668874383
"1354",2015-07-08,-0.00352477817796171
"1355",2015-07-10,0.00323372334241867
"1356",2015-07-13,-0.00715914368629456
"1357",2015-07-14,0.0120030390098691
"1358",2015-07-15,0.00513135921210051
"1359",2015-07-16,-0.0011828956194222
"1360",2015-07-17,0.0100014097988605
"1361",2015-07-20,0.0168811678886414
"1362",2015-07-21,0.00338822859339416
"1363",2015-07-22,0.00596301071345806
"1364",2015-07-23,-0.00686824880540371
"1365",2015-07-24,0.0158349424600601
"1366",2015-07-27,0.00931680202484131
"1367",2015-07-28,-0.00704903015866876
"1368",2015-07-29,0.012200279161334
"1369",2015-07-30,0.00827071163803339
"1370",2015-07-31,0.0131105780601501
"1371",2015-08-03,0.0062436293810606
"1372",2015-08-04,-0.00147513137198985
"1373",2015-08-05,-0.00625140964984894
"1374",2015-08-06,0.0017524678260088
"1375",2015-08-07,0.00588966999202967
"1376",2015-08-10,0.00299976603128016
"1377",2015-08-11,0.00783222913742065
"1378",2015-08-12,-0.00837348215281963
"1379",2015-08-13,0.0103216059505939
"1380",2015-08-14,0.00696120131760836
"1381",2015-08-17,0.0206401851028204
"1382",2015-08-18,0.0217740889638662
"1383",2015-08-19,0.00491982605308294
"1384",2015-08-20,-0.00561166368424892
"1385",2015-08-21,0.0114494869485497
"1386",2015-08-24,0.0233699902892113
"1387",2015-08-25,0.00243327207863331
"1388",2015-08-26,0.00299681164324284
"1389",2015-08-27,-0.00760871917009354
"1390",2015-08-28,-0.0116483187302947
"1391",2015-08-31,-0.0138799138367176
"1392",2015-09-01,0.00958754681050777
"1393",2015-09-02,-0.00289401831105351
"1394",2015-09-03,0.0106327794492245
"1395",2015-09-04,-0.00019319262355566
"1396",2015-09-08,0.00341954687610269
"1397",2015-09-09,0.00235312362201512
"1398",2015-09-10,-0.00139953126199543
"1399",2015-09-11,-0.00381405209191144
"1400",2015-09-14,0.0175842251628637
"1401",2015-09-15,0.00270712981000543
"1402",2015-09-16,-0.016126049682498
"1403",2015-09-17,-0.0115702357143164
"1404",2015-09-18,-0.00828278530389071
"1405",2015-09-21,0.018844336271286
"1406",2015-09-22,0.026052949950099
"1407",2015-09-23,0.0173305906355381
"1408",2015-09-24,-0.019161032512784
"1409",2015-09-25,-0.0025537614710629
"1410",2015-09-28,-7.13234767317772e-05
"1411",2015-09-29,0.00868107378482819
"1412",2015-09-30,0.00149607937783003
"1413",2015-10-01,0.0162749961018562
"1414",2015-10-02,-0.00818074308335781
"1415",2015-10-05,-0.0254451241344213
"1416",2015-10-06,-0.0291686020791531
"1417",2015-10-07,-0.0317140743136406
"1418",2015-10-08,-0.0138266403228045
"1419",2015-10-09,-0.0207410417497158
"1420",2015-10-13,0.0366432517766953
"1421",2015-10-14,-0.00311851501464844
"1422",2015-10-15,-0.00318722287192941
"1423",2015-10-16,0.0123181520029902
"1424",2015-10-19,0.0188151728361845
"1425",2015-10-20,-0.00145700853317976
"1426",2015-10-21,0.00962792057543993
"1427",2015-10-22,0.00960706267505884
"1428",2015-10-23,-0.00163812900427729
"1429",2015-10-26,0.000938798766583204
"1430",2015-10-27,0.0150860110297799
"1431",2015-10-28,0.00981633830815554
"1432",2015-10-29,-0.00229380931705236
"1433",2015-10-30,-0.00341029069386423
"1434",2015-11-03,-0.00712705217301846
"1435",2015-11-04,-0.00426018377766013
"1436",2015-11-05,-0.00577151495963335
"1437",2015-11-06,0.00292224995791912
"1438",2015-11-09,-0.0149677805602551
"1439",2015-11-10,0.017649432644248
"1440",2015-11-11,-0.00668957456946373
"1441",2015-11-12,0.0121557442471385
"1442",2015-11-13,0.0131238652393222
"1443",2015-11-16,0.00280985375866294
"1444",2015-11-17,0.00368162733502686
"1445",2015-11-18,0.00435655936598778
"1446",2015-11-19,-0.00273034162819386
"1447",2015-11-23,0.0171308871358633
"1448",2015-11-24,-0.00732341129332781
"1449",2015-11-25,0.0103159714490175
"1450",2015-11-26,0.0144058205187321
"1451",2015-11-27,0.0122854029759765
"1452",2015-11-30,0.0224053245037794
"1453",2015-12-01,0.00891228951513767
"1454",2015-12-02,-0.00443780981004238
"1455",2015-12-03,-0.00606852397322655
"1456",2015-12-04,0.0148127870634198
"1457",2015-12-07,0.0227311607450247
"1458",2015-12-08,0.00690069049596786
"1459",2015-12-09,-0.00311948731541634
"1460",2015-12-10,0.00807700306177139
"1461",2015-12-11,0.00269826035946608
"1462",2015-12-14,0.00407960265874863
"1463",2015-12-15,-0.00977940298616886
"1464",2015-12-16,-0.0066361422650516
"1465",2015-12-17,-0.00433600880205631
"1466",2015-12-18,-0.00225124880671501
"1467",2015-12-21,0.00259916624054313
"1468",2015-12-22,0.0109134837985039
"1469",2015-12-23,-0.00277885515242815
"1470",2015-12-28,-0.0109301898628473
"1471",2015-12-29,0.00314626703038812
"1472",2015-12-30,-0.00929843913763762
"1473",2016-01-04,-0.00512157566845417
"1474",2016-01-05,0.0214051380753517
"1475",2016-01-06,0.0288717355579138
"1476",2016-01-07,0.0179538913071156
"1477",2016-01-08,0.0011190555524081
"1478",2016-01-11,0.0151607943698764
"1479",2016-01-12,0.0210697036236525
"1480",2016-01-13,0.0195687301456928
"1481",2016-01-14,-0.00206455797888339
"1482",2016-01-15,-0.00887333136051893
"1483",2016-01-18,0.00229939911514521
"1484",2016-01-19,0.0139384968206286
"1485",2016-01-20,0.0184938628226519
"1486",2016-01-21,0.0233160853385925
"1487",2016-01-22,0.0191792473196983
"1488",2016-01-26,0.00189822353422642
"1489",2016-01-27,-0.00830561481416225
"1490",2016-01-28,0.00709065748378634
"1491",2016-01-29,-0.0138928331434727
"1492",2016-02-01,-0.0459419228136539
"1493",2016-02-02,0.0125059951096773
"1494",2016-02-03,-0.0322260744869709
"1495",2016-02-04,-0.0477198362350464
"1496",2016-02-05,-0.0174560248851776
"1497",2016-02-11,0.017388928681612
"1498",2016-02-12,-0.0146240424364805
"1499",2016-02-15,-0.00999929569661617
"1500",2016-02-16,-0.039536364376545
"1501",2016-02-17,0.0097747789695859
"1502",2016-02-18,0.0208150874823332
"1503",2016-02-19,0.0014847272541374
"1504",2016-02-22,-0.00611160695552826
"1505",2016-02-23,0.00328980665653944
"1506",2016-02-24,-0.00541616650298238
"1507",2016-02-25,0.0191816184669733
"1508",2016-02-26,-0.0117168389260769
"1509",2016-02-29,-0.000622861087322235
"1510",2016-03-01,-0.0254526883363724
"1511",2016-03-02,-0.0264477990567684
"1512",2016-03-03,-0.0818813517689705
"1513",2016-03-04,-0.0356660969555378
"1514",2016-03-07,-0.00998940598219633
"1515",2016-03-08,-0.0152574880048633
"1516",2016-03-09,-0.00715251546353102
"1517",2016-03-10,-0.0189900640398264
"1518",2016-03-11,-0.012053219601512
"1519",2016-03-14,0.0218911599367857
"1520",2016-03-15,0.0527939312160015
"1521",2016-03-16,-0.0147896371781826
"1522",2016-03-17,-0.0449675805866718
"1523",2016-03-18,-0.0102723333984613
"1524",2016-03-21,-0.0085274912416935
"1525",2016-03-22,-0.00854332279413939
"1526",2016-03-23,0.0272315740585327
"1527",2016-03-24,-0.00789579283446074
"1528",2016-03-28,-0.0138143105432391
"1529",2016-03-29,-0.0088233333081007
"1530",2016-03-30,-0.00662353308871388
"1531",2016-03-31,0.00226704590022564
"1532",2016-04-01,-0.0162317808717489
"1533",2016-04-04,0.0230919551104307
"1534",2016-04-05,0.00334200798533857
"1535",2016-04-06,0.0113582769408822
"1536",2016-04-07,0.0208625160157681
"1537",2016-04-08,-0.0437714271247387
"1538",2016-04-11,-0.0187565721571445
"1539",2016-04-12,-0.0275215562433004
"1540",2016-04-13,-0.0297891478985548
"1541",2016-04-14,0.0239698998630047
"1542",2016-04-15,-0.00830502714961767
"1543",2016-04-18,0.00165442680008709
"1544",2016-04-19,-0.0139524843543768
"1545",2016-04-20,-0.00210152100771666
"1546",2016-04-22,0.0138435894623399
"1547",2016-04-25,0.0187510587275028
"1548",2016-04-26,-0.0138339186087251
"1549",2016-04-27,-0.00416457280516624
"1550",2016-04-28,-0.00128327263519168
"1551",2016-04-29,-0.00932647846639156
"1552",2016-05-02,0.000647616165224463
"1553",2016-05-03,0.0164685808122158
"1554",2016-05-04,-0.0136886117979884
"1555",2016-05-05,0.016234777867794
"1556",2016-05-06,-0.0141060296446085
"1557",2016-05-09,0.0136583987623453
"1558",2016-05-10,-0.0155145563185215
"1559",2016-05-11,-0.000651337206363678
"1560",2016-05-12,0.00655581662431359
"1561",2016-05-13,0.0132650919258595
"1562",2016-05-16,0.0146822817623615
"1563",2016-05-17,0.0104645630344748
"1564",2016-05-18,0.0087073165923357
"1565",2016-05-19,0.0102765057235956
"1566",2016-05-20,0.00565557274967432
"1567",2016-05-23,0.00855117477476597
"1568",2016-05-24,-0.00259295105934143
"1569",2016-05-25,-0.010589461773634
"1570",2016-05-27,0.00792430806905031
"1571",2016-05-30,-0.00195806217379868
"1572",2016-05-31,0.0131275281310081
"1573",2016-06-01,-0.00764817418530583
"1574",2016-06-02,-0.0170014500617981
"1575",2016-06-03,-0.00607292400673032
"1576",2016-06-06,-0.00750439474359155
"1577",2016-06-07,-0.00268915062770247
"1578",2016-06-08,-0.0166161172091961
"1579",2016-06-09,0.00370780634693801
"1580",2016-06-10,0.00636753812432289
"1581",2016-06-13,0.00221750652417541
"1582",2016-06-14,0.00879001803696156
"1583",2016-06-15,-0.0136131653562188
"1584",2016-06-16,0.00461634946987033
"1585",2016-06-17,-0.00368263898417354
"1586",2016-06-20,0.00376644544303417
"1587",2016-06-21,0.000321545638144016
"1588",2016-06-22,-0.00821940787136555
"1589",2016-06-23,-0.0165740679949522
"1590",2016-06-24,0.00392587669193745
"1591",2016-06-27,0.0116631612181664
"1592",2016-06-28,-0.00417923461645842
"1593",2016-06-29,-0.0103249326348305
"1594",2016-06-30,-0.00498476531356573
"1595",2016-07-01,-0.0030350461602211
"1596",2016-07-04,-0.000637765973806381
"1597",2016-07-05,0.00198258692398667
"1598",2016-07-06,-0.00768453162163496
"1599",2016-07-07,0.00246729422360659
"1600",2016-07-08,-0.000795088708400726
"1601",2016-07-11,-0.0116845974698663
"1602",2016-07-12,-0.0184578262269497
"1603",2016-07-13,-0.0154707804322243
"1604",2016-07-14,-0.0131025901064277
"1605",2016-07-15,-0.0142258023843169
"1606",2016-07-18,-0.0133847612887621
"1607",2016-07-19,0.00199374929070473
"1608",2016-07-20,-0.00865661539137363
"1609",2016-07-21,-0.0142859546467662
"1610",2016-07-22,0.00692157261073589
"1611",2016-07-25,0.0119437547400594
"1612",2016-07-26,0.0025724284350872
"1613",2016-07-27,0.00302261230535805
"1614",2016-07-28,0.00976570881903172
"1615",2016-07-29,-0.0129059320315719
"1616",2016-08-01,0.00230136513710022
"1617",2016-08-02,0.0040957173332572
"1618",2016-08-03,-0.0136888148263097
"1619",2016-08-04,0.00396340526640415
"1620",2016-08-05,0.00466654030606151
"1621",2016-08-08,-0.00084467139095068
"1622",2016-08-09,-0.00194126833230257
"1623",2016-08-10,-0.00427211821079254
"1624",2016-08-11,-0.0129789020866156
"1625",2016-08-12,0.000910885632038116
"1626",2016-08-15,-0.0106643168255687
"1627",2016-08-16,-0.00932140089571476
"1628",2016-08-17,-0.00546628423035145
"1629",2016-08-18,-0.00696375593543053
"1630",2016-08-19,-0.00491940742358565
"1631",2016-08-22,0.000875538215041161
"1632",2016-08-23,-0.0022994177415967
"1633",2016-08-24,0.00153725268319249
"1634",2016-08-25,0.0045142499729991
"1635",2016-08-26,-0.00167688308283687
"1636",2016-08-29,0.00170598365366459
"1637",2016-08-30,0.0119798965752125
"1638",2016-08-31,-0.00230872095562518
"1639",2016-09-01,0.000510452780872583
"1640",2016-09-02,-0.00690557435154915
"1641",2016-09-05,-0.00615422707051039
"1642",2016-09-06,0.0117912860587239
"1643",2016-09-08,-0.0017081038095057
"1644",2016-09-09,-0.00765426829457283
"1645",2016-09-12,0.00594512373209
"1646",2016-09-13,-0.00509133189916611
"1647",2016-09-14,-0.000699185999110341
"1648",2016-09-15,-0.00334090180695057
"1649",2016-09-16,0.00532085448503494
"1650",2016-09-19,0.0125841898843646
"1651",2016-09-20,0.0111726652830839
"1652",2016-09-21,0.0137830516323447
"1653",2016-09-22,-0.00159466173499823
"1654",2016-09-23,-0.0155951334163547
"1655",2016-09-26,0.00576040055602789
"1656",2016-09-27,0.00489344634115696
"1657",2016-09-28,0.00694563053548336
"1658",2016-09-29,-0.00286798272281885
"1659",2016-09-30,-0.00312239886261523
"1660",2016-10-03,0.00707641430199146
"1661",2016-10-04,0.00500138662755489
"1662",2016-10-05,0.00105862598866224
"1663",2016-10-06,-0.00156048755161464
"1664",2016-10-07,0.000385543797165155
"1665",2016-10-10,0.000967755913734436
"1666",2016-10-11,-0.000685013830661774
"1667",2016-10-13,0.00675195595249534
"1668",2016-10-14,0.0031268117018044
"1669",2016-10-17,0.00682389363646507
"1670",2016-10-18,0.00527506414800882
"1671",2016-10-19,-0.00738292001187801
"1672",2016-10-20,-0.00430606491863728
"1673",2016-10-21,-0.00782698765397072
"1674",2016-10-24,-0.000368634704500437
"1675",2016-10-25,-0.00769974337890744
"1676",2016-10-26,0.00216225022450089
"1677",2016-10-27,0.012517599388957
"1678",2016-10-28,-0.00546861067414284
"1679",2016-10-31,0.000189162790775299
"1680",2016-11-01,-0.0174269154667854
"1681",2016-11-03,-0.000170355662703514
"1682",2016-11-04,0.00628759060055017
"1683",2016-11-07,0.00282810628414154
"1684",2016-11-08,0.00449166167527437
"1685",2016-11-09,0.00375001505017281
"1686",2016-11-10,-0.0173088815063238
"1687",2016-11-11,-0.015996752306819
"1688",2016-11-14,0.0122321024537086
"1689",2016-11-16,0.0158121194690466
"1690",2016-11-17,-0.0161166340112686
"1691",2016-11-18,0.00354591896757483
"1692",2016-11-21,0.0114011066034436
"1693",2016-11-22,0.00353521015495062
"1694",2016-11-23,-0.0169447548687458
"1695",2016-11-24,-0.000733077467884868
"1696",2016-11-25,-0.0026020125951618
"1697",2016-11-28,0.00243917852640152
"1698",2016-11-29,-0.0110873291268945
"1699",2016-11-30,0.0106351571157575
"1700",2016-12-01,-0.0132732558995485
"1701",2016-12-02,-0.00210006861016154
"1702",2016-12-05,0.00289198476821184
"1703",2016-12-06,-0.00581716187298298
"1704",2016-12-07,-0.000469428487122059
"1705",2016-12-08,0.00447377748787403
"1706",2016-12-09,-0.00489531364291906
"1707",2016-12-12,-0.00198919512331486
"1708",2016-12-13,-0.00793448369950056
"1709",2016-12-14,-0.0165553297847509
"1710",2016-12-15,0.00793009344488382
"1711",2016-12-16,-0.0157223772257566
"1712",2016-12-19,3.77222895622253e-05
"1713",2016-12-20,0.00378284184262156
"1714",2016-12-21,0.00118691381067038
"1715",2016-12-22,-0.00376418931409717
"1716",2016-12-23,0.00580137223005295
"1717",2016-12-26,0.00183109566569328
"1718",2016-12-27,0.00640643015503883
"1719",2016-12-28,0.00332256965339184
"1720",2016-12-29,0.00300448527559638
