"","date","Risk_free"
"1",2010-01-04,0.000328901223838329
"2",2010-01-05,0.000329631904605776
"3",2010-01-06,0.000328901223838329
"4",2010-01-07,0.000328535796143115
"5",2010-01-08,0.000328535796143115
"6",2010-01-11,0.000329266593325883
"7",2010-01-12,0.000329631904605776
"8",2010-01-13,0.000329266593325883
"9",2010-01-14,0.000329631904605776
"10",2010-01-15,0.000329631904605776
"11",2010-01-18,0.000329997215885669
"12",2010-01-19,0.000329631904605776
"13",2010-01-20,0.000329997215885669
"14",2010-01-21,0.000329631904605776
"15",2010-01-22,0.000329631904605776
"16",2010-01-26,0.000329631904605776
"17",2010-01-27,0.000330362498061731
"18",2010-01-28,0.000328535796143115
"19",2010-01-29,0.000328901223838329
"20",2010-02-01,0.000328901223838329
"21",2010-02-02,0.000328901223838329
"22",2010-02-03,0.000329266593325883
"23",2010-02-04,0.000329266593325883
"24",2010-02-05,0.000329266593325883
"25",2010-02-08,0.000329266593325883
"26",2010-02-09,0.000329631904605776
"27",2010-02-10,0.000329997215885669
"28",2010-02-11,0.000330362498061731
"29",2010-02-12,0.000329631904605776
"30",2010-02-18,0.000330727722030133
"31",2010-02-19,0.000331092916894704
"32",2010-02-22,0.000331823219312355
"33",2010-02-23,0.000331823219312355
"34",2010-02-25,0.000332553405314684
"35",2010-02-26,0.000333283445797861
"36",2010-03-01,0.000333283445797861
"37",2010-03-02,0.000333648407831788
"38",2010-03-03,0.000334378244588152
"39",2010-03-04,0.000333648407831788
"40",2010-03-05,0.000333283445797861
"41",2010-03-08,0.000334013340761885
"42",2010-03-09,0.000334013340761885
"43",2010-03-10,0.000335107935825363
"44",2010-03-11,0.000337296252837405
"45",2010-03-12,0.000336566939949989
"46",2010-03-15,0.000337296252837405
"47",2010-03-16,0.000338025420205668
"48",2010-03-17,0.000335837510647252
"49",2010-03-18,0.000329266593325883
"50",2010-03-19,0.000329266593325883
"51",2010-03-22,0.000329266593325883
"52",2010-03-23,0.000329266593325883
"53",2010-03-24,0.000329266593325883
"54",2010-03-25,0.000329631904605776
"55",2010-03-26,0.000329997215885669
"56",2010-03-29,0.000329631904605776
"57",2010-03-30,0.000329631904605776
"58",2010-03-31,0.000329631904605776
"59",2010-04-01,0.000329997215885669
"60",2010-04-05,0.000331823219312355
"61",2010-04-06,0.000332918425556272
"62",2010-04-07,0.000334378244588152
"63",2010-04-08,0.000335472752340138
"64",2010-04-09,0.000336202239850536
"65",2010-04-12,0.000338025420205668
"66",2010-04-13,0.000339847756549716
"67",2010-04-14,0.000341305043548346
"68",2010-04-15,0.000342397630447522
"69",2010-04-16,0.000342397630447522
"70",2010-04-19,0.000344945874530822
"71",2010-04-20,0.000344945874530822
"72",2010-04-22,0.000345673644915223
"73",2010-04-23,0.000347128778230399
"74",2010-04-26,0.000350037473253906
"75",2010-04-27,0.000350400921888649
"76",2010-04-28,0.000352217612089589
"77",2010-04-29,0.000355485564796254
"78",2010-04-30,0.000355485564796254
"79",2010-05-03,0.000356937118340284
"80",2010-05-04,0.000358388177119195
"81",2010-05-05,0.000358388177119195
"82",2010-05-06,0.000358750839950517
"83",2010-05-07,0.000359113473678008
"84",2010-05-10,0.000360926205758005
"85",2010-05-11,0.000362013437552378
"86",2010-05-12,0.000363100378308445
"87",2010-05-13,0.000364187028026208
"88",2010-05-14,0.000364187028026208
"89",2010-05-17,0.000365635438356549
"90",2010-05-18,0.00036635942524299
"91",2010-05-19,0.00036708329571411
"92",2010-05-20,0.000367807049769908
"93",2010-05-21,0.000368168868590146
"94",2010-05-24,0.000369254121324047
"95",2010-05-25,0.000369254121324047
"96",2010-05-26,0.000370339112123474
"97",2010-05-27,0.000372146721929312
"98",2010-05-28,0.000372508162399754
"99",2010-05-31,0.000373230897821486
"100",2010-06-01,0.000374314811779186
"101",2010-06-02,0.000376481679268181
"102",2010-06-04,0.000377564691007137
"103",2010-06-07,0.000380090554244816
"104",2010-06-08,0.000381893769372255
"105",2010-06-09,0.00038369616959244
"106",2010-06-10,0.000385857973014936
"107",2010-06-11,0.000385857973014936
"108",2010-06-14,0.000386218132916838
"109",2010-06-15,0.000387298496207222
"110",2010-06-16,0.000387298496207222
"111",2010-06-17,0.000387658568797633
"112",2010-06-18,0.000387658568797633
"113",2010-06-21,0.000388018583180383
"114",2010-06-22,0.000388378568459302
"115",2010-06-23,0.000389098451705649
"116",2010-06-24,0.000389098451705649
"117",2010-06-25,0.000389458349673077
"118",2010-06-28,0.000390178029192612
"119",2010-06-29,0.000390897592296824
"120",2010-06-30,0.000390897592296824
"121",2010-07-01,0.000391617038985714
"122",2010-07-02,0.000390897592296824
"123",2010-07-05,0.000393055495806038
"124",2010-07-06,0.000394852861063555
"125",2010-07-07,0.000395571551052853
"126",2010-07-08,0.000397008610889316
"127",2010-07-12,0.000398804171709344
"128",2010-07-13,0.000400240067392588
"129",2010-07-14,0.000400957796955481
"130",2010-07-15,0.000402034173021093
"131",2010-07-16,0.000401675410103053
"132",2010-07-19,0.000402392906835303
"133",2010-07-20,0.000402034173021093
"134",2010-07-21,0.0004031102580484
"135",2010-07-22,0.000401316618081182
"136",2010-07-23,0.000401316618081182
"137",2010-07-26,0.000401316618081182
"138",2010-07-27,0.000401316618081182
"139",2010-07-28,0.000401316618081182
"140",2010-07-29,0.000400957796955481
"141",2010-07-30,0.000400957796955481
"142",2010-08-02,0.000400957796955481
"143",2010-08-03,0.000401675410103053
"144",2010-08-04,0.000402034173021093
"145",2010-08-05,0.000402034173021093
"146",2010-08-06,0.000402034173021093
"147",2010-08-09,0.000402034173021093
"148",2010-08-10,0.000402392906835303
"149",2010-08-11,0.000402751582441851
"150",2010-08-12,0.000402751582441851
"151",2010-08-13,0.000402751582441851
"152",2010-08-16,0.000402751582441851
"153",2010-08-17,0.000402751582441851
"154",2010-08-18,0.000402751582441851
"155",2010-08-19,0.000402034173021093
"156",2010-08-20,0.000401675410103053
"157",2010-08-23,0.000402034173021093
"158",2010-08-24,0.000402034173021093
"159",2010-08-25,0.000401675410103053
"160",2010-08-26,0.000402034173021093
"161",2010-08-27,0.000402392906835303
"162",2010-08-30,0.000402392906835303
"163",2010-08-31,0.000402034173021093
"164",2010-09-01,0.000402034173021093
"165",2010-09-02,0.000401316618081182
"166",2010-09-03,0.000401316618081182
"167",2010-09-06,0.000401316618081182
"168",2010-09-08,0.00040059894672595
"169",2010-09-09,0.000400957796955481
"170",2010-09-10,0.000400957796955481
"171",2010-09-13,0.00040059894672595
"172",2010-09-14,0.000400957796955481
"173",2010-09-15,0.00040059894672595
"174",2010-09-16,0.00040059894672595
"175",2010-09-17,0.000400957796955481
"176",2010-09-20,0.00040059894672595
"177",2010-09-21,0.00040059894672595
"178",2010-09-22,0.000400957796955481
"179",2010-09-23,0.00040059894672595
"180",2010-09-24,0.00040059894672595
"181",2010-09-27,0.000400957796955481
"182",2010-09-28,0.000400957796955481
"183",2010-09-29,0.000400957796955481
"184",2010-09-30,0.000401316618081182
"185",2010-10-01,0.000401316618081182
"186",2010-10-04,0.000400957796955481
"187",2010-10-05,0.000401316618081182
"188",2010-10-06,0.000401316618081182
"189",2010-10-07,0.00040059894672595
"190",2010-10-08,0.000400957796955481
"191",2010-10-11,0.000400957796955481
"192",2010-10-13,0.00040059894672595
"193",2010-10-14,0.000400957796955481
"194",2010-10-15,0.000400957796955481
"195",2010-10-18,0.000400957796955481
"196",2010-10-19,0.000400957796955481
"197",2010-10-20,0.000400957796955481
"198",2010-10-21,0.000401316618081182
"199",2010-10-22,0.000401316618081182
"200",2010-10-25,0.000401675410103053
"201",2010-10-26,0.000401316618081182
"202",2010-10-27,0.000401316618081182
"203",2010-10-28,0.000401316618081182
"204",2010-10-29,0.000401675410103053
"205",2010-11-01,0.000401675410103053
"206",2010-11-03,0.000401316618081182
"207",2010-11-04,0.000401316618081182
"208",2010-11-05,0.000401675410103053
"209",2010-11-08,0.000401675410103053
"210",2010-11-09,0.000401316618081182
"211",2010-11-10,0.000401316618081182
"212",2010-11-11,0.000401675410103053
"213",2010-11-12,0.000401675410103053
"214",2010-11-16,0.000402034173021093
"215",2010-11-17,0.000402034173021093
"216",2010-11-18,0.000402034173021093
"217",2010-11-19,0.000402392906835303
"218",2010-11-22,0.000402751582441851
"219",2010-11-23,0.0004031102580484
"220",2010-11-24,0.0004031102580484
"221",2010-11-25,0.000403468875447288
"222",2010-11-26,0.000405619997764006
"223",2010-11-29,0.000404544582124799
"224",2010-11-30,0.000403827492846176
"225",2010-12-01,0.00040597838233225
"226",2010-12-02,0.000408486317610368
"227",2010-12-03,0.0004031102580484
"228",2010-12-06,0.000404186052037403
"229",2010-12-07,0.000404186052037403
"230",2010-12-08,0.000405619997764006
"231",2010-12-09,0.000402392906835303
"232",2010-12-10,0.000402751582441851
"233",2010-12-13,0.000402751582441851
"234",2010-12-14,0.000402751582441851
"235",2010-12-15,0.0004031102580484
"236",2010-12-16,0.0004031102580484
"237",2010-12-17,0.000403468875447288
"238",2010-12-20,0.000403827492846176
"239",2010-12-21,0.000404544582124799
"240",2010-12-22,0.000405261554988101
"241",2010-12-23,0.000405261554988101
"242",2010-12-27,0.000405619997764006
"243",2010-12-28,0.000405261554988101
"244",2010-12-29,0.000406336766900495
"245",2010-12-30,0.00040597838233225
"246",2011-01-03,0.000408128136768937
"247",2011-01-04,0.000408844469347969
"248",2011-01-05,0.000409918720833957
"249",2011-01-06,0.000410634704167023
"250",2011-01-07,0.000411350600188598
"251",2011-01-10,0.000412424153182656
"252",2011-01-11,0.000412781955674291
"253",2011-01-12,0.000414212816394866
"254",2011-01-13,0.000415285612689331
"255",2011-01-14,0.000416358117945492
"256",2011-01-17,0.000417787698097527
"257",2011-01-18,0.000418145005824044
"258",2011-01-19,0.000419573916587979
"259",2011-01-20,0.000419216754380614
"260",2011-01-21,0.000419216754380614
"261",2011-01-24,0.000419216754380614
"262",2011-01-26,0.000419216754380614
"263",2011-01-27,0.000419216754380614
"264",2011-01-28,0.000419216754380614
"265",2011-01-31,0.000420288211898878
"266",2011-02-01,0.000421002332586795
"267",2011-02-02,0.000421716365963221
"268",2011-02-03,0.000422430253820494
"269",2011-02-04,0.000422430253820494
"270",2011-02-07,0.000422787154093385
"271",2011-02-08,0.000423500838223845
"272",2011-02-09,0.000424214405938983
"273",2011-02-10,0.000424927857238799
"274",2011-02-11,0.000425284524681047
"275",2011-02-14,0.000427067396230996
"276",2011-02-15,0.000427780323661864
"277",2011-02-16,0.00042849313467741
"278",2011-02-17,0.000429562089266255
"279",2011-02-18,0.000429918349254876
"280",2011-02-21,0.000431699154432863
"281",2011-02-22,0.000432767265010625
"282",2011-02-23,0.000434190966188908
"283",2011-02-24,0.000437036826042458
"284",2011-02-25,0.000437036826042458
"285",2011-02-28,0.000436325557529926
"286",2011-03-01,0.000436681206338108
"287",2011-03-02,0.000437747978139669
"288",2011-03-03,0.000437747978139669
"289",2011-03-04,0.000437747978139669
"290",2011-03-10,0.000438459013821557
"291",2011-03-11,0.000438459013821557
"292",2011-03-14,0.000438814458902925
"293",2011-03-15,0.000438814458902925
"294",2011-03-16,0.000439169903984293
"295",2011-03-17,0.000439169903984293
"296",2011-03-18,0.000439169903984293
"297",2011-03-21,0.000439169903984293
"298",2011-03-22,0.000439169903984293
"299",2011-03-23,0.000439525290858001
"300",2011-03-24,0.000439880677731708
"301",2011-03-25,0.000439880677731708
"302",2011-03-28,0.000440236006397754
"303",2011-03-29,0.00044059130595997
"304",2011-03-30,0.000439880677731708
"305",2011-03-31,0.000439880677731708
"306",2011-04-01,0.00044059130595997
"307",2011-04-04,0.00044130181777291
"308",2011-04-05,0.000442367367213592
"309",2011-04-06,0.000442722463048995
"310",2011-04-07,0.000443077558884397
"311",2011-04-08,0.000443432596512139
"312",2011-04-11,0.00044556226930581
"313",2011-04-12,0.00044556226930581
"314",2011-04-13,0.000446271878900006
"315",2011-04-14,0.00044556226930581
"316",2011-04-15,0.000446626654593274
"317",2011-04-18,0.000447690777946264
"318",2011-04-19,0.000447690777946264
"319",2011-04-20,0.000448400009190664
"320",2011-04-25,0.000446271878900006
"321",2011-04-26,0.000446271878900006
"322",2011-04-27,0.000446271878900006
"323",2011-04-28,0.000446271878900006
"324",2011-04-29,0.000446271878900006
"325",2011-05-02,0.000446271878900006
"326",2011-05-03,0.000446626654593274
"327",2011-05-04,0.000446981401182711
"328",2011-05-05,0.000446981401182711
"329",2011-05-06,0.000446981401182711
"330",2011-05-09,0.000447690777946264
"331",2011-05-10,0.000447690777946264
"332",2011-05-11,0.000448400009190664
"333",2011-05-12,0.000448400009190664
"334",2011-05-13,0.000448400009190664
"335",2011-05-16,0.000448754610260949
"336",2011-05-17,0.000448754610260949
"337",2011-05-18,0.000449109153123572
"338",2011-05-19,0.000449463666882366
"339",2011-05-20,0.000449818151537329
"340",2011-05-23,0.000450172607088462
"341",2011-05-24,0.000450527004431933
"342",2011-05-25,0.000450881401775405
"343",2011-05-26,0.000450881401775405
"344",2011-05-27,0.000450881401775405
"345",2011-05-30,0.000451235770015046
"346",2011-05-31,0.000451590080047026
"347",2011-06-01,0.000451944390079007
"348",2011-06-02,0.000452652864623815
"349",2011-06-03,0.000453007087344304
"350",2011-06-06,0.000453715387266129
"351",2011-06-07,0.000454423570772633
"352",2011-06-08,0.000455131608759984
"353",2011-06-09,0.000455839530332014
"354",2011-06-10,0.000455131608759984
"355",2011-06-13,0.00045548559864983
"356",2011-06-14,0.00045548559864983
"357",2011-06-15,0.000455839530332014
"358",2011-06-16,0.000455839530332014
"359",2011-06-17,0.000455839530332014
"360",2011-06-20,0.000456193462014198
"361",2011-06-21,0.000456547335488722
"362",2011-06-22,0.000456193462014198
"363",2011-06-24,0.000456901208963245
"364",2011-06-27,0.000456901208963245
"365",2011-06-28,0.000456901208963245
"366",2011-06-29,0.000456901208963245
"367",2011-06-30,0.000457255024230108
"368",2011-07-01,0.000457255024230108
"369",2011-07-04,0.000458316295407712
"370",2011-07-05,0.000458669994259253
"371",2011-07-06,0.000459377304650843
"372",2011-07-07,0.000459730916190892
"373",2011-07-08,0.000460084469523281
"374",2011-07-11,0.000460084469523281
"375",2011-07-12,0.000460438022855669
"376",2011-07-13,0.000461145013105124
"377",2011-07-14,0.000461145013105124
"378",2011-07-15,0.000461498450022191
"379",2011-07-18,0.000462205236544833
"380",2011-07-19,0.000462911906652153
"381",2011-07-20,0.000464324897620827
"382",2011-07-21,0.000463971693534404
"383",2011-07-22,0.000463971693534404
"384",2011-07-25,0.000464324897620827
"385",2011-07-26,0.000463618460344151
"386",2011-07-27,0.000463971693534404
"387",2011-07-28,0.000463971693534404
"388",2011-07-29,0.000463971693534404
"389",2011-08-01,0.000463971693534404
"390",2011-08-02,0.000463971693534404
"391",2011-08-03,0.000463265198050067
"392",2011-08-04,0.000463265198050067
"393",2011-08-05,0.000463265198050067
"394",2011-08-08,0.000460791517980397
"395",2011-08-09,0.000462911906652153
"396",2011-08-10,0.000463265198050067
"397",2011-08-11,0.000463265198050067
"398",2011-08-12,0.000462911906652153
"399",2011-08-15,0.000462911906652153
"400",2011-08-16,0.000463265198050067
"401",2011-08-17,0.000463265198050067
"402",2011-08-18,0.000461851857835427
"403",2011-08-19,0.000461851857835427
"404",2011-08-22,0.000462205236544833
"405",2011-08-23,0.000462205236544833
"406",2011-08-24,0.000461498450022191
"407",2011-08-25,0.000461851857835427
"408",2011-08-26,0.000460084469523281
"409",2011-08-29,0.000459023664006963
"410",2011-08-30,0.000459377304650843
"411",2011-08-31,0.000460084469523281
"412",2011-09-01,0.000446271878900006
"413",2011-09-02,0.000445917103206739
"414",2011-09-05,0.000444497563876212
"415",2011-09-06,0.000444497563876212
"416",2011-09-08,0.000443787634139881
"417",2011-09-09,0.000443787634139881
"418",2011-09-12,0.000442367367213592
"419",2011-09-13,0.000442367367213592
"420",2011-09-14,0.000442367367213592
"421",2011-09-15,0.000441657030023634
"422",2011-09-16,0.00044130181777291
"423",2011-09-19,0.00044059130595997
"424",2011-09-20,0.000440946576418355
"425",2011-09-21,0.00044059130595997
"426",2011-09-22,0.000439525290858001
"427",2011-09-23,0.000438103510532528
"428",2011-09-26,0.000435614143498242
"429",2011-09-27,0.000437747978139669
"430",2011-09-28,0.000437392416642979
"431",2011-09-29,0.000437036826042458
"432",2011-09-30,0.000437036826042458
"433",2011-10-03,0.000434902613051236
"434",2011-10-04,0.000435258407378569
"435",2011-10-05,0.000434546818723902
"436",2011-10-06,0.000434190966188908
"437",2011-10-07,0.000433835084550083
"438",2011-10-10,0.000432767265010625
"439",2011-10-11,0.000432055239798501
"440",2011-10-13,0.000430986925493926
"441",2011-10-14,0.000430630781920627
"442",2011-10-17,0.000429918349254876
"443",2011-10-18,0.00042849313467741
"444",2011-10-19,0.000427780323661864
"445",2011-10-20,0.00042742388905026
"446",2011-10-21,0.000427780323661864
"447",2011-10-24,0.000427780323661864
"448",2011-10-25,0.000427780323661864
"449",2011-10-26,0.000427780323661864
"450",2011-10-27,0.000428136758273467
"451",2011-10-28,0.00042849313467741
"452",2011-10-31,0.00042849313467741
"453",2011-11-01,0.00042849313467741
"454",2011-11-03,0.000426354352384806
"455",2011-11-04,0.000426354352384806
"456",2011-11-07,0.000424571131588891
"457",2011-11-08,0.000423500838223845
"458",2011-11-09,0.000421359378378838
"459",2011-11-10,0.000421002332586795
"460",2011-11-11,0.000421002332586795
"461",2011-11-14,0.000418859533965588
"462",2011-11-16,0.000417787698097527
"463",2011-11-17,0.000417072966229171
"464",2011-11-18,0.000416358117945492
"465",2011-11-21,0.000415285612689331
"466",2011-11-22,0.00041492804302834
"467",2011-11-23,0.000413139729062095
"468",2011-11-24,0.000409918720833957
"469",2011-11-25,0.00041206635069102
"470",2011-11-28,0.000410992681281641
"471",2011-11-29,0.000410276727052405
"472",2011-11-30,0.000408844469347969
"473",2011-12-01,0.000409560656407848
"474",2011-12-02,0.000409202591981739
"475",2011-12-05,0.000408844469347969
"476",2011-12-06,0.000408486317610368
"477",2011-12-07,0.000408128136768937
"478",2011-12-08,0.000407769926823676
"479",2011-12-09,0.000407769926823676
"480",2011-12-12,0.000406695093261078
"481",2011-12-13,0.000405619997764006
"482",2011-12-14,0.000405619997764006
"483",2011-12-15,0.000405261554988101
"484",2011-12-16,0.000404903083108366
"485",2011-12-19,0.000404903083108366
"486",2011-12-20,0.000404544582124799
"487",2011-12-21,0.000404544582124799
"488",2011-12-22,0.000404544582124799
"489",2011-12-23,0.000404544582124799
"490",2011-12-26,0.000405261554988101
"491",2011-12-27,0.000403468875447288
"492",2011-12-28,0.0004031102580484
"493",2011-12-29,0.0004031102580484
"494",2012-01-02,0.000402751582441851
"495",2012-01-03,0.000401675410103053
"496",2012-01-04,0.000401316618081182
"497",2012-01-05,0.000400240067392588
"498",2012-01-06,0.000399163196561858
"499",2012-01-09,0.000398086034692824
"500",2012-01-10,0.000397367781260982
"501",2012-01-11,0.000396649382309988
"502",2012-01-12,0.000395930866943672
"503",2012-01-13,0.000395212235162035
"504",2012-01-16,0.000393774535041302
"505",2012-01-18,0.000392336311051622
"506",2012-01-19,0.000390897592296824
"507",2012-01-20,0.000389818218536675
"508",2012-01-23,0.000390178029192612
"509",2012-01-24,0.000390178029192612
"510",2012-01-26,0.000390537839848548
"511",2012-01-27,0.000390178029192612
"512",2012-01-30,0.000389458349673077
"513",2012-01-31,0.000389818218536675
"514",2012-02-01,0.000389098451705649
"515",2012-02-02,0.000388738524634391
"516",2012-02-03,0.000388738524634391
"517",2012-02-06,0.000387658568797633
"518",2012-02-07,0.00038657829281874
"519",2012-02-08,0.000385857973014936
"520",2012-02-09,0.000385137478588149
"521",2012-02-10,0.000384777202270925
"522",2012-02-13,0.000383335747756064
"523",2012-02-14,0.000382254307623953
"524",2012-02-15,0.000380811950890347
"525",2012-02-16,0.000379729812266305
"526",2012-02-17,0.000379369041183963
"527",2012-02-23,0.000377564691007137
"528",2012-02-24,0.000377203716197982
"529",2012-02-27,0.000376842712284997
"530",2012-02-28,0.000376120617147535
"531",2012-02-29,0.000375398376490921
"532",2012-03-01,0.000373953545931727
"533",2012-03-02,0.000371062254998833
"534",2012-03-05,0.000369254121324047
"535",2012-03-06,0.000366721389582381
"536",2012-03-07,0.000364549196092412
"537",2012-03-08,0.000359476107405499
"538",2012-03-09,0.000360201229341328
"539",2012-03-12,0.000359476107405499
"540",2012-03-13,0.000357299926690757
"541",2012-03-14,0.00035657428088598
"542",2012-03-15,0.000356211414327845
"543",2012-03-16,0.00035657428088598
"544",2012-03-19,0.00035657428088598
"545",2012-03-20,0.00035584851866588
"546",2012-03-21,0.000354759569745511
"547",2012-03-22,0.000354396557668224
"548",2012-03-23,0.000353670358890668
"549",2012-03-26,0.000354396557668224
"550",2012-03-27,0.000353670358890668
"551",2012-03-28,0.000353307230398059
"552",2012-03-29,0.00035258085699752
"553",2012-03-30,0.000352217612089589
"554",2012-04-02,0.000351491034962237
"555",2012-04-03,0.000350037473253906
"556",2012-04-04,0.000347128778230399
"557",2012-04-05,0.000346037471899763
"558",2012-04-09,0.000344945874530822
"559",2012-04-10,0.000343853986123577
"560",2012-04-11,0.000342397630447522
"561",2012-04-12,0.000340576458256692
"562",2012-04-13,0.000338754442054778
"563",2012-04-16,0.000338025420205668
"564",2012-04-17,0.000336202239850536
"565",2012-04-18,0.000334378244588152
"566",2012-04-19,0.000332188326865435
"567",2012-04-20,0.000332553405314684
"568",2012-04-23,0.000332553405314684
"569",2012-04-24,0.000332553405314684
"570",2012-04-25,0.000332553405314684
"571",2012-04-26,0.000332918425556272
"572",2012-04-27,0.000332188326865435
"573",2012-04-30,0.000332188326865435
"574",2012-05-02,0.000332553405314684
"575",2012-05-03,0.000331823219312355
"576",2012-05-04,0.000331823219312355
"577",2012-05-07,0.000329266593325883
"578",2012-05-08,0.0003281703684479
"579",2012-05-09,0.0003281703684479
"580",2012-05-10,0.000327439396642148
"581",2012-05-11,0.000326342676999047
"582",2012-05-14,0.000324148364597932
"583",2012-05-15,0.00032231881050393
"584",2012-05-16,0.000321220693876967
"585",2012-05-17,0.000321586761856452
"586",2012-05-18,0.000320854596793652
"587",2012-05-21,0.000320488441502675
"588",2012-05-22,0.000319389830110595
"589",2012-05-23,0.000319023529300466
"590",2012-05-24,0.000320122286211699
"591",2012-05-25,0.000319389830110595
"592",2012-05-28,0.000319756072713062
"593",2012-05-29,0.000317191646900028
"594",2012-05-30,0.000316458666929975
"595",2012-05-31,0.000317191646900028
"596",2012-06-01,0.000317924510454759
"597",2012-06-04,0.000316825171466917
"598",2012-06-05,0.000316458666929975
"599",2012-06-06,0.000316825171466917
"600",2012-06-08,0.00031572554144077
"601",2012-06-11,0.000314625591272488
"602",2012-06-12,0.000313892145641148
"603",2012-06-13,0.000313158525386825
"604",2012-06-14,0.000312057876726612
"605",2012-06-15,0.000312791700707749
"606",2012-06-18,0.000312057876726612
"607",2012-06-19,0.000311690935632214
"608",2012-06-20,0.000310956937028095
"609",2012-06-21,0.000310956937028095
"610",2012-06-22,0.000310222792904824
"611",2012-06-25,0.000308754126308486
"612",2012-06-26,0.000308754126308486
"613",2012-06-27,0.000308386865071952
"614",2012-06-28,0.000308386865071952
"615",2012-06-29,0.000307652255287394
"616",2012-07-02,0.000307284877635539
"617",2012-07-03,0.000306917499983683
"618",2012-07-04,0.000306182628264651
"619",2012-07-05,0.000304712448269129
"620",2012-07-06,0.000303241715300828
"621",2012-07-10,0.000301402556942776
"622",2012-07-11,0.000300298677757382
"623",2012-07-12,0.000299194449326023
"624",2012-07-13,0.00029956255457364
"625",2012-07-16,0.00029956255457364
"626",2012-07-17,0.00029956255457364
"627",2012-07-18,0.000299194449326023
"628",2012-07-19,0.000298826314974576
"629",2012-07-20,0.000299194449326023
"630",2012-07-23,0.000298458151519299
"631",2012-07-24,0.000298458151519299
"632",2012-07-25,0.00029808995896019
"633",2012-07-26,0.00029808995896019
"634",2012-07-27,0.000297721708193421
"635",2012-07-30,0.00029808995896019
"636",2012-07-31,0.000297721708193421
"637",2012-08-01,0.000297721708193421
"638",2012-08-02,0.000297353428322822
"639",2012-08-03,0.000297353428322822
"640",2012-08-06,0.000295143079711124
"641",2012-08-07,0.000295143079711124
"642",2012-08-08,0.000294406025204808
"643",2012-08-09,0.000294037454295903
"644",2012-08-10,0.000293668825179338
"645",2012-08-13,0.000292562792310491
"646",2012-08-14,0.000291456439299509
"647",2012-08-15,0.0002910875773523
"648",2012-08-16,0.000290718686301261
"649",2012-08-17,0.000289980816887692
"650",2012-08-20,0.000288873736280948
"651",2012-08-21,0.000288135517621413
"652",2012-08-22,0.000287397153442726
"653",2012-08-23,0.000286289374344051
"654",2012-08-24,0.000286658672848716
"655",2012-08-27,0.000284811860183254
"656",2012-08-28,0.000283703324384987
"657",2012-08-29,0.000282594526652247
"658",2012-08-30,0.000281115615507588
"659",2012-08-31,0.000281485408777371
"660",2012-09-03,0.000280745822237805
"661",2012-09-04,0.000280745822237805
"662",2012-09-05,0.000280745822237805
"663",2012-09-06,0.000281115615507588
"664",2012-09-10,0.000281485408777371
"665",2012-09-11,0.000281115615507588
"666",2012-09-12,0.000281115615507588
"667",2012-09-13,0.000280006090179086
"668",2012-09-14,0.000280745822237805
"669",2012-09-17,0.000280745822237805
"670",2012-09-18,0.000280745822237805
"671",2012-09-19,0.000280006090179086
"672",2012-09-20,0.000280006090179086
"673",2012-09-21,0.00028037597076036
"674",2012-09-24,0.000279266212601215
"675",2012-09-25,0.000278896244708449
"676",2012-09-26,0.000278896244708449
"677",2012-09-27,0.000279636180493981
"678",2012-09-28,0.000279266212601215
"679",2012-10-01,0.000278896244708449
"680",2012-10-02,0.000277786079095677
"681",2012-10-03,0.000277415965683758
"682",2012-10-04,0.000277045794064179
"683",2012-10-05,0.000275194528512657
"684",2012-10-08,0.000274824153166264
"685",2012-10-09,0.000274453748716041
"686",2012-10-10,0.000273712881607935
"687",2012-10-11,0.00027260126080364
"688",2012-10-15,0.000271860015345737
"689",2012-10-16,0.000272230652626604
"690",2012-10-17,0.000271860015345737
"691",2012-10-18,0.000271860015345737
"692",2012-10-19,0.000272230652626604
"693",2012-10-22,0.000271860015345737
"694",2012-10-23,0.00027260126080364
"695",2012-10-24,0.00027260126080364
"696",2012-10-25,0.00027334236074239
"697",2012-10-26,0.000272971839876845
"698",2012-10-29,0.00027260126080364
"699",2012-10-30,0.000272230652626604
"700",2012-10-31,0.000272230652626604
"701",2012-11-01,0.000272230652626604
"702",2012-11-05,0.000272971839876845
"703",2012-11-06,0.00027334236074239
"704",2012-11-07,0.00027260126080364
"705",2012-11-08,0.00027334236074239
"706",2012-11-09,0.000272971839876845
"707",2012-11-12,0.00027260126080364
"708",2012-11-13,0.00027260126080364
"709",2012-11-14,0.000272230652626604
"710",2012-11-16,0.000272230652626604
"711",2012-11-19,0.000272971839876845
"712",2012-11-21,0.00027148934896104
"713",2012-11-22,0.000270747899776325
"714",2012-11-23,0.000271118653472513
"715",2012-11-26,0.00027148934896104
"716",2012-11-27,0.000271860015345737
"717",2012-11-28,0.00027260126080364
"718",2012-11-29,0.000272230652626604
"719",2012-11-30,0.000272230652626604
"720",2012-12-03,0.00027260126080364
"721",2012-12-04,0.00027148934896104
"722",2012-12-05,0.000272230652626604
"723",2012-12-06,0.000271118653472513
"724",2012-12-07,0.00027148934896104
"725",2012-12-10,0.000271118653472513
"726",2012-12-11,0.000271118653472513
"727",2012-12-12,0.000270377146080136
"728",2012-12-13,0.000269635493168607
"729",2012-12-14,0.000269635493168607
"730",2012-12-17,0.000269264593953267
"731",2012-12-18,0.000267409690422937
"732",2012-12-19,0.000267409690422937
"733",2012-12-20,0.000268522737314925
"734",2012-12-21,0.000268893694737926
"735",2012-12-26,0.00026778073515743
"736",2012-12-27,0.000267409690422937
"737",2012-12-28,0.00026778073515743
"738",2013-01-02,0.00026778073515743
"739",2013-01-03,0.00026778073515743
"740",2013-01-04,0.000267038616584614
"741",2013-01-07,0.000267038616584614
"742",2013-01-08,0.000267409690422937
"743",2013-01-09,0.00026666748453863
"744",2013-01-10,0.000265925162239
"745",2013-01-11,0.000266296323388815
"746",2013-01-14,0.000265925162239
"747",2013-01-15,0.000266296323388815
"748",2013-01-16,0.000268522737314925
"749",2013-01-17,0.00026778073515743
"750",2013-01-18,0.000268151750788093
"751",2013-01-21,0.000267409690422937
"752",2013-01-22,0.000268151750788093
"753",2013-01-23,0.000267409690422937
"754",2013-01-24,0.00026778073515743
"755",2013-01-28,0.000267409690422937
"756",2013-01-29,0.000267038616584614
"757",2013-01-30,0.000267409690422937
"758",2013-01-31,0.000268151750788093
"759",2013-02-01,0.00026778073515743
"760",2013-02-04,0.000268151750788093
"761",2013-02-05,0.00026778073515743
"762",2013-02-06,0.00026778073515743
"763",2013-02-07,0.000268893694737926
"764",2013-02-08,0.000268151750788093
"765",2013-02-14,0.000268151750788093
"766",2013-02-15,0.000268522737314925
"767",2013-02-18,0.000269264593953267
"768",2013-02-19,0.000268893694737926
"769",2013-02-20,0.000268522737314925
"770",2013-02-21,0.000268522737314925
"771",2013-02-22,0.000270006334176287
"772",2013-02-25,0.000269264593953267
"773",2013-02-26,0.000270747899776325
"774",2013-02-27,0.000270006334176287
"775",2013-02-28,0.000270006334176287
"776",2013-03-01,0.000269264593953267
"777",2013-03-04,0.000269264593953267
"778",2013-03-05,0.000270006334176287
"779",2013-03-06,0.000270006334176287
"780",2013-03-07,0.000269264593953267
"781",2013-03-08,0.000269635493168607
"782",2013-03-11,0.000269264593953267
"783",2013-03-12,0.000269635493168607
"784",2013-03-13,0.000270377146080136
"785",2013-03-14,0.000270006334176287
"786",2013-03-15,0.000270006334176287
"787",2013-03-18,0.000269635493168607
"788",2013-03-19,0.000269264593953267
"789",2013-03-20,0.000269264593953267
"790",2013-03-21,0.000269635493168607
"791",2013-03-22,0.000269264593953267
"792",2013-03-25,0.000269635493168607
"793",2013-03-26,0.000269264593953267
"794",2013-03-27,0.000268893694737926
"795",2013-03-28,0.000269264593953267
"796",2013-04-01,0.000270006334176287
"797",2013-04-02,0.000270377146080136
"798",2013-04-03,0.00027148934896104
"799",2013-04-04,0.000271118653472513
"800",2013-04-05,0.000271118653472513
"801",2013-04-08,0.000271860015345737
"802",2013-04-09,0.000272971839876845
"803",2013-04-10,0.00027334236074239
"804",2013-04-11,0.000274453748716041
"805",2013-04-12,0.000280006090179086
"806",2013-04-15,0.000282594526652247
"807",2013-04-16,0.000284072884824127
"808",2013-04-17,0.000284442387055606
"809",2013-04-18,0.000278526218608022
"810",2013-04-19,0.000278896244708449
"811",2013-04-22,0.000278526218608022
"812",2013-04-23,0.000278156163403764
"813",2013-04-24,0.000277786079095677
"814",2013-04-25,0.000278526218608022
"815",2013-04-26,0.000278156163403764
"816",2013-04-29,0.000278156163403764
"817",2013-04-30,0.000277786079095677
"818",2013-05-02,0.000278156163403764
"819",2013-05-03,0.000277415965683758
"820",2013-05-06,0.000279266212601215
"821",2013-05-07,0.000279636180493981
"822",2013-05-08,0.000280006090179086
"823",2013-05-09,0.000281485408777371
"824",2013-05-10,0.000281855143839493
"825",2013-05-13,0.000282224849797785
"826",2013-05-14,0.000283333763945848
"827",2013-05-15,0.000283703324384987
"828",2013-05-16,0.000284811860183254
"829",2013-05-17,0.000285181275103241
"830",2013-05-20,0.000286289374344051
"831",2013-05-21,0.000286658672848716
"832",2013-05-22,0.000287397153442726
"833",2013-05-23,0.0002877663646359
"834",2013-05-24,0.000288504641503096
"835",2013-05-27,0.000289611809421331
"836",2013-05-28,0.000289611809421331
"837",2013-05-29,0.00028924280195497
"838",2013-05-31,0.000295143079711124
"839",2013-06-03,0.000296248414088041
"840",2013-06-04,0.000296616781270131
"841",2013-06-05,0.000297353428322822
"842",2013-06-06,0.00029808995896019
"843",2013-06-07,0.000298458151519299
"844",2013-06-10,0.00029956255457364
"845",2013-06-11,0.000300298677757382
"846",2013-06-12,0.000301034626318142
"847",2013-06-13,0.000301402556942776
"848",2013-06-14,0.000301770458463579
"849",2013-06-17,0.000303241715300828
"850",2013-06-18,0.000304344808682799
"851",2013-06-19,0.000305080029647797
"852",2013-06-20,0.000306917499983683
"853",2013-06-21,0.000307652255287394
"854",2013-06-24,0.000307652255287394
"855",2013-06-25,0.000308386865071952
"856",2013-06-26,0.000308754126308486
"857",2013-06-27,0.000308754126308486
"858",2013-06-28,0.000309488532366231
"859",2013-07-01,0.000310222792904824
"860",2013-07-02,0.000309488532366231
"861",2013-07-03,0.000310589879518375
"862",2013-07-04,0.000311323965433985
"863",2013-07-05,0.000312057876726612
"864",2013-07-08,0.000312424817821011
"865",2013-07-10,0.000314625591272488
"866",2013-07-11,0.000314258883008733
"867",2013-07-12,0.000314258883008733
"868",2013-07-15,0.000314258883008733
"869",2013-07-16,0.000314625591272488
"870",2013-07-17,0.000314625591272488
"871",2013-07-18,0.000314992270432413
"872",2013-07-19,0.000314625591272488
"873",2013-07-22,0.000314625591272488
"874",2013-07-23,0.000314992270432413
"875",2013-07-24,0.000314625591272488
"876",2013-07-25,0.000314625591272488
"877",2013-07-26,0.000315358920488507
"878",2013-07-29,0.00031572554144077
"879",2013-07-30,0.000314992270432413
"880",2013-07-31,0.000315358920488507
"881",2013-08-01,0.000315358920488507
"882",2013-08-02,0.000316092133289203
"883",2013-08-05,0.000317924510454759
"884",2013-08-06,0.000318290898576379
"885",2013-08-07,0.000319023529300466
"886",2013-08-08,0.000319756072713062
"887",2013-08-09,0.000319756072713062
"888",2013-08-12,0.000321586761856452
"889",2013-08-13,0.000323050742736086
"890",2013-08-14,0.00032378250034526
"891",2013-08-15,0.000324514170642942
"892",2013-08-16,0.000326708279317245
"893",2013-08-19,0.0003281703684479
"894",2013-08-20,0.000326708279317245
"895",2013-08-21,0.0003281703684479
"896",2013-08-22,0.000329631904605776
"897",2013-08-23,0.000329631904605776
"898",2013-08-26,0.000330362498061731
"899",2013-08-27,0.000331092916894704
"900",2013-08-28,0.000331823219312355
"901",2013-08-29,0.000332188326865435
"902",2013-08-30,0.000332553405314684
"903",2013-09-02,0.000332918425556272
"904",2013-09-03,0.000333648407831788
"905",2013-09-04,0.000334378244588152
"906",2013-09-05,0.000334378244588152
"907",2013-09-06,0.000335107935825363
"908",2013-09-09,0.000335837510647252
"909",2013-09-10,0.000336202239850536
"910",2013-09-11,0.000337296252837405
"911",2013-09-12,0.000338025420205668
"912",2013-09-13,0.000337660865625367
"913",2013-09-16,0.000339118909323588
"914",2013-09-17,0.000339483347488567
"915",2013-09-18,0.000339483347488567
"916",2013-09-19,0.000339483347488567
"917",2013-09-20,0.000340212136507034
"918",2013-09-23,0.000340940750902519
"919",2013-09-24,0.000340940750902519
"920",2013-09-25,0.000341305043548346
"921",2013-09-26,0.000343489926308393
"922",2013-09-27,0.000344945874530822
"923",2013-09-30,0.000346401298884302
"924",2013-10-01,0.000347128778230399
"925",2013-10-02,0.000347856170265004
"926",2013-10-03,0.00034821979352273
"927",2013-10-04,0.000349310517776757
"928",2013-10-07,0.000350400921888649
"929",2013-10-08,0.000352217612089589
"930",2013-10-09,0.000352944043697789
"931",2013-10-10,0.000355122581822798
"932",2013-10-11,0.000355122581822798
"933",2013-10-14,0.000354396557668224
"934",2013-10-15,0.000355122581822798
"935",2013-10-16,0.000355485564796254
"936",2013-10-17,0.00035584851866588
"937",2013-10-18,0.00035584851866588
"938",2013-10-21,0.00035584851866588
"939",2013-10-22,0.00035584851866588
"940",2013-10-23,0.00035584851866588
"941",2013-10-24,0.000355485564796254
"942",2013-10-25,0.00035584851866588
"943",2013-10-28,0.000355122581822798
"944",2013-10-29,0.00035584851866588
"945",2013-10-30,0.00035584851866588
"946",2013-10-31,0.00035584851866588
"947",2013-11-01,0.000356937118340284
"948",2013-11-04,0.000358025456080213
"949",2013-11-05,0.0003576627059374
"950",2013-11-06,0.000358025456080213
"951",2013-11-07,0.000358750839950517
"952",2013-11-08,0.000359476107405499
"953",2013-11-11,0.000361288664862514
"954",2013-11-12,0.000361651065759361
"955",2013-11-13,0.000362375780241564
"956",2013-11-14,0.000363100378308445
"957",2013-11-18,0.000363824859960005
"958",2013-11-19,0.000364911305950955
"959",2013-11-21,0.000366721389582381
"960",2013-11-22,0.00036708329571411
"961",2013-11-25,0.000368168868590146
"962",2013-11-26,0.000368530658306554
"963",2013-11-27,0.000369254121324047
"964",2013-11-28,0.000370339112123474
"965",2013-11-29,0.000370339112123474
"966",2013-12-02,0.000370700698113069
"967",2013-12-03,0.000370339112123474
"968",2013-12-04,0.000371062254998833
"969",2013-12-05,0.000371423782780766
"970",2013-12-06,0.000371423782780766
"971",2013-12-09,0.000372146721929312
"972",2013-12-10,0.000373230897821486
"973",2013-12-11,0.000372869544662535
"974",2013-12-12,0.000372869544662535
"975",2013-12-13,0.000373230897821486
"976",2013-12-16,0.000373230897821486
"977",2013-12-17,0.000373953545931727
"978",2013-12-18,0.000373953545931727
"979",2013-12-19,0.000374314811779186
"980",2013-12-20,0.000375037227058783
"981",2013-12-23,0.000375759525923058
"982",2013-12-26,0.000377203716197982
"983",2013-12-27,0.000376842712284997
"984",2013-12-30,0.000377203716197982
"985",2014-01-02,0.000378286524210125
"986",2014-01-03,0.000377925636712462
"987",2014-01-06,0.000378286524210125
"988",2014-01-07,0.000379008240997791
"989",2014-01-08,0.000379729812266305
"990",2014-01-09,0.000380090554244816
"991",2014-01-10,0.000381172576453537
"992",2014-01-13,0.000383335747756064
"993",2014-01-14,0.000384056533221155
"994",2014-01-15,0.00038369616959244
"995",2014-01-16,0.000389098451705649
"996",2014-01-17,0.000388738524634391
"997",2014-01-20,0.000389818218536675
"998",2014-01-21,0.000390178029192612
"999",2014-01-22,0.000390178029192612
"1000",2014-01-23,0.000389818218536675
"1001",2014-01-24,0.000389818218536675
"1002",2014-01-27,0.000390178029192612
"1003",2014-01-28,0.000390537839848548
"1004",2014-01-29,0.000391257315641269
"1005",2014-01-30,0.000391257315641269
"1006",2014-01-31,0.000391617038985714
"1007",2014-02-03,0.000391617038985714
"1008",2014-02-04,0.000392336311051622
"1009",2014-02-05,0.000393055495806038
"1010",2014-02-06,0.000393774535041302
"1011",2014-02-07,0.000393055495806038
"1012",2014-02-10,0.000394493428757414
"1013",2014-02-11,0.000395212235162035
"1014",2014-02-12,0.000395930866943672
"1015",2014-02-13,0.000396649382309988
"1016",2014-02-14,0.000396290153730661
"1017",2014-02-17,0.000396649382309988
"1018",2014-02-18,0.000396649382309988
"1019",2014-02-19,0.000397367781260982
"1020",2014-02-20,0.000397726922528818
"1021",2014-02-21,0.000398086034692824
"1022",2014-02-24,0.000398804171709344
"1023",2014-02-25,0.000399522192310542
"1024",2014-02-26,0.000399881129851565
"1025",2014-02-27,0.000398804171709344
"1026",2014-02-28,0.000398804171709344
"1027",2014-03-06,0.000399881129851565
"1028",2014-03-07,0.000399881129851565
"1029",2014-03-10,0.00040059894672595
"1030",2014-03-11,0.000400957796955481
"1031",2014-03-12,0.000401316618081182
"1032",2014-03-13,0.000401675410103053
"1033",2014-03-14,0.000401675410103053
"1034",2014-03-17,0.000402751582441851
"1035",2014-03-18,0.0004031102580484
"1036",2014-03-19,0.000403827492846176
"1037",2014-03-20,0.000403827492846176
"1038",2014-03-21,0.000403827492846176
"1039",2014-03-24,0.000404544582124799
"1040",2014-03-25,0.00040597838233225
"1041",2014-03-26,0.000404903083108366
"1042",2014-03-27,0.000405619997764006
"1043",2014-03-28,0.000405619997764006
"1044",2014-03-31,0.000405619997764006
"1045",2014-04-01,0.00040597838233225
"1046",2014-04-02,0.000406336766900495
"1047",2014-04-03,0.000407411687774584
"1048",2014-04-04,0.000407411687774584
"1049",2014-04-07,0.000407411687774584
"1050",2014-04-08,0.000407411687774584
"1051",2014-04-09,0.000407411687774584
"1052",2014-04-10,0.000407411687774584
"1053",2014-04-11,0.000407411687774584
"1054",2014-04-14,0.000407411687774584
"1055",2014-04-15,0.000407411687774584
"1056",2014-04-16,0.000407411687774584
"1057",2014-04-17,0.000407769926823676
"1058",2014-04-22,0.000407769926823676
"1059",2014-04-23,0.000407411687774584
"1060",2014-04-24,0.000407769926823676
"1061",2014-04-25,0.000407411687774584
"1062",2014-04-28,0.000407769926823676
"1063",2014-04-29,0.000407769926823676
"1064",2014-04-30,0.000407411687774584
"1065",2014-05-02,0.000407769926823676
"1066",2014-05-05,0.000407769926823676
"1067",2014-05-06,0.000407769926823676
"1068",2014-05-07,0.000408128136768937
"1069",2014-05-08,0.000408486317610368
"1070",2014-05-09,0.000408128136768937
"1071",2014-05-12,0.000408486317610368
"1072",2014-05-13,0.000408486317610368
"1073",2014-05-14,0.000408486317610368
"1074",2014-05-15,0.000408844469347969
"1075",2014-05-16,0.000408844469347969
"1076",2014-05-19,0.000408486317610368
"1077",2014-05-20,0.000408128136768937
"1078",2014-05-21,0.000408128136768937
"1079",2014-05-22,0.000407769926823676
"1080",2014-05-23,0.000408128136768937
"1081",2014-05-26,0.000408128136768937
"1082",2014-05-27,0.000408844469347969
"1083",2014-05-28,0.000408486317610368
"1084",2014-05-29,0.000407411687774584
"1085",2014-05-30,0.000407411687774584
"1086",2014-06-02,0.000407769926823676
"1087",2014-06-03,0.000407411687774584
"1088",2014-06-04,0.000407411687774584
"1089",2014-06-05,0.000407411687774584
"1090",2014-06-06,0.000407411687774584
"1091",2014-06-09,0.000407411687774584
"1092",2014-06-10,0.000407769926823676
"1093",2014-06-11,0.000407411687774584
"1094",2014-06-13,0.000407411687774584
"1095",2014-06-16,0.000407411687774584
"1096",2014-06-18,0.000407411687774584
"1097",2014-06-20,0.000407411687774584
"1098",2014-06-24,0.000407411687774584
"1099",2014-06-25,0.000407411687774584
"1100",2014-06-26,0.000407769926823676
"1101",2014-06-27,0.000407053419621661
"1102",2014-06-30,0.000407411687774584
"1103",2014-07-01,0.000407769926823676
"1104",2014-07-02,0.000407053419621661
"1105",2014-07-03,0.000407411687774584
"1106",2014-07-07,0.000407411687774584
"1107",2014-07-10,0.000407411687774584
"1108",2014-07-11,0.000407411687774584
"1109",2014-07-14,0.000406695093261078
"1110",2014-07-15,0.000407053419621661
"1111",2014-07-16,0.000407053419621661
"1112",2014-07-17,0.000407053419621661
"1113",2014-07-18,0.000407053419621661
"1114",2014-07-21,0.000407769926823676
"1115",2014-07-22,0.000407053419621661
"1116",2014-07-23,0.000407411687774584
"1117",2014-07-24,0.000407769926823676
"1118",2014-07-25,0.000407411687774584
"1119",2014-07-28,0.000407411687774584
"1120",2014-07-29,0.000407411687774584
"1121",2014-07-30,0.000407411687774584
"1122",2014-07-31,0.000407411687774584
"1123",2014-08-01,0.000408128136768937
"1124",2014-08-04,0.000407411687774584
"1125",2014-08-05,0.000407411687774584
"1126",2014-08-06,0.000407769926823676
"1127",2014-08-07,0.000407769926823676
"1128",2014-08-08,0.000407769926823676
"1129",2014-08-11,0.000407411687774584
"1130",2014-08-12,0.000407769926823676
"1131",2014-08-13,0.000407769926823676
"1132",2014-08-14,0.000407769926823676
"1133",2014-08-15,0.000407411687774584
"1134",2014-08-18,0.000407769926823676
"1135",2014-08-19,0.000407411687774584
"1136",2014-08-20,0.000407411687774584
"1137",2014-08-21,0.000407769926823676
"1138",2014-08-22,0.000407769926823676
"1139",2014-08-25,0.000407411687774584
"1140",2014-08-26,0.000407769926823676
"1141",2014-08-27,0.000407769926823676
"1142",2014-08-28,0.000407053419621661
"1143",2014-08-29,0.000407053419621661
"1144",2014-09-01,0.000407053419621661
"1145",2014-09-02,0.000407411687774584
"1146",2014-09-03,0.000407411687774584
"1147",2014-09-04,0.000407769926823676
"1148",2014-09-05,0.000407769926823676
"1149",2014-09-08,0.000407769926823676
"1150",2014-09-09,0.000407769926823676
"1151",2014-09-10,0.000407769926823676
"1152",2014-09-11,0.000407769926823676
"1153",2014-09-12,0.000407769926823676
"1154",2014-09-15,0.000407769926823676
"1155",2014-09-16,0.000407411687774584
"1156",2014-09-17,0.000407769926823676
"1157",2014-09-18,0.000407769926823676
"1158",2014-09-19,0.000407411687774584
"1159",2014-09-22,0.000408128136768937
"1160",2014-09-23,0.000407411687774584
"1161",2014-09-24,0.000407769926823676
"1162",2014-09-25,0.000408486317610368
"1163",2014-09-26,0.000408128136768937
"1164",2014-09-29,0.000408486317610368
"1165",2014-09-30,0.000408486317610368
"1166",2014-10-01,0.000408486317610368
"1167",2014-10-02,0.000407769926823676
"1168",2014-10-03,0.000407769926823676
"1169",2014-10-06,0.000408128136768937
"1170",2014-10-07,0.000408128136768937
"1171",2014-10-08,0.000408486317610368
"1172",2014-10-09,0.000408486317610368
"1173",2014-10-10,0.000408486317610368
"1174",2014-10-13,0.000409202591981739
"1175",2014-10-14,0.000408844469347969
"1176",2014-10-15,0.000409202591981739
"1177",2014-10-16,0.000409918720833957
"1178",2014-10-17,0.000410276727052405
"1179",2014-10-20,0.000409918720833957
"1180",2014-10-21,0.000410992681281641
"1181",2014-10-22,0.000410634704167023
"1182",2014-10-23,0.000410992681281641
"1183",2014-10-24,0.000409918720833957
"1184",2014-10-27,0.000408844469347969
"1185",2014-10-28,0.000409202591981739
"1186",2014-10-29,0.000409202591981739
"1187",2014-10-30,0.000417072966229171
"1188",2014-10-31,0.000417072966229171
"1189",2014-11-03,0.000418145005824044
"1190",2014-11-04,0.000418859533965588
"1191",2014-11-05,0.000419216754380614
"1192",2014-11-06,0.000419931078795344
"1193",2014-11-07,0.000420645286794752
"1194",2014-11-10,0.000421359378378838
"1195",2014-11-11,0.000422430253820494
"1196",2014-11-12,0.000422787154093385
"1197",2014-11-13,0.000423857622081414
"1198",2014-11-14,0.000423857622081414
"1199",2014-11-17,0.000424927857238799
"1200",2014-11-18,0.000424927857238799
"1201",2014-11-19,0.000425641163019463
"1202",2014-11-21,0.000425641163019463
"1203",2014-11-24,0.000426710874307901
"1204",2014-11-25,0.000427780323661864
"1205",2014-11-26,0.000429205800173804
"1206",2014-11-27,0.000429918349254876
"1207",2014-11-28,0.000431343069067225
"1208",2014-12-01,0.000432411266956478
"1209",2014-12-02,0.000434190966188908
"1210",2014-12-03,0.000435614143498242
"1211",2014-12-04,0.000435258407378569
"1212",2014-12-05,0.000435614143498242
"1213",2014-12-08,0.000435969879617915
"1214",2014-12-09,0.000436325557529926
"1215",2014-12-10,0.000437036826042458
"1216",2014-12-11,0.000436681206338108
"1217",2014-12-12,0.000437036826042458
"1218",2014-12-15,0.000437392416642979
"1219",2014-12-16,0.000440236006397754
"1220",2014-12-17,0.000440236006397754
"1221",2014-12-18,0.000440236006397754
"1222",2014-12-19,0.000440236006397754
"1223",2014-12-22,0.00044059130595997
"1224",2014-12-23,0.000440946576418355
"1225",2014-12-26,0.000442012213170528
"1226",2014-12-29,0.000441657030023634
"1227",2014-12-30,0.000442367367213592
"1228",2015-01-02,0.000442722463048995
"1229",2015-01-05,0.000444497563876212
"1230",2015-01-06,0.000444497563876212
"1231",2015-01-07,0.000444852514192462
"1232",2015-01-08,0.00044556226930581
"1233",2015-01-09,0.000445917103206739
"1234",2015-01-12,0.000447336089564487
"1235",2015-01-13,0.000447690777946264
"1236",2015-01-14,0.000448400009190664
"1237",2015-01-15,0.000449109153123572
"1238",2015-01-16,0.000449109153123572
"1239",2015-01-19,0.000449818151537329
"1240",2015-01-20,0.000450527004431933
"1241",2015-01-21,0.000450881401775405
"1242",2015-01-22,0.000453007087344304
"1243",2015-01-23,0.000453007087344304
"1244",2015-01-26,0.000453007087344304
"1245",2015-01-27,0.000453007087344304
"1246",2015-01-28,0.000452652864623815
"1247",2015-01-29,0.000453007087344304
"1248",2015-01-30,0.000453007087344304
"1249",2015-02-02,0.000454423570772633
"1250",2015-02-03,0.000454777618870139
"1251",2015-02-04,0.00045548559864983
"1252",2015-02-05,0.000456547335488722
"1253",2015-02-06,0.000456547335488722
"1254",2015-02-09,0.000457962567452341
"1255",2015-02-10,0.000459023664006963
"1256",2015-02-11,0.000460791517980397
"1257",2015-02-12,0.000461145013105124
"1258",2015-02-13,0.000461851857835427
"1259",2015-02-19,0.000463971693534404
"1260",2015-02-20,0.000464678043499589
"1261",2015-02-23,0.000465384277049452
"1262",2015-02-24,0.000465737364720553
"1263",2015-02-25,0.000466443394543603
"1264",2015-02-26,0.000466796394903213
"1265",2015-02-27,0.000466796394903213
"1266",2015-03-02,0.000468207988888025
"1267",2015-03-03,0.000468913582153618
"1268",2015-03-04,0.000471029663458467
"1269",2015-03-05,0.000471382227260619
"1270",2015-03-06,0.000471734791062772
"1271",2015-03-09,0.000473144638817757
"1272",2015-03-10,0.000472792220534757
"1273",2015-03-11,0.000472439773147926
"1274",2015-03-12,0.000472439773147926
"1275",2015-03-13,0.000473144638817757
"1276",2015-03-16,0.000472792220534757
"1277",2015-03-17,0.000473144638817757
"1278",2015-03-18,0.000472439773147926
"1279",2015-03-19,0.000472439773147926
"1280",2015-03-20,0.000472439773147926
"1281",2015-03-23,0.000472087296657264
"1282",2015-03-24,0.000472439773147926
"1283",2015-03-25,0.000472087296657264
"1284",2015-03-26,0.000472087296657264
"1285",2015-03-27,0.000471734791062772
"1286",2015-03-30,0.000472087296657264
"1287",2015-03-31,0.000472439773147926
"1288",2015-04-01,0.000472087296657264
"1289",2015-04-02,0.000472087296657264
"1290",2015-04-06,0.000473144638817757
"1291",2015-04-07,0.000473496998893097
"1292",2015-04-08,0.000474201689939946
"1293",2015-04-09,0.000474906235467643
"1294",2015-04-10,0.000474906235467643
"1295",2015-04-13,0.00047631494817324
"1296",2015-04-14,0.000477371184388176
"1297",2015-04-15,0.000478427100460976
"1298",2015-04-16,0.000479482783703133
"1299",2015-04-17,0.000480186397908255
"1300",2015-04-20,0.00048229648382403
"1301",2015-04-22,0.00048335111932829
"1302",2015-04-23,0.000483702606288716
"1303",2015-04-24,0.000484405492898077
"1304",2015-04-27,0.000485459546325728
"1305",2015-04-28,0.000485810858663172
"1306",2015-04-29,0.000487215729663149
"1307",2015-04-30,0.000489322119392455
"1308",2015-05-04,0.000490374921355397
"1309",2015-05-05,0.000490725738927722
"1310",2015-05-06,0.000491778191644698
"1311",2015-05-07,0.000492479593958706
"1312",2015-05-08,0.000492479593958706
"1313",2015-05-11,0.000493531581014395
"1314",2015-05-12,0.000494232692290097
"1315",2015-05-13,0.000494933745358139
"1316",2015-05-14,0.000495634623803198
"1317",2015-05-15,0.000495634623803198
"1318",2015-05-18,0.000497036031447351
"1319",2015-05-19,0.000497736560646445
"1320",2015-05-20,0.000498086796142161
"1321",2015-05-21,0.000499137269798666
"1322",2015-05-22,0.0004994873306714
"1323",2015-05-25,0.00050053745508194
"1324",2015-05-26,0.000500887399539351
"1325",2015-05-27,0.000501587230246514
"1326",2015-05-28,0.000502287002746016
"1327",2015-05-29,0.000503336312249303
"1328",2015-06-01,0.000504385447129607
"1329",2015-06-02,0.000505434232763946
"1330",2015-06-03,0.000506133306771517
"1331",2015-06-05,0.000507880351506174
"1332",2015-06-08,0.000507880351506174
"1333",2015-06-09,0.000507880351506174
"1334",2015-06-10,0.000507880351506174
"1335",2015-06-11,0.000508229713886976
"1336",2015-06-12,0.000508229713886976
"1337",2015-06-15,0.000508229713886976
"1338",2015-06-16,0.000508229713886976
"1339",2015-06-17,0.000508229713886976
"1340",2015-06-18,0.000508579018060118
"1341",2015-06-19,0.000508579018060118
"1342",2015-06-22,0.000508579018060118
"1343",2015-06-23,0.000508579018060118
"1344",2015-06-24,0.000508579018060118
"1345",2015-06-25,0.000508579018060118
"1346",2015-06-26,0.000508928264025599
"1347",2015-06-29,0.000508928264025599
"1348",2015-06-30,0.000508928264025599
"1349",2015-07-01,0.000508928264025599
"1350",2015-07-02,0.000508928264025599
"1351",2015-07-03,0.000508928264025599
"1352",2015-07-06,0.000510325015056878
"1353",2015-07-07,0.000511023215949535
"1354",2015-07-08,0.000511721300426871
"1355",2015-07-10,0.000511721300426871
"1356",2015-07-13,0.000512419210281223
"1357",2015-07-14,0.000512768165208399
"1358",2015-07-15,0.000513465900439769
"1359",2015-07-16,0.000513814738951623
"1360",2015-07-17,0.000514512357767671
"1361",2015-07-20,0.000514163577463478
"1362",2015-07-21,0.000514512357767671
"1363",2015-07-22,0.000514512357767671
"1364",2015-07-23,0.00051590712973848
"1365",2015-07-24,0.000520088593475521
"1366",2015-07-27,0.000521481444593519
"1367",2015-07-28,0.000522177724633366
"1368",2015-07-29,0.000522525806445628
"1369",2015-07-30,0.000525657087564468
"1370",2015-07-31,0.000524961447808892
"1371",2015-08-03,0.000524961447808892
"1372",2015-08-04,0.00052530929679051
"1373",2015-08-05,0.00052530929679051
"1374",2015-08-06,0.000526352610904723
"1375",2015-08-07,0.00052670034347102
"1376",2015-08-10,0.000526004878338426
"1377",2015-08-11,0.000525657087564468
"1378",2015-08-12,0.00052530929679051
"1379",2015-08-13,0.000525657087564468
"1380",2015-08-14,0.000525657087564468
"1381",2015-08-17,0.000525657087564468
"1382",2015-08-18,0.000525657087564468
"1383",2015-08-19,0.000525657087564468
"1384",2015-08-20,0.00052530929679051
"1385",2015-08-21,0.00052530929679051
"1386",2015-08-24,0.000525657087564468
"1387",2015-08-25,0.000525657087564468
"1388",2015-08-26,0.000525657087564468
"1389",2015-08-27,0.00052530929679051
"1390",2015-08-28,0.00052530929679051
"1391",2015-08-31,0.000526352610904723
"1392",2015-09-01,0.00052670034347102
"1393",2015-09-02,0.000527048017829657
"1394",2015-09-03,0.00052530929679051
"1395",2015-09-04,0.000526352610904723
"1396",2015-09-08,0.000526004878338426
"1397",2015-09-09,0.000526004878338426
"1398",2015-09-10,0.000526352610904723
"1399",2015-09-11,0.000526352610904723
"1400",2015-09-14,0.000526004878338426
"1401",2015-09-15,0.000526004878338426
"1402",2015-09-16,0.000525657087564468
"1403",2015-09-17,0.000525657087564468
"1404",2015-09-18,0.000526352610904723
"1405",2015-09-21,0.00052670034347102
"1406",2015-09-22,0.000527395692188293
"1407",2015-09-23,0.000530175806488842
"1408",2015-09-24,0.000529133481904864
"1409",2015-09-25,0.000529133481904864
"1410",2015-09-28,0.000530523131601512
"1411",2015-09-29,0.000530523131601512
"1412",2015-09-30,0.000529828364960849
"1413",2015-10-01,0.000530175806488842
"1414",2015-10-02,0.000527743308339268
"1415",2015-10-05,0.000527743308339268
"1416",2015-10-06,0.000526352610904723
"1417",2015-10-07,0.000527048017829657
"1418",2015-10-08,0.000526004878338426
"1419",2015-10-09,0.000526352610904723
"1420",2015-10-13,0.000526352610904723
"1421",2015-10-14,0.000526352610904723
"1422",2015-10-15,0.000525657087564468
"1423",2015-10-16,0.000526004878338426
"1424",2015-10-19,0.000526004878338426
"1425",2015-10-20,0.000526004878338426
"1426",2015-10-21,0.000526004878338426
"1427",2015-10-22,0.000525657087564468
"1428",2015-10-23,0.000525657087564468
"1429",2015-10-26,0.000526004878338426
"1430",2015-10-27,0.000526004878338426
"1431",2015-10-28,0.000526352610904723
"1432",2015-10-29,0.000526004878338426
"1433",2015-10-30,0.000526352610904723
"1434",2015-11-03,0.000526352610904723
"1435",2015-11-04,0.000526352610904723
"1436",2015-11-05,0.000527048017829657
"1437",2015-11-06,0.000527048017829657
"1438",2015-11-09,0.000527048017829657
"1439",2015-11-10,0.000527048017829657
"1440",2015-11-11,0.00052670034347102
"1441",2015-11-12,0.000527048017829657
"1442",2015-11-13,0.000527048017829657
"1443",2015-11-16,0.000527048017829657
"1444",2015-11-17,0.000526352610904723
"1445",2015-11-18,0.000526352610904723
"1446",2015-11-19,0.000525657087564468
"1447",2015-11-23,0.000526004878338426
"1448",2015-11-24,0.000525657087564468
"1449",2015-11-25,0.000525657087564468
"1450",2015-11-26,0.00052530929679051
"1451",2015-11-27,0.000525657087564468
"1452",2015-11-30,0.00052530929679051
"1453",2015-12-01,0.00052530929679051
"1454",2015-12-02,0.000525657087564468
"1455",2015-12-03,0.000525657087564468
"1456",2015-12-04,0.000525657087564468
"1457",2015-12-07,0.000526004878338426
"1458",2015-12-08,0.000526352610904723
"1459",2015-12-09,0.00052670034347102
"1460",2015-12-10,0.00052670034347102
"1461",2015-12-11,0.000527048017829657
"1462",2015-12-14,0.000527395692188293
"1463",2015-12-15,0.000527743308339268
"1464",2015-12-16,0.000527743308339268
"1465",2015-12-17,0.000528438424225897
"1466",2015-12-18,0.000528438424225897
"1467",2015-12-21,0.000529133481904864
"1468",2015-12-22,0.000529133481904864
"1469",2015-12-23,0.000529828364960849
"1470",2015-12-28,0.000530870514921844
"1471",2015-12-29,0.000530523131601512
"1472",2015-12-30,0.000531565106939524
"1473",2016-01-04,0.000533301092218608
"1474",2016-01-05,0.000532259582541883
"1475",2016-01-06,0.000532606791239232
"1476",2016-01-07,0.00053295394172892
"1477",2016-01-08,0.000533648184500635
"1478",2016-01-11,0.000534689344931394
"1479",2016-01-12,0.000534689344931394
"1480",2016-01-13,0.000535383296664804
"1481",2016-01-14,0.000536077073775232
"1482",2016-01-15,0.000536423933226615
"1483",2016-01-18,0.000537811138201505
"1484",2016-01-19,0.000534689344931394
"1485",2016-01-20,0.000532259582541883
"1486",2016-01-21,0.000525657087564468
"1487",2016-01-22,0.000524961447808892
"1488",2016-01-26,0.000524961447808892
"1489",2016-01-27,0.00052530929679051
"1490",2016-01-28,0.000524961447808892
"1491",2016-01-29,0.000524961447808892
"1492",2016-02-01,0.00052530929679051
"1493",2016-02-02,0.00052530929679051
"1494",2016-02-03,0.000525657087564468
"1495",2016-02-04,0.000525657087564468
"1496",2016-02-05,0.000525657087564468
"1497",2016-02-11,0.000526352610904723
"1498",2016-02-12,0.000526352610904723
"1499",2016-02-15,0.000526004878338426
"1500",2016-02-16,0.000525657087564468
"1501",2016-02-17,0.00052530929679051
"1502",2016-02-18,0.000525657087564468
"1503",2016-02-19,0.00052530929679051
"1504",2016-02-22,0.000525657087564468
"1505",2016-02-23,0.000525657087564468
"1506",2016-02-24,0.00052530929679051
"1507",2016-02-25,0.000525657087564468
"1508",2016-02-26,0.000525657087564468
"1509",2016-02-29,0.000525657087564468
"1510",2016-03-01,0.000525657087564468
"1511",2016-03-02,0.00052530929679051
"1512",2016-03-03,0.000524961447808892
"1513",2016-03-04,0.000524961447808892
"1514",2016-03-07,0.000524961447808892
"1515",2016-03-08,0.000524961447808892
"1516",2016-03-09,0.000524961447808892
"1517",2016-03-10,0.000524961447808892
"1518",2016-03-11,0.000524961447808892
"1519",2016-03-14,0.000524961447808892
"1520",2016-03-15,0.000524613598827273
"1521",2016-03-16,0.000524961447808892
"1522",2016-03-17,0.000524613598827273
"1523",2016-03-18,0.000524961447808892
"1524",2016-03-21,0.000524961447808892
"1525",2016-03-22,0.000524961447808892
"1526",2016-03-23,0.000524961447808892
"1527",2016-03-24,0.000524961447808892
"1528",2016-03-28,0.000524961447808892
"1529",2016-03-29,0.000524961447808892
"1530",2016-03-30,0.000524961447808892
"1531",2016-03-31,0.000524961447808892
"1532",2016-04-01,0.000524961447808892
"1533",2016-04-04,0.000524613598827273
"1534",2016-04-05,0.000524961447808892
"1535",2016-04-06,0.000524613598827273
"1536",2016-04-07,0.000524613598827273
"1537",2016-04-08,0.000524613598827273
"1538",2016-04-11,0.000524613598827273
"1539",2016-04-12,0.000524265691637993
"1540",2016-04-13,0.000524265691637993
"1541",2016-04-14,0.000524265691637993
"1542",2016-04-15,0.000523917784448713
"1543",2016-04-18,0.000523569819051772
"1544",2016-04-19,0.000523569819051772
"1545",2016-04-20,0.000523917784448713
"1546",2016-04-22,0.000524265691637993
"1547",2016-04-25,0.000524265691637993
"1548",2016-04-26,0.000524265691637993
"1549",2016-04-27,0.000524265691637993
"1550",2016-04-28,0.000524613598827273
"1551",2016-04-29,0.000524613598827273
"1552",2016-05-02,0.000524265691637993
"1553",2016-05-03,0.000524613598827273
"1554",2016-05-04,0.000524265691637993
"1555",2016-05-05,0.000524265691637993
"1556",2016-05-06,0.000524265691637993
"1557",2016-05-09,0.000524265691637993
"1558",2016-05-10,0.000523917784448713
"1559",2016-05-11,0.000523917784448713
"1560",2016-05-12,0.000523917784448713
"1561",2016-05-13,0.000523917784448713
"1562",2016-05-16,0.000524265691637993
"1563",2016-05-17,0.000524265691637993
"1564",2016-05-18,0.000523917784448713
"1565",2016-05-19,0.000523917784448713
"1566",2016-05-20,0.000524265691637993
"1567",2016-05-23,0.000524265691637993
"1568",2016-05-24,0.000524265691637993
"1569",2016-05-25,0.000524265691637993
"1570",2016-05-27,0.000523917784448713
"1571",2016-05-30,0.000524265691637993
"1572",2016-05-31,0.000523917784448713
"1573",2016-06-01,0.000523917784448713
"1574",2016-06-02,0.000523917784448713
"1575",2016-06-03,0.000523917784448713
"1576",2016-06-06,0.000523569819051772
"1577",2016-06-07,0.000523569819051772
"1578",2016-06-08,0.000523221853654832
"1579",2016-06-09,0.000524265691637993
"1580",2016-06-10,0.000524265691637993
"1581",2016-06-13,0.000524265691637993
"1582",2016-06-14,0.000524265691637993
"1583",2016-06-15,0.000524265691637993
"1584",2016-06-16,0.000524265691637993
"1585",2016-06-17,0.000524265691637993
"1586",2016-06-20,0.000523917784448713
"1587",2016-06-21,0.000523917784448713
"1588",2016-06-22,0.000524265691637993
"1589",2016-06-23,0.000524265691637993
"1590",2016-06-24,0.000523917784448713
"1591",2016-06-27,0.000523917784448713
"1592",2016-06-28,0.000524265691637993
"1593",2016-06-29,0.000523917784448713
"1594",2016-06-30,0.000523917784448713
"1595",2016-07-01,0.000524265691637993
"1596",2016-07-04,0.000524265691637993
"1597",2016-07-05,0.000524265691637993
"1598",2016-07-06,0.000523917784448713
"1599",2016-07-07,0.000523917784448713
"1600",2016-07-08,0.000524265691637993
"1601",2016-07-11,0.000523917784448713
"1602",2016-07-12,0.000523917784448713
"1603",2016-07-13,0.000523917784448713
"1604",2016-07-14,0.000523917784448713
"1605",2016-07-15,0.000523917784448713
"1606",2016-07-18,0.000523917784448713
"1607",2016-07-19,0.000523917784448713
"1608",2016-07-20,0.000523917784448713
"1609",2016-07-21,0.000524265691637993
"1610",2016-07-22,0.000524613598827273
"1611",2016-07-25,0.000524613598827273
"1612",2016-07-26,0.000524961447808892
"1613",2016-07-27,0.000524613598827273
"1614",2016-07-28,0.000524613598827273
"1615",2016-07-29,0.000524613598827273
"1616",2016-08-01,0.000524265691637993
"1617",2016-08-02,0.000524265691637993
"1618",2016-08-03,0.000524265691637993
"1619",2016-08-04,0.000524265691637993
"1620",2016-08-05,0.000524265691637993
"1621",2016-08-08,0.000524265691637993
"1622",2016-08-09,0.000524265691637993
"1623",2016-08-10,0.000524265691637993
"1624",2016-08-11,0.000524265691637993
"1625",2016-08-12,0.000524265691637993
"1626",2016-08-15,0.000524265691637993
"1627",2016-08-16,0.000524265691637993
"1628",2016-08-17,0.000524613598827273
"1629",2016-08-18,0.000524265691637993
"1630",2016-08-19,0.000524265691637993
"1631",2016-08-22,0.000524265691637993
"1632",2016-08-23,0.000524265691637993
"1633",2016-08-24,0.000524265691637993
"1634",2016-08-25,0.000524265691637993
"1635",2016-08-26,0.000524265691637993
"1636",2016-08-29,0.000524265691637993
"1637",2016-08-30,0.000524265691637993
"1638",2016-08-31,0.000524265691637993
"1639",2016-09-01,0.000524613598827273
"1640",2016-09-02,0.000524613598827273
"1641",2016-09-05,0.000524613598827273
"1642",2016-09-06,0.000524265691637993
"1643",2016-09-08,0.000524265691637993
"1644",2016-09-09,0.000524265691637993
"1645",2016-09-12,0.000524265691637993
"1646",2016-09-13,0.000524265691637993
"1647",2016-09-14,0.000524265691637993
"1648",2016-09-15,0.000524265691637993
"1649",2016-09-16,0.000523917784448713
"1650",2016-09-19,0.000523917784448713
"1651",2016-09-20,0.000523569819051772
"1652",2016-09-21,0.000523221853654832
"1653",2016-09-22,0.000522525806445628
"1654",2016-09-23,0.000522177724633366
"1655",2016-09-26,0.000521829584613442
"1656",2016-09-27,0.000521133304573596
"1657",2016-09-28,0.000520436908118427
"1658",2016-09-29,0.000520785106346011
"1659",2016-09-30,0.000520785106346011
"1660",2016-10-03,0.000519740337040275
"1661",2016-10-04,0.000520088593475521
"1662",2016-10-05,0.000519392022397369
"1663",2016-10-06,0.000518695276696235
"1664",2016-10-07,0.000517998414579779
"1665",2016-10-10,0.000517301436048001
"1666",2016-10-11,0.000516604341100901
"1667",2016-10-13,0.00051590712973848
"1668",2016-10-14,0.000514861079864204
"1669",2016-10-17,0.000514861079864204
"1670",2016-10-18,0.000514512357767671
"1671",2016-10-19,0.000513465900439769
"1672",2016-10-20,0.00051590712973848
"1673",2016-10-21,0.000515558465849608
"1674",2016-10-24,0.00051590712973848
"1675",2016-10-25,0.00051590712973848
"1676",2016-10-26,0.00051590712973848
"1677",2016-10-27,0.00051590712973848
"1678",2016-10-28,0.00051590712973848
"1679",2016-10-31,0.00051590712973848
"1680",2016-11-01,0.000516255793627352
"1681",2016-11-03,0.000514861079864204
"1682",2016-11-04,0.000514861079864204
"1683",2016-11-07,0.000513814738951623
"1684",2016-11-08,0.000513117061927915
"1685",2016-11-09,0.000512768165208399
"1686",2016-11-10,0.000512419210281223
"1687",2016-11-11,0.000512768165208399
"1688",2016-11-14,0.000512768165208399
"1689",2016-11-16,0.000511721300426871
"1690",2016-11-17,0.000511372287292033
"1691",2016-11-18,0.000511023215949535
"1692",2016-11-21,0.000509626697748899
"1693",2016-11-22,0.000508928264025599
"1694",2016-11-23,0.000508229713886976
"1695",2016-11-24,0.000507880351506174
"1696",2016-11-25,0.000507880351506174
"1697",2016-11-28,0.000506832206156105
"1698",2016-11-29,0.000506832206156105
"1699",2016-11-30,0.000506133306771517
"1700",2016-12-01,0.000507181626744568
"1701",2016-12-02,0.000507181626744568
"1702",2016-12-05,0.000506482785567641
"1703",2016-12-06,0.000505783769767731
"1704",2016-12-07,0.000505434232763946
"1705",2016-12-08,0.000504735042341053
"1706",2016-12-09,0.000504735042341053
"1707",2016-12-12,0.000503336312249303
"1708",2016-12-13,0.000502986600622535
"1709",2016-12-14,0.000502287002746016
"1710",2016-12-15,0.000501937116496265
"1711",2016-12-16,0.000501237343996763
"1712",2016-12-19,0.00050053745508194
"1713",2016-12-20,0.000500187452416867
"1714",2016-12-21,0.000498787150718272
"1715",2016-12-22,0.000498436973430216
"1716",2016-12-23,0.000498436973430216
"1717",2016-12-26,0.000497736560646445
"1718",2016-12-27,0.000497386325150728
"1719",2016-12-28,0.000496335385832936
"1720",2016-12-29,0.000495634623803198
